query_symbol,matched_symbol,entrez_id,mapping_status,direction
PPP1R1B,PPP1R1B,84152,mapped,UP
H19,H19,283120,mapped,UP
S100A1,S100A1,6271,mapped,UP
CNN2,CNN2,1265,mapped,UP
IGF2,IGF2,3481,mapped,UP
NAV1,NAV1,89796,mapped,UP
SPON2,SPON2,10417,mapped,UP
EGFR,EGFR,1956,mapped,UP
PNMT,PNMT,5409,mapped,UP
CALML5,CALML5,51806,mapped,UP
CLCA2,CLCA2,9635,mapped,UP
KCNK3,KCNK3,3777,mapped,UP
TIMP2,TIMP2,7077,mapped,UP
CLDN9,CLDN9,9080,mapped,UP
NKAIN1,NKAIN1,79570,mapped,UP
SEPTIN3,SEPTIN3,55964,mapped,UP
DYSF,DYSF,8291,mapped,UP
ITGAL,ITGAL,3683,mapped,UP
GYG2,GYG2,8908,mapped,UP
ASS1,ASS1,445,mapped,UP
ELFN2,ELFN2,114794,mapped,UP
TMPRSS4,TMPRSS4,56649,mapped,UP
FCGRT,FCGRT,2217,mapped,UP
AQP3,AQP3,360,mapped,UP
ARHGAP23,ARHGAP23,57636,mapped,UP
COL18A1,COL18A1,80781,mapped,UP
LMTK3,LMTK3,114783,mapped,UP
SLC44A4,SLC44A4,80736,mapped,UP
PLXND1,PLXND1,23129,mapped,UP
AMBP,AMBP,259,mapped,UP
ONECUT2,ONECUT2,9480,mapped,UP
LINGO1,LINGO1,84894,mapped,UP
FGD5,FGD5,152273,mapped,UP
PPM1E,PPM1E,22843,mapped,UP
CLIC3,CLIC3,9022,mapped,UP
EHBP1L1,EHBP1L1,254102,mapped,UP
KCNMA1,KCNMA1,3778,mapped,UP
RIMS3,RIMS3,9783,mapped,UP
RDH10,RDH10,157506,mapped,UP
COL4A2,COL4A2,1284,mapped,UP
MMD,MMD,23531,mapped,UP
SLC39A4,SLC39A4,55630,mapped,UP
DNAJC22,DNAJC22,79962,mapped,UP
F12,F12,2161,mapped,UP
S100P,S100P,6286,mapped,UP
BRSK2,BRSK2,9024,mapped,UP
BACE2,BACE2,25825,mapped,UP
CRLF1,CRLF1,9244,mapped,UP
RNF152,RNF152,220441,mapped,UP
MGAT4A,MGAT4A,11320,mapped,UP
LIMD2,LIMD2,80774,mapped,UP
CADPS2,CADPS2,93664,mapped,UP
PLK2,PLK2,10769,mapped,UP
PTGES,PTGES,9536,mapped,UP
ADORA1,ADORA1,134,mapped,UP
KCND3,KCND3,3752,mapped,UP
MDFI,MDFI,4188,mapped,UP
GALNT14,GALNT14,79623,mapped,UP
AKR1B10,AKR1B10,57016,mapped,UP
TNS4,TNS4,84951,mapped,UP
RALGAPA2,RALGAPA2,57186,mapped,UP
MST1R,MST1R,4486,mapped,UP
FAM83A,,,not_found,UP
RUNX3,RUNX3,864,mapped,UP
ADA,ADA,100,mapped,UP
TRIB2,TRIB2,28951,mapped,UP
B3GAT1,B3GAT1,27087,mapped,UP
SH3TC1,SH3TC1,54436,mapped,UP
CEL,CEL,1056,mapped,UP
DGAT2,DGAT2,84649,mapped,UP
SPRY4,SPRY4,81848,mapped,UP
ST3GAL5,ST3GAL5,8869,mapped,UP
MUC5AC,MUC5AC,4586,mapped,UP
MROH6,MROH6,642475,mapped,UP
TBX10,TBX10,347853,mapped,UP
SYNM,SYNM,23336,mapped,UP
CPD,CPD,1362,mapped,UP
ENC1,ENC1,8507,mapped,UP
RASSF3,RASSF3,283349,mapped,UP
S100A13,S100A13,6284,mapped,UP
TENT5A,TENT5A,55603,mapped,UP
LRP1,LRP1,4035,mapped,UP
LRTM2,LRTM2,654429,mapped,UP
TENT5C,TENT5C,54855,mapped,UP
PODXL,PODXL,5420,mapped,UP
TBX1,TBX1,6899,mapped,UP
NKD1,NKD1,85407,mapped,UP
MEIS3,MEIS3,56917,mapped,UP
SLC45A3,SLC45A3,85414,mapped,UP
SLC16A3,SLC16A3,9123,mapped,UP
CEACAM5,CEACAM5,1048,mapped,UP
HAR1A,HAR1A,,no_entrez_id,UP
HAR1A,HAR1A,768096,mapped,UP
LMO7,LMO7,4008,mapped,UP
ITSN1,ITSN1,6453,mapped,UP
CXCL17,CXCL17,284340,mapped,UP
ARHGEF4,ARHGEF4,50649,mapped,UP
RAB36,RAB36,9609,mapped,UP
DTX1,DTX1,1840,mapped,UP
GUCY1A2,GUCY1A2,2977,mapped,UP
B4GALNT2,B4GALNT2,124872,mapped,UP
DUSP4,DUSP4,1846,mapped,UP
CADM1,CADM1,23705,mapped,UP
ABHD8,ABHD8,79575,mapped,UP
MARCKS,MARCKS,4082,mapped,UP
OPHN1,OPHN1,4983,mapped,UP
GALNT12,GALNT12,79695,mapped,UP
ABCG1,ABCG1,9619,mapped,UP
SIX2,SIX2,10736,mapped,UP
TNFRSF19,TNFRSF19,55504,mapped,UP
FUT3,FUT3,2525,mapped,UP
ITGA5,ITGA5,3678,mapped,UP
ADM2,ADM2,79924,mapped,UP
LAMC1,LAMC1,3915,mapped,UP
RCOR2,RCOR2,283248,mapped,UP
TMEM33,TMEM33,55161,mapped,UP
EPB41L2,EPB41L2,2037,mapped,UP
SERPINA5,SERPINA5,5104,mapped,UP
P2RY6,P2RY6,5031,mapped,UP
MAN1C1,MAN1C1,57134,mapped,UP
COL4A1,COL4A1,1282,mapped,UP
SUSD2,SUSD2,56241,mapped,UP
CDKL5,CDKL5,6792,mapped,UP
ZNF532,ZNF532,55205,mapped,UP
ASPH,ASPH,444,mapped,UP
RFLNA,RFLNA,144347,mapped,UP
NAV2,NAV2,89797,mapped,UP
RTN2,RTN2,6253,mapped,UP
LAMC2,LAMC2,3918,mapped,UP
ATP2B4,ATP2B4,493,mapped,UP
PSME4,PSME4,23198,mapped,UP
PARP8,PARP8,79668,mapped,UP
LMO3,LMO3,55885,mapped,UP
LPGAT1,LPGAT1,9926,mapped,UP
CD24,CD24,100133941,mapped,UP
CXCR4,CXCR4,7852,mapped,UP
ARHGAP45,ARHGAP45,23526,mapped,UP
ITGA6,ITGA6,3655,mapped,UP
HSP90B1,HSP90B1,7184,mapped,UP
EPAS1,EPAS1,2034,mapped,UP
TMEM131,TMEM131,23505,mapped,UP
FIBCD1,FIBCD1,84929,mapped,UP
NANOS1,NANOS1,340719,mapped,UP
LIMCH1,LIMCH1,22998,mapped,UP
DOK6,DOK6,220164,mapped,UP
APCDD1,APCDD1,147495,mapped,UP
TMCC3,TMCC3,57458,mapped,UP
DAPK1,DAPK1,1612,mapped,UP
ASCC3,ASCC3,10973,mapped,UP
NBEA,NBEA,26960,mapped,UP
GPX2,GPX2,2877,mapped,UP
CRIP1,CRIP1,1396,mapped,DOWN
MUCL1,MUCL1,118430,mapped,DOWN
HSPB8,HSPB8,26353,mapped,DOWN
MGP,MGP,4256,mapped,DOWN
TACSTD2,TACSTD2,4070,mapped,DOWN
MAPT,MAPT,4137,mapped,DOWN
PDLIM3,PDLIM3,27295,mapped,DOWN
PALLD,PALLD,23022,mapped,DOWN
AK4,AK4,205,mapped,DOWN
NPR3,NPR3,4883,mapped,DOWN
TUBA1A,TUBA1A,7846,mapped,DOWN
PLAAT3,PLAAT3,11145,mapped,DOWN
GATA3,GATA3,2625,mapped,DOWN
SYBU,SYBU,55638,mapped,DOWN
COL12A1,COL12A1,1303,mapped,DOWN
FSTL1,FSTL1,11167,mapped,DOWN
S100A10,S100A10,6281,mapped,DOWN
STC2,STC2,8614,mapped,DOWN
MAGED4,MAGED4,728239,mapped,DOWN
GPR68,GPR68,8111,mapped,DOWN
HSD17B8,HSD17B8,7923,mapped,DOWN
ZFAS1,ZFAS1,441951,mapped,DOWN
CA12,CA12,771,mapped,DOWN
SOX15,SOX15,6665,mapped,DOWN
PKP1,PKP1,5317,mapped,DOWN
CMTM3,CMTM3,123920,mapped,DOWN
FRAS1,FRAS1,80144,mapped,DOWN
ARSJ,ARSJ,79642,mapped,DOWN
SIAH2,SIAH2,6478,mapped,DOWN
NCR3LG1,NCR3LG1,374383,mapped,DOWN
RPL12,RPL12,6136,mapped,DOWN
IFITM3,IFITM3,10410,mapped,DOWN
RBP1,RBP1,5947,mapped,DOWN
GFRA1,GFRA1,2674,mapped,DOWN
TCN1,TCN1,6947,mapped,DOWN
CDKN2A,CDKN2A,1029,mapped,DOWN
RPS2P5,RPS2P5,100130562,mapped,DOWN
NRSN2,NRSN2,80023,mapped,DOWN
ARHGDIB,ARHGDIB,397,mapped,DOWN
SNRPN,SNRPN,6638,mapped,DOWN
MAT1A,MAT1A,4143,mapped,DOWN
RPS2,RPS2,6187,mapped,DOWN
UQCC1,UQCC1,55245,mapped,DOWN
ITPK1,ITPK1,3705,mapped,DOWN
INSYN1,INSYN1,388135,mapped,DOWN
TCEA3,TCEA3,6920,mapped,DOWN
SALL2,SALL2,6297,mapped,DOWN
FAM20C,FAM20C,56975,mapped,DOWN
OAS3,OAS3,4940,mapped,DOWN
ARHGEF37,ARHGEF37,389337,mapped,DOWN
MTCO1P12,MTCO1P12,107075141,mapped,DOWN
SLC40A1,SLC40A1,30061,mapped,DOWN
NLE1,NLE1,54475,mapped,DOWN
CD44,CD44,960,mapped,DOWN
FBXO32,FBXO32,114907,mapped,DOWN
MAP1LC3A,MAP1LC3A,84557,mapped,DOWN
RPL27A,RPL27A,6157,mapped,DOWN
GAS5,GAS5,60674,mapped,DOWN
RPS29,RPS29,6235,mapped,DOWN
RPL15,RPL15,6138,mapped,DOWN
SNHG32,SNHG32,50854,mapped,DOWN
SDC2,SDC2,6383,mapped,DOWN
JMJD7,JMJD7,100137047,mapped,DOWN
IGSF21,IGSF21,84966,mapped,DOWN
VIM,VIM,7431,mapped,DOWN
ADRA2A,ADRA2A,150,mapped,DOWN
ASB13,ASB13,79754,mapped,DOWN
COLEC12,COLEC12,81035,mapped,DOWN
SCCPDH,SCCPDH,51097,mapped,DOWN
PTGR1,PTGR1,22949,mapped,DOWN
DEGS2,DEGS2,123099,mapped,DOWN
MT-CO1,MT-CO1,4512,mapped,DOWN
TARP,TARP,445347,mapped,DOWN
SNHG8,SNHG8,,no_entrez_id,DOWN
SNHG8,SNHG8,100093630,mapped,DOWN
BTG2,BTG2,7832,mapped,DOWN
RPS12,RPS12,6206,mapped,DOWN
RPS3A,RPS3A,6189,mapped,DOWN
EEIG1,EEIG1,399665,mapped,DOWN
RPLP1,RPLP1,6176,mapped,DOWN
SPATA20,SPATA20,64847,mapped,DOWN
MT-CYB,MT-CYB,4519,mapped,DOWN
TRMT61A,TRMT61A,115708,mapped,DOWN
NPY1R,NPY1R,4886,mapped,DOWN
TUBB6,TUBB6,84617,mapped,DOWN
MT-RNR1,MT-RNR1,4549,mapped,DOWN
GOT1,GOT1,2805,mapped,DOWN
SNHG14,SNHG14,,no_entrez_id,DOWN
SNHG14,SNHG14,104472715,mapped,DOWN
CACNG4,CACNG4,27092,mapped,DOWN
RPL37A,RPL37A,6168,mapped,DOWN
RPL32,RPL32,6161,mapped,DOWN
C1ORF226,C1ORF226,400793,mapped,DOWN
FAM117A,FAM117A,81558,mapped,DOWN
GRHPR,GRHPR,9380,mapped,DOWN
TM4SF1,TM4SF1,4071,mapped,DOWN
EIF3F,EIF3F,8665,mapped,DOWN
ZDHHC8,ZDHHC8,29801,mapped,DOWN
RPLP0,RPLP0,6175,mapped,DOWN
NCAM2,NCAM2,4685,mapped,DOWN
BBS1,BBS1,582,mapped,DOWN
TESK2,TESK2,10420,mapped,DOWN
NOB1,NOB1,28987,mapped,DOWN
EIF6,EIF6,3692,mapped,DOWN
RPL13A,RPL13A,23521,mapped,DOWN
RPL7A,RPL7A,6130,mapped,DOWN
ANXA2,ANXA2,302,mapped,DOWN
SARM1,SARM1,23098,mapped,DOWN
CCNB1IP1,CCNB1IP1,57820,mapped,DOWN
IGFBP5,IGFBP5,3488,mapped,DOWN
ALDH4A1,ALDH4A1,8659,mapped,DOWN
MYC,MYC,4609,mapped,DOWN
PDLIM1,PDLIM1,9124,mapped,DOWN
ZNFX1,ZNFX1,57169,mapped,DOWN
MT-CO3,MT-CO3,4514,mapped,DOWN
AFF3,AFF3,3899,mapped,DOWN
IGFBP2,IGFBP2,3485,mapped,DOWN
DHRS2,DHRS2,10202,mapped,DOWN
ATP8B2,ATP8B2,57198,mapped,DOWN
ACAD9,ACAD9,28976,mapped,DOWN
DCTN3,DCTN3,11258,mapped,DOWN
TRAPPC6A,TRAPPC6A,79090,mapped,DOWN
MB,MB,4151,mapped,DOWN
CYP1A1,CYP1A1,1543,mapped,DOWN
OAT,OAT,4942,mapped,DOWN
NRK,NRK,203447,mapped,DOWN
UGT1A6,UGT1A6,54578,mapped,DOWN
OLFM1,OLFM1,10439,mapped,DOWN
GATD1,GATD1,347862,mapped,DOWN
IFT46,IFT46,56912,mapped,DOWN
ALDH3B2,ALDH3B2,222,mapped,DOWN
UAP1L1,UAP1L1,91373,mapped,DOWN
LINC00847,LINC00847,729678,mapped,DOWN
ATG16L2,ATG16L2,89849,mapped,DOWN
RPS13,RPS13,6207,mapped,DOWN
RPS17,RPS17,6218,mapped,DOWN
GPRC5A,GPRC5A,9052,mapped,DOWN
TMEM141,TMEM141,85014,mapped,DOWN
NHERF1,NHERF1,9368,mapped,DOWN
NME2,NME2,4831,mapped,DOWN
AP2M1,AP2M1,1173,mapped,DOWN
CALHM2,CALHM2,51063,mapped,DOWN
RPS21,RPS21,6227,mapped,DOWN
BCL2,BCL2,596,mapped,DOWN
PRKAR1B,PRKAR1B,5575,mapped,DOWN
RBCK1,RBCK1,10616,mapped,DOWN
CARD19,CARD19,84270,mapped,DOWN
EEF1G,EEF1G,1937,mapped,DOWN
BRINP2,BRINP2,57795,mapped,DOWN
COG4,COG4,25839,mapped,DOWN
IGFBP4,IGFBP4,3487,mapped,DOWN
MYL6,MYL6,4637,mapped,DOWN
