pubchem_cid,canonical_smiles,isomeric_smiles,inchikey,molecular_formula
10219,CCC1CN2CCC3=CC(=C(C=C3C2CC1CC4C5=CC(=C(C=C5CCN4)OC)OC)OC)OC,CC[C@H]1CN2CCC3=CC(=C(C=C3[C@@H]2C[C@@H]1C[C@@H]4C5=CC(=C(C=C5CCN4)OC)OC)OC)OC,AUVVAXYIELKVAI-CKBKHPSWSA-N,C29H40N2O4
11326715,CC(COC1=CC=C(C=C1)C#N)(C(=O)NC2=CC(=C(C=C2)C#N)C(F)(F)F)O,C[C@](COC1=CC=C(C=C1)C#N)(C(=O)NC2=CC(=C(C=C2)C#N)C(F)(F)F)O,JNGVJMBLXIUVRD-SFHVURJKSA-N,C19H14F3N3O3
11676786,CC1=C(C=C(C=C1)NC(=O)C2=CC(=CC=C2)C(C)(C)C#N)NC3=CC4=C(C=C3)N=CN(C4=O)C,CC1=C(C=C(C=C1)NC(=O)C2=CC(=CC=C2)C(C)(C)C#N)NC3=CC4=C(C=C3)N=CN(C4=O)C,ZGBGPEDJXCYQPH-UHFFFAOYSA-N,C27H25N5O2
1206243,C1=CC(=CC=C1C=C2C(=O)N=C(S2)N)O,C1=CC(=CC=C1/C=C\2/C(=O)N=C(S2)N)O,YBHQCJILTOVLHD-YVMONPNESA-N,C10H8N2O2S
122077,C1=CC=C2C(=C1)C=C(N2CC(=O)O)C(=O)NC3=NC(=CS3)C4=CC=CC=C4Cl,C1=CC=C2C(=C1)C=C(N2CC(=O)O)C(=O)NC3=NC(=CS3)C4=CC=CC=C4Cl,ILNRQFBVVQUOLP-UHFFFAOYSA-N,C20H14ClN3O3S
122272,CC1=C(ON=C1C)NS(=O)(=O)C2=CC=CC3=C2C=CC=C3N(C)C,CC1=C(ON=C1C)NS(=O)(=O)C2=CC=CC3=C2C=CC=C3N(C)C,MJRGSRRZKSJHOE-UHFFFAOYSA-N,C17H19N3O3S
127861,C1=CC=C(C=C1)C2=C(OC(=N2)C3=C(OC=N3)C4=CC(=CC=C4)OCC(=O)O)C5=CC=CC=C5,C1=CC=C(C=C1)C2=C(OC(=N2)C3=C(OC=N3)C4=CC(=CC=C4)OCC(=O)O)C5=CC=CC=C5,DSRSEEYZGWTODH-UHFFFAOYSA-N,C26H18N2O5
128018,CN(C)CCCC1=C(C=CC(=C1)C(=O)NC2=CC=C(C=C2)C3=CC=NC=C3)O,CN(C)CCCC1=C(C=CC(=C1)C(=O)NC2=CC=C(C=C2)C3=CC=NC=C3)O,ZAGAUUVCYGSPBP-UHFFFAOYSA-N,C23H25N3O2
131682,CC(C(=O)N)NCC1=CC=C(C=C1)OCC2=CC(=CC=C2)F,C[C@@H](C(=O)N)NCC1=CC=C(C=C1)OCC2=CC(=CC=C2)F,NEMGRZFTLSKBAP-LBPRGKRZSA-N,C17H19FN2O2
145659,COC1=C(C=C(C=C1)C2=CC(=O)C3=C(C(=C(C=C3O2)OC)OC)OC)OC,COC1=C(C=C(C=C1)C2=CC(=O)C3=C(C(=C(C=C3O2)OC)OC)OC)OC,LKMNXYDUQXAUCZ-UHFFFAOYSA-N,C20H20O7
163110884,CCCCCCCCCCCCCCCCC(=O)NC(COC1C(C(C(C(O1)CO)OC2C(C(C(C(O2)CO)O)OC3(CC(C(C(O3)C(C(CO)OC)O)NC(=O)CO)O)C(=O)O)O)O)O)C(C=CCCCCCCCCCCC(C)C)O,CCCCCCCCCCCCCCCCC(=O)NC(CO[C@H]1[C@@H]([C@H]([C@@H]([C@H](O1)CO)O[C@@H]2[C@@H]([C@H]([C@H]([C@H](O2)CO)O)O[C@@]3(C[C@@H]([C@H]([C@@H](O3)[C@H]([C@@H](CO)OC)O)NC(=O)CO)O)C(=O)O)O)O)O)C(/C=C/CCCCCCCCCCC(C)C)O,LRIWIMRDAMRUIA-GZLXYUMQSA-N,C59H108N2O22
16490,CC1CC2C3CC(C4=CC(=O)C=CC4(C3(C(CC2(C1(C(=O)CO)O)C)O)F)C)F,C[C@@H]1C[C@H]2[C@@H]3C[C@@H](C4=CC(=O)C=C[C@@]4([C@]3([C@H](C[C@@]2([C@]1(C(=O)CO)O)C)O)F)C)F,WXURHACBFYSXBI-GQKYHHCASA-N,C22H28F2O5
1775,C1=CC=C(C=C1)C2(C(=O)NC(=O)N2)C3=CC=CC=C3,C1=CC=C(C=C1)C2(C(=O)NC(=O)N2)C3=CC=CC=C3,CXOFVDLJLONNDW-UHFFFAOYSA-N,C15H12N2O2
19003,CC1(C(N2C(S1)C(C2=O)NC(=O)C3(CCCCC3)N)C(=O)O)C,CC1([C@@H](N2[C@H](S1)[C@@H](C2=O)NC(=O)C3(CCCCC3)N)C(=O)O)C,HGBLNBBNRORJKI-WCABBAIRSA-N,C15H23N3O4S
2018,CC(=O)NC1=CC=C(C=C1)CC(=O)O,CC(=O)NC1=CC=C(C=C1)CC(=O)O,MROJXXOCABQVEF-UHFFFAOYSA-N,C10H11NO3
20469,CC1CC2C3CCC4=CC(=O)C=CC4(C3(C(CC2(C1(C(=O)CO)O)C)O)Cl)C,C[C@H]1C[C@H]2[C@@H]3CCC4=CC(=O)C=C[C@@]4([C@]3([C@H](C[C@@]2([C@]1(C(=O)CO)O)C)O)Cl)C,NBMKJKDGKREAPL-DVTGEIKXSA-N,C22H29ClO5
216239,CNC(=O)C1=NC=CC(=C1)OC2=CC=C(C=C2)NC(=O)NC3=CC(=C(C=C3)Cl)C(F)(F)F,CNC(=O)C1=NC=CC(=C1)OC2=CC=C(C=C2)NC(=O)NC3=CC(=C(C=C3)Cl)C(F)(F)F,MLDQJTXFUGDVEO-UHFFFAOYSA-N,C21H16ClF3N4O3
221493,CC(CCC(=O)O)C1CCC2C1(C(CC3C2C(CC4C3(CCC(C4)O)C)O)O)C,C[C@H](CCC(=O)O)[C@H]1CC[C@@H]2[C@@]1([C@H](C[C@H]3[C@H]2[C@@H](C[C@H]4[C@@]3(CC[C@H](C4)O)C)O)O)C,BHQCQFFYRZLCQQ-OELDTZBJSA-N,C24H40O5
23725,CC1=CC(=C(C2=C1C(=O)OC3=C(O2)C(=CC(=C3C)OC)C(=O)O)C=O)O,CC1=CC(=C(C2=C1C(=O)OC3=C(O2)C(=CC(=C3C)OC)C(=O)O)C=O)O,FUCWJKJZOHOLEO-UHFFFAOYSA-N,C18H14O8
24768935,CCS(=O)(=O)NC1CC2(C3C(C1(O2)C)C(=O)N(C3=O)C4=CC(=C(C=C4)C#N)C(F)(F)F)C,CCS(=O)(=O)N[C@@H]1C[C@@]2([C@@H]3[C@H]([C@]1(O2)C)C(=O)N(C3=O)C4=CC(=C(C=C4)C#N)C(F)(F)F)C,HYNANJUKEMCYEQ-HIGHGGLBSA-N,C20H20F3N3O5S
25021165,C1CN(CCC1C(C2=CC3=C(C=C2)OCO3)(C4=CC5=C(C=C4)OCO5)O)C(=O)OC6=CC=C(C=C6)[N+](=O)[O-],C1CN(CCC1C(C2=CC3=C(C=C2)OCO3)(C4=CC5=C(C=C4)OCO5)O)C(=O)OC6=CC=C(C=C6)[N+](=O)[O-],SEGYOKHGGFKMCX-UHFFFAOYSA-N,C27H24N2O9
2520,CC(C)C(CCCN(C)CCC1=CC(=C(C=C1)OC)OC)(C#N)C2=CC(=C(C=C2)OC)OC,CC(C)C(CCCN(C)CCC1=CC(=C(C=C1)OC)OC)(C#N)C2=CC(=C(C=C2)OC)OC,SGTNSNPWRIOYBX-UHFFFAOYSA-N,C27H38N2O4
25226117,CC(C)S(=O)(=O)C1=CC=CC=C1NC2=NC(=NC(=C2Cl)N)NC3=C(C=C(C=C3)N4CCC(CC4)C(=O)N)OC,CC(C)S(=O)(=O)C1=CC=CC=C1NC2=NC(=NC(=C2Cl)N)NC3=C(C=C(C=C3)N4CCC(CC4)C(=O)N)OC,IMEGLYUXMGWVQA-UHFFFAOYSA-N,C26H32ClN7O4S
2581,CC(C1=CC2=C(C=C1)C3=C(N2)C=CC(=C3)Cl)C(=O)O,CC(C1=CC2=C(C=C1)C3=C(N2)C=CC(=C3)Cl)C(=O)O,PUXBGTOOZJQSKH-UHFFFAOYSA-N,C15H12ClNO2
27812,CCC12C=CC3=C4CCC(=O)C=C4CCC3C1CCC2(C#C)O,CC[C@]12C=CC3=C4CCC(=O)C=C4CC[C@H]3[C@@H]1CC[C@]2(C#C)O,BJJXHLWLUDYTGC-ANULTFPQSA-N,C21H24O2
2796,CCOC(=O)C(C)(C)OC1=CC=C(C=C1)Cl,CCOC(=O)C(C)(C)OC1=CC=C(C=C1)Cl,KNHUKKLJHYUCFP-UHFFFAOYSA-N,C12H15ClO3
28417,CC12CCC3C(C1CCC2(C#C)O)CCC4=CC5=C(CC34C)C=NO5,C[C@]12CC[C@H]3[C@H]([C@@H]1CC[C@]2(C#C)O)CCC4=CC5=C(C[C@]34C)C=NO5,POZRVZJJTULAOH-LHZXLZLDSA-N,C22H27NO2
2921148,CC1=C(C=C(C=C1)[N+](=O)[O-])S(=O)(=O)N(C)C,CC1=C(C=C(C=C1)[N+](=O)[O-])S(=O)(=O)N(C)C,IFIUFCJFLGCQPH-UHFFFAOYSA-N,C9H12N2O4S
2972,CC1=C(C(=O)C=CN1C)O,CC1=C(C(=O)C=CN1C)O,TZXKOCQBRNJULO-UHFFFAOYSA-N,C7H9NO2
3016,CN1C(=O)CN=C(C2=C1C=CC(=C2)Cl)C3=CC=CC=C3,CN1C(=O)CN=C(C2=C1C=CC(=C2)Cl)C3=CC=CC=C3,AAOVKJBEBIDNHE-UHFFFAOYSA-N,C16H13ClN2O
3034012,C1=CC(=C(C=C1Cl)Cl)C(=CN2C=NC=N2)Cl,C1=CC(=C(C=C1Cl)Cl)/C(=C/N2C=NC=N2)/Cl,XGLHZTBDUXXHOM-WMZJFQQLSA-N,C10H6Cl3N3
3058754,COC1=C(C=C(C=C1)C2=CC(=NN2C3=CC=C(C=C3)S(=O)(=O)N)C(F)F)F,COC1=C(C=C(C=C1)C2=CC(=NN2C3=CC=C(C=C3)S(=O)(=O)N)C(F)F)F,WAZQAZKAZLXFMK-UHFFFAOYSA-N,C17H14F3N3O3S
3071,C1=CC=C2C(=C1)C(=CN2)CC3=CNC4=CC=CC=C43,C1=CC=C2C(=C1)C(=CN2)CC3=CNC4=CC=CC=C43,VFTRKSBEFQDZKX-UHFFFAOYSA-N,C17H14N2
3121,CCCC(CCC)C(=O)O,CCCC(CCC)C(=O)O,NIJJYAXOARWZEE-UHFFFAOYSA-N,C8H16O2
3218,CCCCCCCCCCCC1=C(C(=O)C=C(C1=O)O)O,CCCCCCCCCCCC1=C(C(=O)C=C(C1=O)O)O,IRSFLDGTOHBADP-UHFFFAOYSA-N,C17H26O4
3308,CCC1=C2C(=CC=C1)C3=C(N2)C(OCC3)(CC)CC(=O)O,CCC1=C2C(=CC=C1)C3=C(N2)C(OCC3)(CC)CC(=O)O,NNYBQONXHNTVIJ-UHFFFAOYSA-N,C17H21NO3
3331,C1=CC=C(C=C1)C(COC(=O)N)COC(=O)N,C1=CC=C(C=C1)C(COC(=O)N)COC(=O)N,WKGXYQFOCVYPAC-UHFFFAOYSA-N,C11H14N2O4
3333,CCOC(=O)C1=C(NC(=C(C1C2=C(C(=CC=C2)Cl)Cl)C(=O)OC)C)C,CCOC(=O)C1=C(NC(=C(C1C2=C(C(=CC=C2)Cl)Cl)C(=O)OC)C)C,RZTAMFZIAATZDJ-UHFFFAOYSA-N,C18H19Cl2NO4
3366,C1=NC(=O)NC(=C1F)N,C1=NC(=O)NC(=C1F)N,XRECTZIEBJDKEO-UHFFFAOYSA-N,C4H4FN3O
3373,CCOC(=O)C1=C2CN(C(=O)C3=C(N2C=N1)C=CC(=C3)F)C,CCOC(=O)C1=C2CN(C(=O)C3=C(N2C=N1)C=CC(=C3)F)C,OFBIFZUFASYYRE-UHFFFAOYSA-N,C15H14FN3O3
361510,C1=C(C=C(C2=C1C(=O)C3=C(C2=O)C(=CC(=C3)O)O)O)C(=O)O,C1=C(C=C(C2=C1C(=O)C3=C(C2=O)C(=CC(=C3)O)O)O)C(=O)O,ZJXVNNSMRGTDBI-UHFFFAOYSA-N,C15H8O7
3676,CCN(CC)CC(=O)NC1=C(C=CC=C1C)C,CCN(CC)CC(=O)NC1=C(C=CC=C1C)C,NNJVILVZKWQKPM-UHFFFAOYSA-N,C14H22N2O
3721046,C1=C(C(=CC2=C1NC(=O)C(=O)N2)[N+](=O)[O-])C#N,C1=C(C(=CC2=C1NC(=O)C(=O)N2)[N+](=O)[O-])C#N,RPXVIAFEQBNEAX-UHFFFAOYSA-N,C9H4N4O4
38409,C1=CSC(=C1)C(=O)C2=C(C(=C(C=C2)OCC(=O)O)Cl)Cl,C1=CSC(=C1)C(=O)C2=C(C(=C(C=C2)OCC(=O)O)Cl)Cl,AGHANLSBXUWXTB-UHFFFAOYSA-N,C13H8Cl2O4S
3925,CC[N+](CC)(CC)CC(=O)NC1=C(C=CC=C1C)C,CC[N+](CC)(CC)CC(=O)NC1=C(C=CC=C1C)C,PYEBKOFMWAMBFV-UHFFFAOYSA-O,C16H27N2O+
4097,CC[N+](C)(CC)CCOC(=O)C1C2=CC=CC=C2OC3=CC=CC=C13,CC[N+](C)(CC)CCOC(=O)C1C2=CC=CC=C2OC3=CC=CC=C13,GZHFODJQISUKAY-UHFFFAOYSA-N,C21H26NO3+
4100,CC(=O)N=C1N(N=C(S1)S(=O)(=O)N)C,CC(=O)N=C1N(N=C(S1)S(=O)(=O)N)C,FLOSMHQXBMRNHR-UHFFFAOYSA-N,C5H8N4O3S2
4201,C1CCN(CC1)C2=NC(=N)N(C(=C2)N)O,C1CCN(CC1)C2=NC(=N)N(C(=C2)N)O,ZIMGGGWCDYVHOY-UHFFFAOYSA-N,C9H15N5O
42611257,CCCS(=O)(=O)NC1=C(C(=C(C=C1)F)C(=O)C2=CNC3=C2C=C(C=N3)C4=CC=C(C=C4)Cl)F,CCCS(=O)(=O)NC1=C(C(=C(C=C1)F)C(=O)C2=CNC3=C2C=C(C=N3)C4=CC=C(C=C4)Cl)F,GPXBXXGIAQBQNI-UHFFFAOYSA-N,C23H18ClF2N3O3S
4369359,C1CN2C(=NN=C2C(F)(F)F)CN1C(=O)CC(CC3=CC(=C(C=C3F)F)F)N,C1CN2C(=NN=C2C(F)(F)F)CN1C(=O)C[C@@H](CC3=CC(=C(C=C3F)F)F)N,MFFMDFFZMYYVKS-SECBINFHSA-N,C16H15F6N5O
441140,CC1CC(=O)C=C(C12C(=O)C3=C(O2)C(=C(C=C3OC)OC)Cl)OC,C[C@@H]1CC(=O)C=C([C@]12C(=O)C3=C(O2)C(=C(C=C3OC)OC)Cl)OC,DDUHZTYCFQRHIY-RBHXEPJQSA-N,C17H17ClO6
443586,C1=C(C=C(C=C1O)O)C(C(=O)O)N,C1=C(C=C(C=C1O)O)[C@@H](C(=O)O)N,HOOWCUZPEFNHDT-ZETCQYMHSA-N,C8H9NO4
443958,CC(=O)OCC(=O)C12C(CC3C1(CC(C4(C3CCC5=CC(=O)C=CC54C)F)O)C)OC6(O2)CCCC6,CC(=O)OCC(=O)[C@@]12[C@@H](C[C@@H]3[C@@]1(C[C@@H]([C@]4([C@H]3CCC5=CC(=O)C=C[C@@]54C)F)O)C)OC6(O2)CCCC6,ILKJAFIWWBXGDU-MOGDOJJUSA-N,C28H35FO7
444036,CCC(=O)OC1(C(CC2C1(CC(C3(C2CC(C4=CC(=O)C=CC43C)F)F)O)C)C)C(=O)SCF,CCC(=O)O[C@@]1([C@@H](C[C@@H]2[C@@]1(C[C@@H]([C@]3([C@H]2C[C@@H](C4=CC(=O)C=C[C@@]43C)F)F)O)C)C)C(=O)SCF,WMWTYOKRWGGJOA-CENSZEJFSA-N,C25H31F3O5S
445643,CC1CC(C2C(CC(C(O2)(C(=O)C(=O)N3CCCCC3C(=O)OC(C(C(CC(=O)C(C=C(C1)C)CC=C)O)C)C(=CC4CCC(C(C4)OC)O)C)O)C)OC)OC,C[C@@H]1C[C@@H]([C@@H]2[C@H](C[C@H]([C@@](O2)(C(=O)C(=O)N3CCCC[C@H]3C(=O)O[C@@H]([C@@H]([C@H](CC(=O)[C@@H](/C=C(/C1)\C)CC=C)O)C)/C(=C/[C@@H]4CC[C@H]([C@@H](C4)OC)O)/C)O)C)OC)OC,QJJXYPPXXYFBGM-LFZNUXCKSA-N,C44H69NO12
447966,C1=CC=C2C(=C1)C(=CC=N2)C3=C(NN=C3)C4=CC=CC=N4,C1=CC=C2C(=C1)C(=CC=N2)C3=C(NN=C3)C4=CC=CC=N4,IBCXZJCWDGCXQT-UHFFFAOYSA-N,C17H12N4
4485,CC1=C(C(C(=C(N1)C)C(=O)OC)C2=CC=CC=C2[N+](=O)[O-])C(=O)OC,CC1=C(C(C(=C(N1)C)C(=O)OC)C2=CC=CC=C2[N+](=O)[O-])C(=O)OC,HYIMSNHJOBLJNT-UHFFFAOYSA-N,C17H18N2O6
4493,CC1(C(=O)N(C(=O)N1)C2=CC(=C(C=C2)[N+](=O)[O-])C(F)(F)F)C,CC1(C(=O)N(C(=O)N1)C2=CC(=C(C=C2)[N+](=O)[O-])C(F)(F)F)C,XWXYUMMDTVBTOU-UHFFFAOYSA-N,C12H10F3N3O4
44968231,CC1=CC=C(O1)CNC2=NC=NC3=C2C=C(C=C3)C4=CC=C(O4)CO,CC1=CC=C(O1)CNC2=NC=NC3=C2C=C(C=C3)C4=CC=C(O4)CO,ROCFOIBAEVAOLQ-UHFFFAOYSA-N,C19H17N3O3
4679,COC1=C(C(=NC=C1)CS(=O)C2=NC3=C(N2)C=C(C=C3)OC(F)F)OC,COC1=C(C(=NC=C1)CS(=O)C2=NC3=C(N2)C=C(C=C3)OC(F)F)OC,IQPSEEYGBUAQFF-UHFFFAOYSA-N,C16H15F2N3O4S
4770,C1=CC=C(C=C1)CCCOC(=O)N,C1=CC=C(C=C1)CCCOC(=O)N,CAMYKONBWHRPDD-UHFFFAOYSA-N,C10H13NO2
50287,CN=C(NCCSCC1=CSC(=N1)N=C(N)N)NC#N,CN=C(NCCSCC1=CSC(=N1)N=C(N)N)NC#N,YDDXVAXDYKBWDX-UHFFFAOYSA-N,C10H16N8S2
5054,C1=CC(=CC(=C1)O)O,C1=CC(=CC(=C1)O)O,GHMLBKRAJCXXBS-UHFFFAOYSA-N,C6H6O2
51081,CCN1C=C(C(=O)C2=CC(=C(C=C21)N3CCN(CC3)C)F)C(=O)O,CCN1C=C(C(=O)C2=CC(=C(C=C21)N3CCN(CC3)C)F)C(=O)O,FHFYDNQZQSQIAI-UHFFFAOYSA-N,C17H20FN3O3
5277135,CC(C)C(CO)N1C=C(C(=O)C2=C1C=C(C(=C2)CC3=C(C(=CC=C3)Cl)F)OC)C(=O)O,CC(C)[C@@H](CO)N1C=C(C(=O)C2=C1C=C(C(=C2)CC3=C(C(=CC=C3)Cl)F)OC)C(=O)O,JUZYLCPPVHEVSV-LJQANCHMSA-N,C23H23ClFNO5
5280569,C1=CC(=C(C2=C1C=CC(=O)O2)O)O,C1=CC(=C(C2=C1C=CC(=O)O2)O)O,ATEFPOUAMCWAQS-UHFFFAOYSA-N,C9H6O4
5281004,CCCC1OC2CC3C4CCC5=CC(=O)C=CC5(C4C(CC3(C2(O1)C(=O)CO)C)O)C,CCCC1O[C@@H]2C[C@H]3[C@@H]4CCC5=CC(=O)C=C[C@@]5([C@H]4[C@H](C[C@@]3([C@@]2(O1)C(=O)CO)C)O)C,VOVIALXJUBGFJZ-KWVAZRHASA-N,C25H34O6
5281034,CC12CCC3C(C1CCC2(C)O)CCC4C3(CC(=CO)C(=O)C4)C,C[C@]12CC[C@H]3[C@H]([C@@H]1CC[C@]2(C)O)CC[C@@H]4[C@@]3(C/C(=C/O)/C(=O)C4)C,ICMWWNHDUZJFDW-DHODBPELSA-N,C21H32O3
5281081,CCN(CC)C(=O)C(=CC1=CC(=C(C(=C1)O)O)[N+](=O)[O-])C#N,CCN(CC)C(=O)/C(=C/C1=CC(=C(C(=C1)O)O)[N+](=O)[O-])/C#N,JRURYQJSLYLRLN-BJMVGYQFSA-N,C14H15N3O5
5281680,C1=CC(=C(C=C1C2=C(C(=O)C3=C(O2)C=C(C(=C3O)O)O)O)O)O,C1=CC(=C(C=C1C2=C(C(=O)C3=C(O2)C=C(C(=C3O)O)O)O)O)O,ZVOLCUVKHLEPEV-UHFFFAOYSA-N,C15H10O8
5281894,C1=CC=C(C=C1)C2=CC(=O)C3=C(O2)C=C(C=C3)O,C1=CC=C(C=C1)C2=CC(=O)C3=C(O2)C=C(C=C3)O,MQGPSCMMNJKMHQ-UHFFFAOYSA-N,C15H10O3
5282440,C1=CC(=CC=C1CN2C=CN=C2)C=CC(=O)O,C1=CC(=CC=C1CN2C=CN=C2)/C=C/C(=O)O,SHZKQBHERIJWAO-AATRIKPKSA-N,C13H12N2O2
52947716,CCC1CCC2C(C(C(C3(O2)CCC(C(O3)CC(C)O)C)C)OC(=O)C=CC(C(C(C(=O)C(C(C(C(=O)C(C(C(CC=CC=C1)C)O)(C)O)C)O)C)C)O)C)C,CC[C@@H]\1CC[C@H]2[C@H]([C@H]([C@@H]([C@]3(O2)CC[C@@H]([C@@H](O3)C[C@@H](C)O)C)C)OC(=O)/C=C/[C@@H]([C@H]([C@@H](C(=O)[C@@H]([C@H]([C@@H](C(=O)[C@]([C@H]([C@@H](C/C=C/C=C1)C)O)(C)O)C)O)C)C)O)C)C,MNULEGDCPYONBU-AWJDAWNUSA-N,C45H74O11
5311432,CC1=NC(=CC=C1)C=CC2=CC=CC=C2,CC1=NC(=CC=C1)/C=C/C2=CC=CC=C2,SISOFUCTXZKSOQ-ZHACJKMWSA-N,C14H13N
5312557,CCC=CCC=CCC=CCCCCCCCCCCCC(=O)O,CC/C=C\C/C=C\C/C=C\CCCCCCCCCCCC(=O)O,WBBQTNCISCKUMU-PDBXOOCHSA-N,C22H38O2
53276,CCOC(=O)NC1=C(N=C(C=C1)NCC2=CC=C(C=C2)F)N,CCOC(=O)NC1=C(N=C(C=C1)NCC2=CC=C(C=C2)F)N,JUUFBMODXQKSTD-UHFFFAOYSA-N,C15H17FN4O2
5360696,CN1CCC23CCCCC2C1CC4=C3C=C(C=C4)OC,CN1CC[C@@]23CCCC[C@@H]2[C@@H]1CC4=C3C=C(C=C4)OC,MKXZASYAUGDDCJ-NJAFHUGGSA-N,C18H25NO
5462501,CC(C(=O)N1CCCC1C(=O)O)NC(CCC2=CC=CC=C2)C(=O)O,C[C@@H](C(=O)N1CCC[C@H]1C(=O)O)N[C@@H](CCC2=CC=CC=C2)C(=O)O,LZFZMUMEGBBDTC-QEJZJMRPSA-N,C18H24N2O5
54678922,CCCCCCCCCCCCCCCC(=O)C1=C(C(OC1=O)CO)O,CCCCCCCCCCCCCCCC(=O)C1=C([C@H](OC1=O)CO)O,KZTSLHQKWLYYAC-GOSISDBHSA-N,C21H36O5
54682505,C1=CC=C(C=C1)OC2=CC=CC(=C2)C3=C(C4=C(C=C(C=C4)Cl)NC3=O)O,C1=CC=C(C=C1)OC2=CC=CC(=C2)C3=C(C4=C(C=C(C=C4)Cl)NC3=O)O,FLVRDMUHUXVRET-UHFFFAOYSA-N,C21H14ClNO3
5534,C1CCN(C1)CC#CCN2CCCC2,C1CCN(C1)CC#CCN2CCCC2,JSUAJTLKVREZHV-UHFFFAOYSA-N,C12H20N2
5587,CN(C)CCN(CC1=CC=CC=C1)C2=CC=CC=N2,CN(C)CCN(CC1=CC=CC=C1)C2=CC=CC=N2,UFLGIAIHIAPJJC-UHFFFAOYSA-N,C16H21N3
5712,C1=CC=C(C=C1)CN2C3=CC=CC=C3C(=N2)C4=CC=C(O4)CO,C1=CC=C(C=C1)CN2C3=CC=CC=C3C(=N2)C4=CC=C(O4)CO,OQQVFCKUDYMWGV-UHFFFAOYSA-N,C19H16N2O2
5743,CC1CC2C3CCC4=CC(=O)C=CC4(C3(C(CC2(C1(C(=O)CO)O)C)O)F)C,C[C@@H]1C[C@H]2[C@@H]3CCC4=CC(=O)C=C[C@@]4([C@]3([C@H](C[C@@]2([C@]1(C(=O)CO)O)C)O)F)C,UREBDLICKHMUKA-CXSFZGCWSA-N,C22H29FO5
5746,CC1=C(C(=O)C2=C(C1=O)N3CC4C(C3(C2COC(=O)N)OC)N4)N,CC1=C(C(=O)C2=C(C1=O)N3C[C@H]4[C@@H]([C@@]3([C@@H]2COC(=O)N)OC)N4)N,NWIBSHFKIJFRCO-WUDYKRTCSA-N,C15H18N4O5
5770,COC1C(CC2CN3CCC4=C(C3CC2C1C(=O)OC)NC5=C4C=CC(=C5)OC)OC(=O)C6=CC(=C(C(=C6)OC)OC)OC,CO[C@H]1[C@@H](C[C@@H]2CN3CCC4=C([C@H]3C[C@@H]2[C@@H]1C(=O)OC)NC5=C4C=CC(=C5)OC)OC(=O)C6=CC(=C(C(=C6)OC)OC)OC,QEVHRUUCFGRFIF-MDEJGZGSSA-N,C33H40N2O9
5983,CC12CCN(C1N(C3=C2C=C(C=C3)OC(=O)NC)C)C,C[C@@]12CCN([C@@H]1N(C3=C2C=C(C=C3)OC(=O)NC)C)C,PIJVFDBKTWXHHD-HIFRSBDPSA-N,C15H21N3O2
6000,CN1CCC2=CC(=C3C=C2C1CC4=CC=C(C=C4)OC5=C6C(CC7=CC(=C(C=C7)O)O3)[N+](CCC6=CC(=C5O)OC)(C)C)OC,CN1CCC2=CC(=C3C=C2[C@@H]1CC4=CC=C(C=C4)OC5=C6[C@@H](CC7=CC(=C(C=C7)O)O3)[N+](CCC6=CC(=C5O)OC)(C)C)OC,JFJZZMVDLULRGK-URLMMPGGSA-O,C37H41N2O6+
60198,CC12CCC3C(C1CCC2=O)CC(=C)C4=CC(=O)C=CC34C,C[C@]12CC[C@H]3[C@H]([C@@H]1CCC2=O)CC(=C)C4=CC(=O)C=C[C@]34C,BFYIZQONLCFLEV-DAELLWKTSA-N,C20H24O2
6197,CC1CC(C(=O)C(C1)C(CC2CC(=O)NC(=O)C2)O)C,C[C@H]1C[C@@H](C(=O)[C@@H](C1)[C@@H](CC2CC(=O)NC(=O)C2)O)C,YPHMISFOHDHNIV-FSZOTQKASA-N,C15H23NO4
6337614,C1CC2CN(C(=O)C3=CC=CC(=C23)C1)C4CN5CCC4CC5,C1C[C@@H]2CN(C(=O)C3=CC=CC(=C23)C1)[C@@H]4CN5CCC4CC5,CPZBLNMUGSZIPR-NVXWUHKLSA-N,C19H24N2O
64143,CC1=C(C=CC=C1O)C(=O)NC(CSC2=CC=CC=C2)C(CN3CC4CCCCC4CC3C(=O)NC(C)(C)C)O,CC1=C(C=CC=C1O)C(=O)N[C@@H](CSC2=CC=CC=C2)[C@@H](CN3C[C@H]4CCCC[C@H]4C[C@H]3C(=O)NC(C)(C)C)O,QAGYKUNXZHXKMR-HKWSIXNMSA-N,C32H45N3O4S
6419755,C1=CC=C(C=C1)NC2=C(C(=O)NC2=O)C3=CN(C4=CC=CC=C43)CCCN5C=CN=C5,C1=CC=C(C=C1)NC2=C(C(=O)NC2=O)C3=CN(C4=CC=CC=C43)CCCN5C=CN=C5,KIWODJBCHRADND-UHFFFAOYSA-N,C24H21N5O2
6419904,CC1C2C(CC(=C3C(C2OC1=O)C(=CC3=O)C)C)O.O,C[C@H]1[C@@H]2[C@H](CC(=C3C([C@H]2OC1=O)C(=CC3=O)C)C)O.O,ADUHAEBXPKBNDK-JYDSQBQOSA-N,C15H20O5
6436135,CCC(CC)(CC(=O)NC1=CC=CC(=C1)C=CC2=NC(=CS2)C3CCC3)C(=O)O,CCC(CC)(CC(=O)NC1=CC=CC(=C1)/C=C/C2=NC(=CS2)C3CCC3)C(=O)O,BZMKNPGKXJAIDV-VAWYXSNFSA-N,C23H28N2O3S
6436173,CC1C=CC=C(C(=O)NC2=C(C3=C(C4=C(C(=C3O)C)OC(C4=O)(OC=CC(C(C(C(C(C(C1O)C)O)C)OC(=O)C)C)OC)C)C5=C2N6C=CC(=CC6=N5)C)O)C,C[C@H]1/C=C/C=C(\C(=O)NC2=C(C3=C(C4=C(C(=C3O)C)O[C@@](C4=O)(O/C=C/[C@@H]([C@H]([C@H]([C@@H]([C@@H]([C@@H]([C@H]1O)C)O)C)OC(=O)C)C)OC)C)C5=C2N6C=CC(=CC6=N5)C)O)/C,NZCRJKRKKOLAOJ-XRCRFVBUSA-N,C43H51N3O11
65064,C1C(C(OC2=CC(=CC(=C21)O)O)C3=CC(=C(C(=C3)O)O)O)OC(=O)C4=CC(=C(C(=C4)O)O)O,C1[C@H]([C@H](OC2=CC(=CC(=C21)O)O)C3=CC(=C(C(=C3)O)O)O)OC(=O)C4=CC(=C(C(=C4)O)O)O,WMBWREPUVVBILR-WIYYLYMNSA-N,C22H18O11
6539732,C1=CC(=CC(=C1)I)CSC2=NN=C(O2)C3=CC=NC=C3,C1=CC(=CC(=C1)I)CSC2=NN=C(O2)C3=CC=NC=C3,ZRHRPGSSSVYBRG-UHFFFAOYSA-N,C14H10IN3OS
669190,CC(=O)NC1=CC(=CC=C1)NC(=O)C2=CC(=CC=C2)Cl,CC(=O)NC1=CC(=CC=C1)NC(=O)C2=CC(=CC=C2)Cl,XZMOBKLRYXTSSS-UHFFFAOYSA-N,C15H13ClN2O2
68712,C1CC1C(C2CC2)NC3=NCCO3,C1CC1C(C2CC2)NC3=NCCO3,CQXADFVORZEARL-UHFFFAOYSA-N,C10H16N2O
6918140,CCCCCC(CCC1C(CC2C1CC3=C(C2)C(=CC=C3)OCC(=O)O)O)O,CCCCC[C@@H](CC[C@H]1[C@@H](C[C@H]2[C@@H]1CC3=C(C2)C(=CC=C3)OCC(=O)O)O)O,PAJMKGZZBBTTOY-ZFORQUDYSA-N,C23H34O5
91471,C1CCN2CC3CC(C2C1)CN4C3CCCC4=O,C1CCN2C[C@@H]3C[C@H]([C@@H]2C1)CN4[C@@H]3CCCC4=O,JYIJIIVLEOETIQ-XDQVBPFNSA-N,C15H24N2O
91488,CC12CC(C3(C(C1CC(C2(C(=O)CO)O)O)CC(C4=CC(=O)C=CC43C)F)F)O,C[C@]12C[C@@H]([C@]3([C@H]([C@@H]1C[C@H]([C@@]2(C(=O)CO)O)O)C[C@@H](C4=CC(=O)C=C[C@@]43C)F)F)O,UUOUOERPONYGOS-CLCRDYEYSA-N,C21H26F2O6
91769,C1CCN(CC1)CC2=CC(=CC=C2)OCCCNC3=NC4=CC=CC=C4S3,C1CCN(CC1)CC2=CC(=CC=C2)OCCCNC3=NC4=CC=CC=C4S3,KUBONGDXTUOOLM-UHFFFAOYSA-N,C22H27N3OS
9782,CC1CC2C3CCC4=CC(=O)C=CC4(C3(C(CC2(C1(C(=O)CO)O)C)O)F)C,C[C@H]1C[C@H]2[C@@H]3CCC4=CC(=O)C=C[C@@]4([C@]3([C@H](C[C@@]2([C@]1(C(=O)CO)O)C)O)F)C,UREBDLICKHMUKA-DVTGEIKXSA-N,C22H29FO5
9800961,CC(C)C1C2C(CCN2C(=O)C=CCN3CCCCC3)N(C1=O)S(=O)(=O)C,CC(C)[C@H]1[C@H]2[C@@H](CCN2C(=O)/C=C/CN3CCCCC3)N(C1=O)S(=O)(=O)C,NDNKNUMSTIMSHQ-URZKGLGPSA-N,C19H31N3O4S
9903786,C1=CC(=CC=C1C2=CC(=C(S2)NC(=O)N)C(=O)N)F,C1=CC(=CC=C1C2=CC(=C(S2)NC(=O)N)C(=O)N)F,SAYGKHKXGCPTLX-UHFFFAOYSA-N,C12H10FN3O2S
