dataset_id,source,source_accession,title,summary,organism,assay_type,platform,sample_count,publication_date,source_url,raw_data_available,processed_data_available,query_family,query_text,discovered_utc,metadata_complete_flag,direct_trastuzumab_resistance,her2_positive_confirmed,resistant_sensitive_groups_defined,biological_replication,complete_sample_metadata,independent_model_or_cohort,pd1_pdl1_or_tgfb_relevance,phenotype_confidence,eligibility_score,eligibility_category,eligibility_reasons,manual_review_required
SRA:SRR33650052,SRA,SRR33650052,,"<Summary><Title>GSM8997275: JIMT1 RNApolII rep2; Homo sapiens; OTHER</Title><Platform instrument_model=""Illumina NovaSeq 6000"">ILLUMINA</Platform><Statistics total_runs=""1"" total_spots=""17158522"" total_bases=""5147556600"" total_size=""1723062406"" load_done=""true"" cluster_name=""public""/></Summary><Submitter acc=""SRA2133745"" center_name=""JSPH"" contact_name=""GEO Group"" lab_name=""""/><Experiment acc=""SRX28877271"" ver=""1"" status=""public"" name=""GSM8997275: JIMT1 RNApolII rep2; Homo sapiens; OTHER""/><Study acc=""SRP586721"" name=""Epigenetic and 3D Genome Changes Drive Primary Trastuzumab Resistance in HER2+ Breast Cancer""/><Organism taxid=""9606"" ScientificName=""Homo sapiens""/><Sample acc=""SRS25103977"" name=""""/><Instrument ILLUMINA=""Illumina NovaSeq 6000""/><Library_descriptor><LIBRARY_NAME>GSM8997275</LIBRARY_NAME><LIBRARY_STRATEGY>OTHER</LIBRARY_STRATEGY><LIBRARY_SOURCE>GENOMIC</LIBRARY_SOURCE><LIBRARY_SELECTION>other</LIBRARY_SELECTION><LIBRARY_LAYOUT><PAIRED/></LIBRARY_LAYOUT><LIBRARY_CONSTRUCTION_PROTOCOL>Cell were harvested by ConA conjugated magnetic beads and permeabilized by Digitonin. DNA library was prepared using Hyperactive Universal CUT&amp;Tag Assay Kit for Illumina Pro (Vazyme) following manufacturer's protocol.</LIBRARY_CONSTRUCTION_PROTOCOL></Library_descriptor><Bioproject>PRJNA1265766</Bioproject><Biosample>SAMN48634452</Biosample>",,RAW_SEQUENCING,UNKNOWN,,,https://www.ncbi.nlm.nih.gov/sra/?term=SRR33650052,True,False,trastuzumab_resistance,"(""HER2"" OR ERBB2) AND breast cancer AND trastuzumab resistance",2026-08-31T05:25:59.387356+00:00,False,True,True,False,False,False,True,False,UNRESOLVED,55,EXPLORATORY,+25 direct trastuzumab-resistance wording | +15 HER2/ERBB2 context | +10 raw data available | +5 independent model/cohort,True
SRA:SRR33650053,SRA,SRR33650053,,"<Summary><Title>GSM8997274: JIMT1 RNApolII rep1; Homo sapiens; OTHER</Title><Platform instrument_model=""Illumina NovaSeq 6000"">ILLUMINA</Platform><Statistics total_runs=""1"" total_spots=""17189861"" total_bases=""5156958300"" total_size=""1727849337"" load_done=""true"" cluster_name=""public""/></Summary><Submitter acc=""SRA2133745"" center_name=""JSPH"" contact_name=""GEO Group"" lab_name=""""/><Experiment acc=""SRX28877270"" ver=""1"" status=""public"" name=""GSM8997274: JIMT1 RNApolII rep1; Homo sapiens; OTHER""/><Study acc=""SRP586721"" name=""Epigenetic and 3D Genome Changes Drive Primary Trastuzumab Resistance in HER2+ Breast Cancer""/><Organism taxid=""9606"" ScientificName=""Homo sapiens""/><Sample acc=""SRS25103976"" name=""""/><Instrument ILLUMINA=""Illumina NovaSeq 6000""/><Library_descriptor><LIBRARY_NAME>GSM8997274</LIBRARY_NAME><LIBRARY_STRATEGY>OTHER</LIBRARY_STRATEGY><LIBRARY_SOURCE>GENOMIC</LIBRARY_SOURCE><LIBRARY_SELECTION>other</LIBRARY_SELECTION><LIBRARY_LAYOUT><PAIRED/></LIBRARY_LAYOUT><LIBRARY_CONSTRUCTION_PROTOCOL>Cell were harvested by ConA conjugated magnetic beads and permeabilized by Digitonin. DNA library was prepared using Hyperactive Universal CUT&amp;Tag Assay Kit for Illumina Pro (Vazyme) following manufacturer's protocol.</LIBRARY_CONSTRUCTION_PROTOCOL></Library_descriptor><Bioproject>PRJNA1265766</Bioproject><Biosample>SAMN48634453</Biosample>",,RAW_SEQUENCING,UNKNOWN,,,https://www.ncbi.nlm.nih.gov/sra/?term=SRR33650053,True,False,trastuzumab_resistance,"(""HER2"" OR ERBB2) AND breast cancer AND trastuzumab resistance",2026-08-31T05:25:59.387388+00:00,False,True,True,False,False,False,True,False,UNRESOLVED,55,EXPLORATORY,+25 direct trastuzumab-resistance wording | +15 HER2/ERBB2 context | +10 raw data available | +5 independent model/cohort,True
SRA:SRR33650054,SRA,SRR33650054,,"<Summary><Title>GSM8997273: JIMT1 CTCF rep2; Homo sapiens; OTHER</Title><Platform instrument_model=""Illumina NovaSeq 6000"">ILLUMINA</Platform><Statistics total_runs=""1"" total_spots=""28669035"" total_bases=""8600710500"" total_size=""2776889326"" load_done=""true"" cluster_name=""public""/></Summary><Submitter acc=""SRA2133745"" center_name=""JSPH"" contact_name=""GEO Group"" lab_name=""""/><Experiment acc=""SRX28877269"" ver=""1"" status=""public"" name=""GSM8997273: JIMT1 CTCF rep2; Homo sapiens; OTHER""/><Study acc=""SRP586721"" name=""Epigenetic and 3D Genome Changes Drive Primary Trastuzumab Resistance in HER2+ Breast Cancer""/><Organism taxid=""9606"" ScientificName=""Homo sapiens""/><Sample acc=""SRS25103975"" name=""""/><Instrument ILLUMINA=""Illumina NovaSeq 6000""/><Library_descriptor><LIBRARY_NAME>GSM8997273</LIBRARY_NAME><LIBRARY_STRATEGY>OTHER</LIBRARY_STRATEGY><LIBRARY_SOURCE>GENOMIC</LIBRARY_SOURCE><LIBRARY_SELECTION>other</LIBRARY_SELECTION><LIBRARY_LAYOUT><PAIRED/></LIBRARY_LAYOUT><LIBRARY_CONSTRUCTION_PROTOCOL>Cell were harvested by ConA conjugated magnetic beads and permeabilized by Digitonin. DNA library was prepared using Hyperactive Universal CUT&amp;Tag Assay Kit for Illumina Pro (Vazyme) following manufacturer's protocol.</LIBRARY_CONSTRUCTION_PROTOCOL></Library_descriptor><Bioproject>PRJNA1265766</Bioproject><Biosample>SAMN48634454</Biosample>",,RAW_SEQUENCING,UNKNOWN,,,https://www.ncbi.nlm.nih.gov/sra/?term=SRR33650054,True,False,trastuzumab_resistance,"(""HER2"" OR ERBB2) AND breast cancer AND trastuzumab resistance",2026-08-31T05:25:59.387415+00:00,False,True,True,False,False,False,True,False,UNRESOLVED,55,EXPLORATORY,+25 direct trastuzumab-resistance wording | +15 HER2/ERBB2 context | +10 raw data available | +5 independent model/cohort,True
SRA:SRR33650055,SRA,SRR33650055,,"<Summary><Title>GSM8997272: JIMT1 CTCF rep1; Homo sapiens; OTHER</Title><Platform instrument_model=""Illumina NovaSeq 6000"">ILLUMINA</Platform><Statistics total_runs=""1"" total_spots=""25889939"" total_bases=""7766981700"" total_size=""2523890741"" load_done=""true"" cluster_name=""public""/></Summary><Submitter acc=""SRA2133745"" center_name=""JSPH"" contact_name=""GEO Group"" lab_name=""""/><Experiment acc=""SRX28877268"" ver=""1"" status=""public"" name=""GSM8997272: JIMT1 CTCF rep1; Homo sapiens; OTHER""/><Study acc=""SRP586721"" name=""Epigenetic and 3D Genome Changes Drive Primary Trastuzumab Resistance in HER2+ Breast Cancer""/><Organism taxid=""9606"" ScientificName=""Homo sapiens""/><Sample acc=""SRS25103974"" name=""""/><Instrument ILLUMINA=""Illumina NovaSeq 6000""/><Library_descriptor><LIBRARY_NAME>GSM8997272</LIBRARY_NAME><LIBRARY_STRATEGY>OTHER</LIBRARY_STRATEGY><LIBRARY_SOURCE>GENOMIC</LIBRARY_SOURCE><LIBRARY_SELECTION>other</LIBRARY_SELECTION><LIBRARY_LAYOUT><PAIRED/></LIBRARY_LAYOUT><LIBRARY_CONSTRUCTION_PROTOCOL>Cell were harvested by ConA conjugated magnetic beads and permeabilized by Digitonin. DNA library was prepared using Hyperactive Universal CUT&amp;Tag Assay Kit for Illumina Pro (Vazyme) following manufacturer's protocol.</LIBRARY_CONSTRUCTION_PROTOCOL></Library_descriptor><Bioproject>PRJNA1265766</Bioproject><Biosample>SAMN48634455</Biosample>",,RAW_SEQUENCING,UNKNOWN,,,https://www.ncbi.nlm.nih.gov/sra/?term=SRR33650055,True,False,trastuzumab_resistance,"(""HER2"" OR ERBB2) AND breast cancer AND trastuzumab resistance",2026-08-31T05:25:59.387443+00:00,False,True,True,False,False,False,True,False,UNRESOLVED,55,EXPLORATORY,+25 direct trastuzumab-resistance wording | +15 HER2/ERBB2 context | +10 raw data available | +5 independent model/cohort,True
SRA:SRR33650056,SRA,SRR33650056,,"<Summary><Title>GSM8997271: JIMT1 H3K27ac rep2; Homo sapiens; OTHER</Title><Platform instrument_model=""Illumina NovaSeq 6000"">ILLUMINA</Platform><Statistics total_runs=""1"" total_spots=""12080998"" total_bases=""3624299400"" total_size=""1225022617"" load_done=""true"" cluster_name=""public""/></Summary><Submitter acc=""SRA2133745"" center_name=""JSPH"" contact_name=""GEO Group"" lab_name=""""/><Experiment acc=""SRX28877267"" ver=""1"" status=""public"" name=""GSM8997271: JIMT1 H3K27ac rep2; Homo sapiens; OTHER""/><Study acc=""SRP586721"" name=""Epigenetic and 3D Genome Changes Drive Primary Trastuzumab Resistance in HER2+ Breast Cancer""/><Organism taxid=""9606"" ScientificName=""Homo sapiens""/><Sample acc=""SRS25103973"" name=""""/><Instrument ILLUMINA=""Illumina NovaSeq 6000""/><Library_descriptor><LIBRARY_NAME>GSM8997271</LIBRARY_NAME><LIBRARY_STRATEGY>OTHER</LIBRARY_STRATEGY><LIBRARY_SOURCE>GENOMIC</LIBRARY_SOURCE><LIBRARY_SELECTION>other</LIBRARY_SELECTION><LIBRARY_LAYOUT><PAIRED/></LIBRARY_LAYOUT><LIBRARY_CONSTRUCTION_PROTOCOL>Cell were harvested by ConA conjugated magnetic beads and permeabilized by Digitonin. DNA library was prepared using Hyperactive Universal CUT&amp;Tag Assay Kit for Illumina Pro (Vazyme) following manufacturer's protocol.</LIBRARY_CONSTRUCTION_PROTOCOL></Library_descriptor><Bioproject>PRJNA1265766</Bioproject><Biosample>SAMN48634456</Biosample>",,RAW_SEQUENCING,UNKNOWN,,,https://www.ncbi.nlm.nih.gov/sra/?term=SRR33650056,True,False,trastuzumab_resistance,"(""HER2"" OR ERBB2) AND breast cancer AND trastuzumab resistance",2026-08-31T05:25:59.387470+00:00,False,True,True,False,False,False,True,False,UNRESOLVED,55,EXPLORATORY,+25 direct trastuzumab-resistance wording | +15 HER2/ERBB2 context | +10 raw data available | +5 independent model/cohort,True
SRA:SRR33650057,SRA,SRR33650057,,"<Summary><Title>GSM8997270: JIMT1 H3K27ac rep1; Homo sapiens; OTHER</Title><Platform instrument_model=""Illumina NovaSeq 6000"">ILLUMINA</Platform><Statistics total_runs=""1"" total_spots=""12442893"" total_bases=""3732867900"" total_size=""1257224515"" load_done=""true"" cluster_name=""public""/></Summary><Submitter acc=""SRA2133745"" center_name=""JSPH"" contact_name=""GEO Group"" lab_name=""""/><Experiment acc=""SRX28877266"" ver=""1"" status=""public"" name=""GSM8997270: JIMT1 H3K27ac rep1; Homo sapiens; OTHER""/><Study acc=""SRP586721"" name=""Epigenetic and 3D Genome Changes Drive Primary Trastuzumab Resistance in HER2+ Breast Cancer""/><Organism taxid=""9606"" ScientificName=""Homo sapiens""/><Sample acc=""SRS25103972"" name=""""/><Instrument ILLUMINA=""Illumina NovaSeq 6000""/><Library_descriptor><LIBRARY_NAME>GSM8997270</LIBRARY_NAME><LIBRARY_STRATEGY>OTHER</LIBRARY_STRATEGY><LIBRARY_SOURCE>GENOMIC</LIBRARY_SOURCE><LIBRARY_SELECTION>other</LIBRARY_SELECTION><LIBRARY_LAYOUT><PAIRED/></LIBRARY_LAYOUT><LIBRARY_CONSTRUCTION_PROTOCOL>Cell were harvested by ConA conjugated magnetic beads and permeabilized by Digitonin. DNA library was prepared using Hyperactive Universal CUT&amp;Tag Assay Kit for Illumina Pro (Vazyme) following manufacturer's protocol.</LIBRARY_CONSTRUCTION_PROTOCOL></Library_descriptor><Bioproject>PRJNA1265766</Bioproject><Biosample>SAMN48634457</Biosample>",,RAW_SEQUENCING,UNKNOWN,,,https://www.ncbi.nlm.nih.gov/sra/?term=SRR33650057,True,False,trastuzumab_resistance,"(""HER2"" OR ERBB2) AND breast cancer AND trastuzumab resistance",2026-08-31T05:25:59.387497+00:00,False,True,True,False,False,False,True,False,UNRESOLVED,55,EXPLORATORY,+25 direct trastuzumab-resistance wording | +15 HER2/ERBB2 context | +10 raw data available | +5 independent model/cohort,True
SRA:SRR33650058,SRA,SRR33650058,,"<Summary><Title>GSM8997269: JIMT1 H3K4me3 rep2; Homo sapiens; OTHER</Title><Platform instrument_model=""Illumina NovaSeq 6000"">ILLUMINA</Platform><Statistics total_runs=""1"" total_spots=""8887046"" total_bases=""2666113800"" total_size=""898792055"" load_done=""true"" cluster_name=""public""/></Summary><Submitter acc=""SRA2133745"" center_name=""JSPH"" contact_name=""GEO Group"" lab_name=""""/><Experiment acc=""SRX28877265"" ver=""1"" status=""public"" name=""GSM8997269: JIMT1 H3K4me3 rep2; Homo sapiens; OTHER""/><Study acc=""SRP586721"" name=""Epigenetic and 3D Genome Changes Drive Primary Trastuzumab Resistance in HER2+ Breast Cancer""/><Organism taxid=""9606"" ScientificName=""Homo sapiens""/><Sample acc=""SRS25103971"" name=""""/><Instrument ILLUMINA=""Illumina NovaSeq 6000""/><Library_descriptor><LIBRARY_NAME>GSM8997269</LIBRARY_NAME><LIBRARY_STRATEGY>OTHER</LIBRARY_STRATEGY><LIBRARY_SOURCE>GENOMIC</LIBRARY_SOURCE><LIBRARY_SELECTION>other</LIBRARY_SELECTION><LIBRARY_LAYOUT><PAIRED/></LIBRARY_LAYOUT><LIBRARY_CONSTRUCTION_PROTOCOL>Cell were harvested by ConA conjugated magnetic beads and permeabilized by Digitonin. DNA library was prepared using Hyperactive Universal CUT&amp;Tag Assay Kit for Illumina Pro (Vazyme) following manufacturer's protocol.</LIBRARY_CONSTRUCTION_PROTOCOL></Library_descriptor><Bioproject>PRJNA1265766</Bioproject><Biosample>SAMN48634458</Biosample>",,RAW_SEQUENCING,UNKNOWN,,,https://www.ncbi.nlm.nih.gov/sra/?term=SRR33650058,True,False,trastuzumab_resistance,"(""HER2"" OR ERBB2) AND breast cancer AND trastuzumab resistance",2026-08-31T05:25:59.387523+00:00,False,True,True,False,False,False,True,False,UNRESOLVED,55,EXPLORATORY,+25 direct trastuzumab-resistance wording | +15 HER2/ERBB2 context | +10 raw data available | +5 independent model/cohort,True
SRA:SRR33662215,SRA,SRR33662215,,"<Summary><Title>GSM8999193: JIMT1_rep3; Homo sapiens; RNA-Seq</Title><Platform instrument_model=""Illumina NovaSeq 6000"">ILLUMINA</Platform><Statistics total_runs=""1"" total_spots=""22131277"" total_bases=""6626707447"" total_size=""2081734275"" load_done=""true"" cluster_name=""public""/></Summary><Submitter acc=""SRA2134423"" center_name=""JSPH"" contact_name=""GEO Group"" lab_name=""""/><Experiment acc=""SRX28889095"" ver=""1"" status=""public"" name=""GSM8999193: JIMT1_rep3; Homo sapiens; RNA-Seq""/><Study acc=""SRP586943"" name=""Epigenetic and 3D Genome Changes Drive Primary Trastuzumab Resistance in HER2+ Breast Cancer""/><Organism taxid=""9606"" ScientificName=""Homo sapiens""/><Sample acc=""SRS25115165"" name=""""/><Instrument ILLUMINA=""Illumina NovaSeq 6000""/><Library_descriptor><LIBRARY_NAME>GSM8999193</LIBRARY_NAME><LIBRARY_STRATEGY>RNA-Seq</LIBRARY_STRATEGY><LIBRARY_SOURCE>TRANSCRIPTOMIC</LIBRARY_SOURCE><LIBRARY_SELECTION>cDNA</LIBRARY_SELECTION><LIBRARY_LAYOUT><PAIRED/></LIBRARY_LAYOUT><LIBRARY_CONSTRUCTION_PROTOCOL>RNA was harvested using Rneasy mini plus kit (Qiagen). 1 ug of total RNA was used for the construction of sequencing libraries. RNA libraries for RNA-seq were prepared using NEBNext Ultra II Directional RNA Library Prep Kit following manufacturer's protocols.</LIBRARY_CONSTRUCTION_PROTOCOL></Library_descriptor><Bioproject>PRJNA1266158</Bioproject><Biosample>SAMN48674176</Biosample>",,RAW_SEQUENCING,BULK_RNA_SEQ,,,https://www.ncbi.nlm.nih.gov/sra/?term=SRR33662215,True,False,trastuzumab_resistance,"(""HER2"" OR ERBB2) AND breast cancer AND trastuzumab resistance",2026-08-31T05:25:59.387208+00:00,False,True,True,False,False,False,True,False,UNRESOLVED,55,EXPLORATORY,+25 direct trastuzumab-resistance wording | +15 HER2/ERBB2 context | +10 raw data available | +5 independent model/cohort,True
SRA:SRR33662216,SRA,SRR33662216,,"<Summary><Title>GSM8999192: JIMT1_rep2; Homo sapiens; RNA-Seq</Title><Platform instrument_model=""Illumina NovaSeq 6000"">ILLUMINA</Platform><Statistics total_runs=""1"" total_spots=""22034431"" total_bases=""6596968972"" total_size=""2074109943"" load_done=""true"" cluster_name=""public""/></Summary><Submitter acc=""SRA2134423"" center_name=""JSPH"" contact_name=""GEO Group"" lab_name=""""/><Experiment acc=""SRX28889094"" ver=""1"" status=""public"" name=""GSM8999192: JIMT1_rep2; Homo sapiens; RNA-Seq""/><Study acc=""SRP586943"" name=""Epigenetic and 3D Genome Changes Drive Primary Trastuzumab Resistance in HER2+ Breast Cancer""/><Organism taxid=""9606"" ScientificName=""Homo sapiens""/><Sample acc=""SRS25115164"" name=""""/><Instrument ILLUMINA=""Illumina NovaSeq 6000""/><Library_descriptor><LIBRARY_NAME>GSM8999192</LIBRARY_NAME><LIBRARY_STRATEGY>RNA-Seq</LIBRARY_STRATEGY><LIBRARY_SOURCE>TRANSCRIPTOMIC</LIBRARY_SOURCE><LIBRARY_SELECTION>cDNA</LIBRARY_SELECTION><LIBRARY_LAYOUT><PAIRED/></LIBRARY_LAYOUT><LIBRARY_CONSTRUCTION_PROTOCOL>RNA was harvested using Rneasy mini plus kit (Qiagen). 1 ug of total RNA was used for the construction of sequencing libraries. RNA libraries for RNA-seq were prepared using NEBNext Ultra II Directional RNA Library Prep Kit following manufacturer's protocols.</LIBRARY_CONSTRUCTION_PROTOCOL></Library_descriptor><Bioproject>PRJNA1266158</Bioproject><Biosample>SAMN48674177</Biosample>",,RAW_SEQUENCING,BULK_RNA_SEQ,,,https://www.ncbi.nlm.nih.gov/sra/?term=SRR33662216,True,False,trastuzumab_resistance,"(""HER2"" OR ERBB2) AND breast cancer AND trastuzumab resistance",2026-08-31T05:25:59.387302+00:00,False,True,True,False,False,False,True,False,UNRESOLVED,55,EXPLORATORY,+25 direct trastuzumab-resistance wording | +15 HER2/ERBB2 context | +10 raw data available | +5 independent model/cohort,True
SRA:SRR33662217,SRA,SRR33662217,,"<Summary><Title>GSM8999191: JIMT1_rep1; Homo sapiens; RNA-Seq</Title><Platform instrument_model=""Illumina NovaSeq 6000"">ILLUMINA</Platform><Statistics total_runs=""1"" total_spots=""22177344"" total_bases=""6641404903"" total_size=""2086696358"" load_done=""true"" cluster_name=""public""/></Summary><Submitter acc=""SRA2134423"" center_name=""JSPH"" contact_name=""GEO Group"" lab_name=""""/><Experiment acc=""SRX28889093"" ver=""1"" status=""public"" name=""GSM8999191: JIMT1_rep1; Homo sapiens; RNA-Seq""/><Study acc=""SRP586943"" name=""Epigenetic and 3D Genome Changes Drive Primary Trastuzumab Resistance in HER2+ Breast Cancer""/><Organism taxid=""9606"" ScientificName=""Homo sapiens""/><Sample acc=""SRS25115163"" name=""""/><Instrument ILLUMINA=""Illumina NovaSeq 6000""/><Library_descriptor><LIBRARY_NAME>GSM8999191</LIBRARY_NAME><LIBRARY_STRATEGY>RNA-Seq</LIBRARY_STRATEGY><LIBRARY_SOURCE>TRANSCRIPTOMIC</LIBRARY_SOURCE><LIBRARY_SELECTION>cDNA</LIBRARY_SELECTION><LIBRARY_LAYOUT><PAIRED/></LIBRARY_LAYOUT><LIBRARY_CONSTRUCTION_PROTOCOL>RNA was harvested using Rneasy mini plus kit (Qiagen). 1 ug of total RNA was used for the construction of sequencing libraries. RNA libraries for RNA-seq were prepared using NEBNext Ultra II Directional RNA Library Prep Kit following manufacturer's protocols.</LIBRARY_CONSTRUCTION_PROTOCOL></Library_descriptor><Bioproject>PRJNA1266158</Bioproject><Biosample>SAMN48674178</Biosample>",,RAW_SEQUENCING,BULK_RNA_SEQ,,,https://www.ncbi.nlm.nih.gov/sra/?term=SRR33662217,True,False,trastuzumab_resistance,"(""HER2"" OR ERBB2) AND breast cancer AND trastuzumab resistance",2026-08-31T05:25:59.387331+00:00,False,True,True,False,False,False,True,False,UNRESOLVED,55,EXPLORATORY,+25 direct trastuzumab-resistance wording | +15 HER2/ERBB2 context | +10 raw data available | +5 independent model/cohort,True
GEO:GSE132055,GEO,GSE132055,Targeting the mevalonate pathway to overcome acquired anti-HER2 treatment resistance in breast cancer [RNA-seq],"Despite effective strategies, therapy resistance in HER2+ breast cancer remains a challenge. While the Mevalonate pathway (MVA) is suggested to promote cell growth and survival, including in HER2+ models, its potential role in resistance to HER2-targeted therapy is unknown. Using HER2+ breast cancer parental (P) cell models (AU565, SKBR3, and UACC812), we have established anti-HER2-resistant derivatives made resistant to lapatinib (LR) or lapatinib plus trastuzumab (LTR). We performed RNA-seq on these resistant models and the P cells treated with lapatinib or lapatinib plus trastuzumaba for 24 h. We found that the average expression of the key genes in the MVA pathway, as a surrogate for pathway activity, was dramatically reduced in P cells with short-term treatment. In contrast, expression was restored or further upregulated relative to P cells in all three resistant (LR/LTR) models. Specific blockade of this pathway with lipophilic but not hydrophilic statins and with the n-bisphosphonate zoledronic acid led to apoptosis and substantial growth inhibition of resistant cells. Inhibition was rescued by mevalonate or the intermediate metabolites farnesyl pyrophosphate (FPP) or geranylgeranyl pyrophosphate (GGPP), but not by cholesterol. Activated YAP/TAZ and mTORC1 signaling and their downstream target gene product Survivin were inhibited by MVA blockade especially in the LR/LTR models. Overexpression of constitutively active YAP rescued Survivin and phosphorylated S6 levels despite blockade of the MVA. The MVA may provide alternative signaling leading to cell survival and resistance when HER2 is blocked by activating YAP/TAZ-mTORC1-Survivin signaling suggesting novel therapeutic targets. MVA inhibitors including lipophilic statins and N-bisphosphonates may circumvent resistance to anti-HER2 therapy and warrant further clinical investigation.",Homo sapiens,Expression profiling by high throughput sequencing,BULK_RNA_SEQ,15,2020/04/04,https://www.ncbi.nlm.nih.gov/geo/query/acc.cgi?acc=GSE132055,,True,trastuzumab_resistance,SKBR3 AND trastuzumab resistant,2026-08-31T05:26:03.294916+00:00,True,True,True,False,False,False,True,False,UNRESOLVED,45,EXPLORATORY,+25 direct trastuzumab-resistance wording | +15 HER2/ERBB2 context | +5 independent model/cohort,True
GEO:GSE188513,GEO,GSE188513,MAL2 mediates the formation of stable HER2 signaling complexes within lipid raft-rich membrane protrusions in breast cancer cells.,"The lipid raft resident protein, MAL2, has been implicated as contributing to the pathogenesis of several malignancies, including breast cancer, but the underlying mechanism for its effects on tumorigenesis is unknown. Here, we show that MAL2-mediated lipid raft formation leads to HER2 plasma membrane retention and enhanced HER2 signaling in breast cancer cells. We employed proximity ligation assays (PLA) to define physical interactions between HER2 and MAL2 in lipid rafts and super-resolution structured illumination microscopy (SR-SIM imaging) to determine the structural organization of the HER2/Ezrin/NHERF1/PMCA2 protein complex. Formation of this protein complex maintains low intracellular calcium concentrations in the vicinity of the plasma membrane. Importantly, we also observed enhanced HER2-MAL2 protein interactions in lipid rafts in trastuzumab-resistant breast cancer cells. Our findings suggest that MAL2 is crucial for lipid raft formation, HER2 signaling and HER2 membrane stability in breast cancer cells, suggesting MAL2 as a potential therapeutic target.",Homo sapiens,Genome binding/occupancy profiling by high throughput sequencing,UNKNOWN,2,2021/12/15,https://www.ncbi.nlm.nih.gov/geo/query/acc.cgi?acc=GSE188513,,True,trastuzumab_resistance,SKBR3 AND trastuzumab resistant,2026-08-31T05:26:03.294889+00:00,True,True,True,False,False,False,True,False,UNRESOLVED,45,EXPLORATORY,+25 direct trastuzumab-resistance wording | +15 HER2/ERBB2 context | +5 independent model/cohort,True
GEO:GSE230326,GEO,GSE230326,BRD8 is a therapeutic vulnerability for overcoming resistance to dual ER/HER2 blockade therapy in HR+/HER2+ breast cancer [bulkRNA-seq],"Hormone receptor (HR)-positive, HER2-positive breast cancers are resistant to endocrine and anti-HER2 therapies due to crosstalk between estrogen receptor (ER) and HER2. However, how anti-HER2 agents activate ER as a mechanism of resistance remains unknown. Using single-cell RNA sequencing, we identified Bromodomain Containing Protein 8 (BRD8) as a major mediator of ER activation in response to neratinib, a HER2 tyrosine kinase inhibitor. BRD8 expression was rapidly induced by various anti-HER2 agents (neratinib, lapatinib and trastuzumab) and its expression positively correlates with ER. BRD8 regulates both ER-dependent and -independent growth promoting pathways. Moreover, BRD8 ablation re-sensitizes fulvestrant- or neratinib-resistant HR+/HER2+ cells to neratinib, suggesting that combinatorial targeting of BRD8 and HER2 attenuates signal crosstalk and possibly overcomes treatment resistance to dual anti-ER/HER2 blockade therapy. This work identifies BRD8 as not only a central hub for ER signaling activation upon anti-HER2 treatment, but also a druggable vulnerability for treating HR+/HER2+ breast cancer.",Homo sapiens,Expression profiling by high throughput sequencing,SINGLE_CELL_RNA_SEQ,12,2026/03/20,https://www.ncbi.nlm.nih.gov/geo/query/acc.cgi?acc=GSE230326,,True,trastuzumab_resistance,"(""HER2"" OR ERBB2) AND breast cancer AND trastuzumab resistance || BT474 AND trastuzumab resistant",2026-08-31T05:25:57.557615+00:00,True,True,True,False,False,False,True,False,UNRESOLVED,45,EXPLORATORY,+25 direct trastuzumab-resistance wording | +15 HER2/ERBB2 context | +5 independent model/cohort,True
GEO:GSE230327,GEO,GSE230327,BRD8 is a therapeutic vulnerability for overcoming resistance to dual ER/HER2 blockade therapy in HR+/HER2+ breast cancer [scRNA-seq],"Hormone receptor (HR)-positive, HER2-positive breast cancers are resistant to endocrine and anti-HER2 therapies due to crosstalk between estrogen receptor (ER) and HER2. However, how anti-HER2 agents activate ER as a mechanism of resistance remains unknown. Using single-cell RNA sequencing, we identified Bromodomain Containing Protein 8 (BRD8) as a major mediator of ER activation in response to neratinib, a HER2 tyrosine kinase inhibitor. BRD8 expression was rapidly induced by various anti-HER2 agents (neratinib, lapatinib and trastuzumab) and its expression positively correlates with ER. BRD8 regulates both ER-dependent and -independent growth promoting pathways. Moreover, BRD8 ablation re-sensitizes fulvestrant- or neratinib-resistant HR+/HER2+ cells to neratinib, suggesting that combinatorial targeting of BRD8 and HER2 attenuates signal crosstalk and possibly overcomes treatment resistance to dual anti-ER/HER2 blockade therapy. This work identifies BRD8 as not only a central hub for ER signaling activation upon anti-HER2 treatment, but also a druggable vulnerability for treating HR+/HER2+ breast cancer.",Homo sapiens,Expression profiling by high throughput sequencing,SINGLE_CELL_RNA_SEQ,4,2026/03/20,https://www.ncbi.nlm.nih.gov/geo/query/acc.cgi?acc=GSE230327,,True,trastuzumab_resistance,"(""HER2"" OR ERBB2) AND breast cancer AND trastuzumab resistance || BT474 AND trastuzumab resistant",2026-08-31T05:25:57.557587+00:00,True,True,True,False,False,False,True,False,UNRESOLVED,45,EXPLORATORY,+25 direct trastuzumab-resistance wording | +15 HER2/ERBB2 context | +5 independent model/cohort,True
GEO:GSE237605,GEO,GSE237605,Molecular Atlas of HER2+ Breast Cancer Cells Stimulated with EGF and HRG: Temporal Insights into Mechanisms in Trastuzumab Resistance [ATAC-Seq],"Trastuzumab therapy in HER2+ breast cancer patients have mixed success owing to acquired resistance to therapy. In this study, we investigate the cellular mechanisms underlying acquired resistance using -sensitive and -resistant cancer cells (BT474 and BT474R) treated with endogenous ligands EGF and HRG, across time. Our measurements probe early receptor organization through microscopy, signaling events through multi-omic measurements and assess the cellular energetic state through mitochondrial measurements. Our integrative analyses of these multimodal measurements highlight differential mechanisms in both cell lines in response to ligands. In BT474, an active PI3K-AKT-mTORC1 signaling contributes to an active mitochondrial bioenergetic state (glycolysis and lipid metabolism) for both ligands EGF and HRG. A HIF1A mediated increase in cellular bioenergetics is also seen. In BT474R, there is a ligand-dependent activation of signaling cascades. In EGF treated BT474R, an EGFR driven IRF1/STAT1/STAT2 activation with likely impact on cellular bioenergetics is seen, whilst an AR mediated alteration of lipid metabolism is pronounced after HRG treatment.",Homo sapiens,Genome binding/occupancy profiling by high throughput sequencing,UNKNOWN,40,2024/02/14,https://www.ncbi.nlm.nih.gov/geo/query/acc.cgi?acc=GSE237605,,True,trastuzumab_resistance,BT474 AND trastuzumab resistant,2026-08-31T05:26:00.574659+00:00,True,True,True,False,False,False,True,False,UNRESOLVED,45,EXPLORATORY,+25 direct trastuzumab-resistance wording | +15 HER2/ERBB2 context | +5 independent model/cohort,True
GEO:GSE237606,GEO,GSE237606,Molecular Atlas of HER2+ Breast Cancer Cells Stimulated with EGF and HRG: Temporal Insights into Mechanisms in Trastuzumab Resistance [RNA-Seq],"Trastuzumab therapy in HER2+ breast cancer patients have mixed success owing to acquired resistance to therapy. In this study, we investigate the cellular mechanisms underlying acquired resistance using -sensitive and -resistant cancer cells (BT474 and BT474R) treated with endogenous ligands EGF and HRG, across time. Our measurements probe early receptor organization through microscopy, signaling events through multi-omic measurements and assess the cellular energetic state through mitochondrial measurements. Our integrative analyses of these multimodal measurements highlight differential mechanisms in both cell lines in response to ligands. In BT474, an active PI3K-AKT-mTORC1 signaling contributes to an active mitochondrial bioenergetic state (glycolysis and lipid metabolism) for both ligands EGF and HRG. A HIF1A mediated increase in cellular bioenergetics is also seen. In BT474R, there is a ligand-dependent activation of signaling cascades. In EGF treated BT474R, an EGFR driven IRF1/STAT1/STAT2 activation with likely impact on cellular bioenergetics is seen, whilst an AR mediated alteration of lipid metabolism is pronounced after HRG treatment.",Homo sapiens,Expression profiling by high throughput sequencing,BULK_RNA_SEQ,40,2024/02/14,https://www.ncbi.nlm.nih.gov/geo/query/acc.cgi?acc=GSE237606,,True,trastuzumab_resistance,BT474 AND trastuzumab resistant,2026-08-31T05:26:00.574638+00:00,True,True,True,False,False,False,True,False,UNRESOLVED,45,EXPLORATORY,+25 direct trastuzumab-resistance wording | +15 HER2/ERBB2 context | +5 independent model/cohort,True
GEO:GSE237607,GEO,GSE237607,Molecular Atlas of HER2+ Breast Cancer Cells Stimulated with EGF and HRG: Temporal Insights into Mechanisms in Trastuzumab Resistance,This SuperSeries is composed of the SubSeries listed below.,Homo sapiens,Expression profiling by high throughput sequencing; Genome binding/occupancy profiling by high throughput sequencing,UNKNOWN,80,2024/02/14,https://www.ncbi.nlm.nih.gov/geo/query/acc.cgi?acc=GSE237607,,True,trastuzumab_resistance,"(""HER2"" OR ERBB2) AND breast cancer AND trastuzumab resistance",2026-08-31T05:25:57.557803+00:00,True,True,True,False,False,False,True,False,UNRESOLVED,45,EXPLORATORY,+25 direct trastuzumab-resistance wording | +15 HER2/ERBB2 context | +5 independent model/cohort,True
GEO:GSE244533,GEO,GSE244533,Unveiling alterations of epigenetic modifications and chromatin architecture leading to lipid metabolic reprogramming during the evolutionary trastuzumab adaptation of HER2-positive breast cancer [RNA-Seq],"Secondary trastuzumab resistance represents an evolutionary adaptation of HER2-positive breast cancer during anti-HER2 treatment. Most current studies have uncovered the alternations of HER2 and associated signaling pathways but pay less attention to broader cellular processes and their relevant genetic and epigenetic mechanisms. Here we have not only characterized transcriptome data but also examined epigenomic and 3D genome architecture information in both trastuzumab-sensitive and secondary-resistant breast cancer cells. Our findings reveal that the global metabolic reprogramming associated with trastuzumab resistance may stem from genome-wide alterations in both histone modifications and chromatin structure. Specifically, the transcriptional activities of key genes involved in lipid metabolism appear to be regulated by variant promoter H3K27me3 and H3K4me3 modifications, as well as promoter-enhancer interactions. These discoveries offer valuable insights into how cancer cells adapt to anti-tumor drugs and have the potential to impact future diagnostic and treatment strategies.",Homo sapiens,Expression profiling by high throughput sequencing,BULK_RNA_SEQ,6,2023/10/08,https://www.ncbi.nlm.nih.gov/geo/query/acc.cgi?acc=GSE244533,,True,trastuzumab_resistance,SKBR3 AND trastuzumab resistant,2026-08-31T05:26:03.294854+00:00,True,True,True,False,False,False,True,False,UNRESOLVED,45,EXPLORATORY,+25 direct trastuzumab-resistance wording | +15 HER2/ERBB2 context | +5 independent model/cohort,True
GEO:GSE244535,GEO,GSE244535,Unveiling alterations of epigenetic modifications and chromatin architecture leading to lipid metabolic reprogramming during the evolutionary trastuzumab adaptation of HER2-positive breast cancer [Cut & Tag],"Secondary trastuzumab resistance represents an evolutionary adaptation of HER2-positive breast cancer during anti-HER2 treatment. Most current studies have uncovered the alternations of HER2 and associated signaling pathways but pay less attention to broader cellular processes and their relevant genetic and epigenetic mechanisms. Here we have not only characterized transcriptome data but also examined epigenomic and 3D genome architecture information in both trastuzumab-sensitive and secondary-resistant breast cancer cells. Our findings reveal that the global metabolic reprogramming associated with trastuzumab resistance may stem from genome-wide alterations in both histone modifications and chromatin structure. Specifically, the transcriptional activities of key genes involved in lipid metabolism appear to be regulated by variant promoter H3K27me3 and H3K4me3 modifications, as well as promoter-enhancer interactions. These discoveries offer valuable insights into how cancer cells adapt to anti-tumor drugs and have the potential to impact future diagnostic and treatment strategies.",Homo sapiens,Genome binding/occupancy profiling by high throughput sequencing,UNKNOWN,14,2023/10/08,https://www.ncbi.nlm.nih.gov/geo/query/acc.cgi?acc=GSE244535,,True,trastuzumab_resistance,SKBR3 AND trastuzumab resistant,2026-08-31T05:26:03.294829+00:00,True,True,True,False,False,False,True,False,UNRESOLVED,45,EXPLORATORY,+25 direct trastuzumab-resistance wording | +15 HER2/ERBB2 context | +5 independent model/cohort,True
GEO:GSE244537,GEO,GSE244537,Unveiling alterations of epigenetic modifications and chromatin architecture leading to lipid metabolic reprogramming during the evolutionary trastuzumab adaptation of HER2-positive breast cancer,"Secondary trastuzumab resistance represents an evolutionary adaptation of HER2-positive breast cancer during anti-HER2 treatment. Most current studies have tended to prioritize HER2 and its associated signaling pathways, often overlooking broader but seemingly less relevant cellular processes, along with their associated genetic and epigenetic mechanisms. Here, transcriptome data is not only characterized but also examined epigenomic and 3D genome architecture information in both trastuzumab-sensitive and secondary-resistant breast cancer cells. The findings reveal that the global metabolic reprogramming associated with trastuzumab resistance may stem from genome-wide alterations in both histone modifications and chromatin structure. Specifically, the transcriptional activities of key genes involved in lipid metabolism appear to be regulated by variant promoter H3K27me3 and H3K4me3 modifications, as well as promoter-enhancer interactions. These discoveries offer valuable insights into how cancer cells adapt to anti-tumor drugs and have the potential to impact future diagnostic and treatment strategies.",Homo sapiens,Expression profiling by high throughput sequencing; Genome binding/occupancy profiling by high throughput sequencing,UNKNOWN,20,2023/10/08,https://www.ncbi.nlm.nih.gov/geo/query/acc.cgi?acc=GSE244537,,True,trastuzumab_resistance,SKBR3 AND trastuzumab resistant,2026-08-31T05:26:03.294801+00:00,True,True,True,False,False,False,True,False,UNRESOLVED,45,EXPLORATORY,+25 direct trastuzumab-resistance wording | +15 HER2/ERBB2 context | +5 independent model/cohort,True
GEO:GSE262860,GEO,GSE262860,Fibroblast growth factor receptor four inhibitor FGF401 improves the efficacy of trastuzumab in FGFR4-overexpressing breast cancer cells,"Breast cancer is the most common cancer among women. Among them, human epidermal growth factor receptor-positive (HER2+) breast cancer is more malignant. Fortunately, many anti-HER2 drugs are currently used in clinical treatments to increase patient survival. However, some HER2+ patients (~15%) still develop drug resistance after receiving trastuzumab treatment, leading to treatment failure. Using CCLE and METABRIC database analyses, we found that fibroblast growth factor receptor 4 (FGFR4) mRNA was highly detected in tumors from HER2+ breast cancer patients (P<0.001) and was associated with poorer survival in breast cancer patients. Through retrospective immunohistochemical staining analysis, we detected higher expression of FGFR4 protein in breast cancer tissues collected from patients who were resistant to trastuzumab therapy compared with breast cancer patients who responded to treatment. An FGFR4 inhibitor (FGF401) effectively inhibits tumor growth in trastuzumab-insensitive patient-derived xenograft (PDX) tumor-bearing mice. For molecular mechanism studies, we demonstrated that HER2/FGFR4 protein complexes were detected on the cell membrane of the tumor tissues in these trastuzumab-insensitive PDX tumor tissues. After trastuzumab treatment in these drug-resistant breast cancer cells, FGFR4 translocates and enters the nucleus. However, trastuzumab-induced nuclear translocation of FGFR4/HER2-intracellular domain protein complex in trastuzumab-resistant cancer cells is blocked by FGF401 treatment. We believe that FGFR4 overexpression and complex formation with HER2 can serve as molecular markers to assist clinicians in identifying trastuzumab-resistant tumors. Our results suggest that FGF401 combined with trastuzumab as adjuvant therapy for patients with trastuzumab-resistant breast cancer may be a potential new treatment strategy.",Homo sapiens,Expression profiling by high throughput sequencing,UNKNOWN,2,2024/11/08,https://www.ncbi.nlm.nih.gov/geo/query/acc.cgi?acc=GSE262860,,True,trastuzumab_resistance,"(""HER2"" OR ERBB2) AND breast cancer AND trastuzumab resistance",2026-08-31T05:25:57.557770+00:00,True,True,True,False,False,False,True,False,UNRESOLVED,45,EXPLORATORY,+25 direct trastuzumab-resistance wording | +15 HER2/ERBB2 context | +5 independent model/cohort,True
GEO:GSE286038,GEO,GSE286038,BRD8 is a therapeutic vulnerability for overcoming resistance to dual ER/HER2 blockade therapy in HR+/HER2+ breast cancer,"Hormone receptor (HR)-positive, HER2-positive breast cancers often develop resistance to endocrine and anti-HER2 therapies due to the heterogeneous expression of estrogen receptor (ER) and HER2 and the crosstalk of these growth-promoting pathways. However, how anti-HER2 agents activate ER and other growth-promoting pathways remains unknown. Single-cell RNA sequencing of BT474 breast cancer cells identified Bromodomain Containing Protein 8 (BRD8), an acetyl-lysine reader protein in the histone acetylase EP400 complex, as a pivotal mediator to activate ER in response to neratinib treatment. BRD8 expression was rapidly induced by various anti-HER2 agents (neratinib, lapatinib, and trastuzumab), and its depletion disrupted the crosstalk between ER and HER2 signaling pathways and rendered HR+/HER2+ cells and tumor organoids more sensitive to anti-HER2 agents. BRD8, ER, and ER target genes are co-induced by neratinib in single-nucleus (sn) RNA sequencing of a patient-derived xenograft (PDX). Concomitantly, SnATAC-seq reveals that the activated genes share open chromatin regions enriched in transcription factors (TF) binding motifs of ER, forkhead box (FOX), and ETS family. Since EP400 enhances H2AZ deposition and acetylation on chromatin, we performed H2AZ and H2AZac ChIP-sequencing in the presence or absence of BRD8 and neratinib treatment. Upon neratinib treatment, BRD8 activates ER, FOX, and ETS target genes through modulating H2AZac deposition and chromatin decompaction. This finding coincides with RNA-sequencing, where BRD8 promotes cell growth in an ER-dependent and independent manner. In line with these findings, patients who responded poorly to the anti-HER2 therapies exhibited higher BRD8 gene signatures. Furthermore, BRD8 knockdown ablates the ER and HER2 signaling crosstalk and re-sensitizes neratinib-resistant HR+/HER2+ cells to neratinib. Together, this work not only explains why ER signaling is activated upon anti-HER2 therapies but also identifies BRD8 as a druggable vulnerability in HR+/HER2+ breast cancer.",Homo sapiens,Genome binding/occupancy profiling by high throughput sequencing; Expression profiling by high throughput sequencing,SINGLE_CELL_RNA_SEQ,8,2026/03/19,https://www.ncbi.nlm.nih.gov/geo/query/acc.cgi?acc=GSE286038,,True,trastuzumab_resistance,"(""HER2"" OR ERBB2) AND breast cancer AND trastuzumab resistance || BT474 AND trastuzumab resistant",2026-08-31T05:25:57.557636+00:00,True,True,True,False,False,False,True,False,UNRESOLVED,45,EXPLORATORY,+25 direct trastuzumab-resistance wording | +15 HER2/ERBB2 context | +5 independent model/cohort,True
GEO:GSE297715,GEO,GSE297715,Epigenetic and 3D Genome Changes Drive Primary Trastuzumab Resistance in HER2+ Breast Cancer,"Primary trastuzumab resistance poses a significant challenge in the treatment of HER2-positive breast cancer. Despite various proposed mechanisms and responses to address this resistance, current treatments remain less effective, highlighting the need for new targets and insights. Our research, which integrates epigenomic and 3D genomic architectural data, suggests that changes in promoter modifications, specifically H3K4me3 and H3K27me3, along with differential active enhancers and promoter-enhancer interactions, may contribute to differential gene expression in trastuzumab-resistant versus sensitive cells. Notably, we identified SGK1, which lies downstream of both the PI3K-AKT and mTOR signaling pathways, exhibits overexpression associated with increased H3K4me3 signals at its promoter and enhanced promoter-enhancer interactions in trastuzumab-resistance cells. The overexpression of SGK1 supports cell survival and stimulates proliferation, making it a potential critical factor driving primary trastuzumab resistance. These discoveries provide new insights into the mechanisms underlying primary trastuzumab resistance in HER2-positive breast cancer, which may pave the way for developing more effective diagnostic and treatment strategies in the future.",Homo sapiens,Genome binding/occupancy profiling by high throughput sequencing,UNKNOWN,20,2025/06/01,https://www.ncbi.nlm.nih.gov/geo/query/acc.cgi?acc=GSE297715,,True,trastuzumab_resistance,"(""HER2"" OR ERBB2) AND breast cancer AND trastuzumab resistance || SKBR3 AND trastuzumab resistant",2026-08-31T05:25:57.557746+00:00,True,True,True,False,False,False,True,False,UNRESOLVED,45,EXPLORATORY,+25 direct trastuzumab-resistance wording | +15 HER2/ERBB2 context | +5 independent model/cohort,True
GEO:GSE297774,GEO,GSE297774,Epigenetic and 3D Genome Changes Drive Primary Trastuzumab Resistance in HER2+ Breast Cancer,"Primary trastuzumab resistance poses a significant challenge in the treatment of HER2-positive breast cancer. Despite various proposed mechanisms and responses to address this resistance, current treatments remain less effective, highlighting the need for new targets and insights. Our research, which integrates epigenomic and 3D genomic architectural data, suggests that changes in promoter modifications, specifically H3K4me3 and H3K27me3, along with differential active enhancers and promoter-enhancer interactions, may contribute to differential gene expression in trastuzumab-resistant versus sensitive cells. Notably, we identified SGK1, which lies downstream of both the PI3K-AKT and mTOR signaling pathways, exhibits overexpression associated with increased H3K4me3 signals at its promoter and enhanced promoter-enhancer interactions in trastuzumab-resistance cells. The overexpression of SGK1 supports cell survival and stimulates proliferation, making it a potential critical factor driving primary trastuzumab resistance. These discoveries provide new insights into the mechanisms underlying primary trastuzumab resistance in HER2-positive breast cancer, which may pave the way for developing more effective diagnostic and treatment strategies in the future.",Homo sapiens,Expression profiling by high throughput sequencing,UNKNOWN,3,2025/06/01,https://www.ncbi.nlm.nih.gov/geo/query/acc.cgi?acc=GSE297774,,True,trastuzumab_resistance,"(""HER2"" OR ERBB2) AND breast cancer AND trastuzumab resistance || SKBR3 AND trastuzumab resistant",2026-08-31T05:25:57.557720+00:00,True,True,True,False,False,False,True,False,UNRESOLVED,45,EXPLORATORY,+25 direct trastuzumab-resistance wording | +15 HER2/ERBB2 context | +5 independent model/cohort,True
GEO:GSE300749,GEO,GSE300749,Cannabinoid CB2 receptor drives trastuzumab resistance and predicts durable anti-HER2 response,"Acquired or innate lack of response to standard HER2-targeted therapies remains a clinical issue in patients with HER2-positive breast cancer. Here, we investigated the role of the cannabinoid CB2 receptor (CB2R) in trastuzumab resistance. In human breast cancer samples, a decreased expression of HER2-CB2R heterodimers following neoadjuvant treatment, due to CB2R downregulation, was linked to poor long-term outcomes. Using various preclinical models, we demonstrate that CB2R drives trastuzumab resistance. Mechanistically, CB2R loss enabled cancer cells to evade antitumor IFN-γ signaling while promoting a shift from HER2-CB2R to HER2-EGFR heterodimers, thus reducing dependence on HER2 and increasing reliance on EGFR-mediated pathways. Moreover, EGFR inhibition restored trastuzumab sensitivity. In summary, we reveal an unprecedented role for CB2R as a key regulator of oncogenic and immune signaling in response to anti-HER2 therapy and its potential as a predictive biomarker of therapeutic efficacy. We also propose dual HER2/EGFR targeting and non-CB2R-selective cannabinoid therapies as potential strategies to overcome CB2R-mediated trastuzumab resistance. Together, these findings position the endocannabinoid system as a pivotal and actionable node to elucidate, anticipate, and counteract resistance to HER2-targeted therapies.",Homo sapiens,Expression profiling by high throughput sequencing,UNKNOWN,12,2026/01/01,https://www.ncbi.nlm.nih.gov/geo/query/acc.cgi?acc=GSE300749,,True,trastuzumab_resistance,"(""HER2"" OR ERBB2) AND breast cancer AND trastuzumab resistance || BT474 AND trastuzumab resistant",2026-08-31T05:25:57.557663+00:00,True,True,True,False,False,False,True,False,UNRESOLVED,45,EXPLORATORY,+25 direct trastuzumab-resistance wording | +15 HER2/ERBB2 context | +5 independent model/cohort,True
GEO:GSE327983,GEO,GSE327983,Spatial proteogenomics reveals S100-RAGE axis as a druggable mediator of trastuzumab deruxtecan resistance in metastatic breast cancer.,"Trastuzumab deruxtecan (T-DXd) has substantially improved outcomes for HER2-positive metastatic breast cancer, yet up to 30 percent of patients with high HER2 expression exhibit de novo resistance. Mechanisms underlying this intrinsic resistance, particularly across different metastatic sites, remain poorly understood.",Homo sapiens,Other,UNKNOWN,287,2026/06/01,https://www.ncbi.nlm.nih.gov/geo/query/acc.cgi?acc=GSE327983,,True,trastuzumab_resistance,"(""HER2"" OR ERBB2) AND breast cancer AND trastuzumab resistance",2026-08-31T05:25:57.557475+00:00,True,True,True,False,False,False,True,False,UNRESOLVED,45,EXPLORATORY,+25 direct trastuzumab-resistance wording | +15 HER2/ERBB2 context | +5 independent model/cohort,True
SRA:SRR26401907,SRA,SRR26401907,,"<Summary><Title>GSM7843751: HR6_Z8KO2_2; Homo sapiens; RNA-Seq</Title><Platform instrument_model=""NextSeq 500"">ILLUMINA</Platform><Statistics total_runs=""1"" total_spots=""29104116"" total_bases=""2182808700"" total_size=""869052278"" load_done=""true"" cluster_name=""public""/></Summary><Submitter acc=""SRA1733069"" center_name=""Pathology, UT Southwestern Medical Center"" contact_name=""GEO Group"" lab_name=""""/><Experiment acc=""SRX22107642"" ver=""2"" status=""public"" name=""GSM7843751: HR6_Z8KO2_2; Homo sapiens; RNA-Seq""/><Study acc=""SRP466638"" name=""ZMYND8 transcriptome in trastuzumab resistant breast tumor cells""/><Organism taxid=""9606"" ScientificName=""Homo sapiens""/><Sample acc=""SRS19172533"" name=""""/><Instrument ILLUMINA=""NextSeq 500""/><Library_descriptor><LIBRARY_NAME>GSM7843751</LIBRARY_NAME><LIBRARY_STRATEGY>RNA-Seq</LIBRARY_STRATEGY><LIBRARY_SOURCE>TRANSCRIPTOMIC</LIBRARY_SOURCE><LIBRARY_SELECTION>cDNA</LIBRARY_SELECTION><LIBRARY_LAYOUT><SINGLE/></LIBRARY_LAYOUT><LIBRARY_CONSTRUCTION_PROTOCOL>Total RNA was isolated using a RNeasy Mini kit and treated with DNase (Qiagen). mRNA-seq libraries were prepared with a Kapa mRNA Hyper Prep kit (Roche).</LIBRARY_CONSTRUCTION_PROTOCOL></Library_descriptor><Bioproject>PRJNA1028585</Bioproject><Biosample>SAMN37851217</Biosample>",,RAW_SEQUENCING,BULK_RNA_SEQ,,,https://www.ncbi.nlm.nih.gov/sra/?term=SRR26401907,True,False,trastuzumab_resistance,BT474 AND trastuzumab resistant,2026-08-31T05:26:02.082215+00:00,False,True,False,False,False,False,True,False,UNRESOLVED,40,EXPLORATORY,+25 direct trastuzumab-resistance wording | +10 raw data available | +5 independent model/cohort,True
SRA:SRR26401908,SRA,SRR26401908,,"<Summary><Title>GSM7843750: HR6_Z8KO2_1; Homo sapiens; RNA-Seq</Title><Platform instrument_model=""NextSeq 500"">ILLUMINA</Platform><Statistics total_runs=""1"" total_spots=""30003327"" total_bases=""2250249525"" total_size=""896848109"" load_done=""true"" cluster_name=""public""/></Summary><Submitter acc=""SRA1733069"" center_name=""Pathology, UT Southwestern Medical Center"" contact_name=""GEO Group"" lab_name=""""/><Experiment acc=""SRX22107641"" ver=""2"" status=""public"" name=""GSM7843750: HR6_Z8KO2_1; Homo sapiens; RNA-Seq""/><Study acc=""SRP466638"" name=""ZMYND8 transcriptome in trastuzumab resistant breast tumor cells""/><Organism taxid=""9606"" ScientificName=""Homo sapiens""/><Sample acc=""SRS19172532"" name=""""/><Instrument ILLUMINA=""NextSeq 500""/><Library_descriptor><LIBRARY_NAME>GSM7843750</LIBRARY_NAME><LIBRARY_STRATEGY>RNA-Seq</LIBRARY_STRATEGY><LIBRARY_SOURCE>TRANSCRIPTOMIC</LIBRARY_SOURCE><LIBRARY_SELECTION>cDNA</LIBRARY_SELECTION><LIBRARY_LAYOUT><SINGLE/></LIBRARY_LAYOUT><LIBRARY_CONSTRUCTION_PROTOCOL>Total RNA was isolated using a RNeasy Mini kit and treated with DNase (Qiagen). mRNA-seq libraries were prepared with a Kapa mRNA Hyper Prep kit (Roche).</LIBRARY_CONSTRUCTION_PROTOCOL></Library_descriptor><Bioproject>PRJNA1028585</Bioproject><Biosample>SAMN37851218</Biosample>",,RAW_SEQUENCING,BULK_RNA_SEQ,,,https://www.ncbi.nlm.nih.gov/sra/?term=SRR26401908,True,False,trastuzumab_resistance,BT474 AND trastuzumab resistant,2026-08-31T05:26:02.082284+00:00,False,True,False,False,False,False,True,False,UNRESOLVED,40,EXPLORATORY,+25 direct trastuzumab-resistance wording | +10 raw data available | +5 independent model/cohort,True
SRA:SRR26401909,SRA,SRR26401909,,"<Summary><Title>GSM7843749: HR6_Z8KO1_2; Homo sapiens; RNA-Seq</Title><Platform instrument_model=""NextSeq 500"">ILLUMINA</Platform><Statistics total_runs=""1"" total_spots=""34896317"" total_bases=""2617223775"" total_size=""1038424627"" load_done=""true"" cluster_name=""public""/></Summary><Submitter acc=""SRA1733069"" center_name=""Pathology, UT Southwestern Medical Center"" contact_name=""GEO Group"" lab_name=""""/><Experiment acc=""SRX22107640"" ver=""2"" status=""public"" name=""GSM7843749: HR6_Z8KO1_2; Homo sapiens; RNA-Seq""/><Study acc=""SRP466638"" name=""ZMYND8 transcriptome in trastuzumab resistant breast tumor cells""/><Organism taxid=""9606"" ScientificName=""Homo sapiens""/><Sample acc=""SRS19172530"" name=""""/><Instrument ILLUMINA=""NextSeq 500""/><Library_descriptor><LIBRARY_NAME>GSM7843749</LIBRARY_NAME><LIBRARY_STRATEGY>RNA-Seq</LIBRARY_STRATEGY><LIBRARY_SOURCE>TRANSCRIPTOMIC</LIBRARY_SOURCE><LIBRARY_SELECTION>cDNA</LIBRARY_SELECTION><LIBRARY_LAYOUT><SINGLE/></LIBRARY_LAYOUT><LIBRARY_CONSTRUCTION_PROTOCOL>Total RNA was isolated using a RNeasy Mini kit and treated with DNase (Qiagen). mRNA-seq libraries were prepared with a Kapa mRNA Hyper Prep kit (Roche).</LIBRARY_CONSTRUCTION_PROTOCOL></Library_descriptor><Bioproject>PRJNA1028585</Bioproject><Biosample>SAMN37851219</Biosample>",,RAW_SEQUENCING,BULK_RNA_SEQ,,,https://www.ncbi.nlm.nih.gov/sra/?term=SRR26401909,True,False,trastuzumab_resistance,BT474 AND trastuzumab resistant,2026-08-31T05:26:02.082314+00:00,False,True,False,False,False,False,True,False,UNRESOLVED,40,EXPLORATORY,+25 direct trastuzumab-resistance wording | +10 raw data available | +5 independent model/cohort,True
SRA:SRR26401910,SRA,SRR26401910,,"<Summary><Title>GSM7843748: HR6_Z8KO1_1; Homo sapiens; RNA-Seq</Title><Platform instrument_model=""NextSeq 500"">ILLUMINA</Platform><Statistics total_runs=""1"" total_spots=""31969444"" total_bases=""2397708300"" total_size=""954493984"" load_done=""true"" cluster_name=""public""/></Summary><Submitter acc=""SRA1733069"" center_name=""Pathology, UT Southwestern Medical Center"" contact_name=""GEO Group"" lab_name=""""/><Experiment acc=""SRX22107639"" ver=""2"" status=""public"" name=""GSM7843748: HR6_Z8KO1_1; Homo sapiens; RNA-Seq""/><Study acc=""SRP466638"" name=""ZMYND8 transcriptome in trastuzumab resistant breast tumor cells""/><Organism taxid=""9606"" ScientificName=""Homo sapiens""/><Sample acc=""SRS19172529"" name=""""/><Instrument ILLUMINA=""NextSeq 500""/><Library_descriptor><LIBRARY_NAME>GSM7843748</LIBRARY_NAME><LIBRARY_STRATEGY>RNA-Seq</LIBRARY_STRATEGY><LIBRARY_SOURCE>TRANSCRIPTOMIC</LIBRARY_SOURCE><LIBRARY_SELECTION>cDNA</LIBRARY_SELECTION><LIBRARY_LAYOUT><SINGLE/></LIBRARY_LAYOUT><LIBRARY_CONSTRUCTION_PROTOCOL>Total RNA was isolated using a RNeasy Mini kit and treated with DNase (Qiagen). mRNA-seq libraries were prepared with a Kapa mRNA Hyper Prep kit (Roche).</LIBRARY_CONSTRUCTION_PROTOCOL></Library_descriptor><Bioproject>PRJNA1028585</Bioproject><Biosample>SAMN37851220</Biosample>",,RAW_SEQUENCING,BULK_RNA_SEQ,,,https://www.ncbi.nlm.nih.gov/sra/?term=SRR26401910,True,False,trastuzumab_resistance,BT474 AND trastuzumab resistant,2026-08-31T05:26:02.082338+00:00,False,True,False,False,False,False,True,False,UNRESOLVED,40,EXPLORATORY,+25 direct trastuzumab-resistance wording | +10 raw data available | +5 independent model/cohort,True
SRA:SRR26401911,SRA,SRR26401911,,"<Summary><Title>GSM7843747: HR6_2; Homo sapiens; RNA-Seq</Title><Platform instrument_model=""NextSeq 500"">ILLUMINA</Platform><Statistics total_runs=""1"" total_spots=""32608143"" total_bases=""2445610725"" total_size=""976639343"" load_done=""true"" cluster_name=""public""/></Summary><Submitter acc=""SRA1733069"" center_name=""Pathology, UT Southwestern Medical Center"" contact_name=""GEO Group"" lab_name=""""/><Experiment acc=""SRX22107638"" ver=""2"" status=""public"" name=""GSM7843747: HR6_2; Homo sapiens; RNA-Seq""/><Study acc=""SRP466638"" name=""ZMYND8 transcriptome in trastuzumab resistant breast tumor cells""/><Organism taxid=""9606"" ScientificName=""Homo sapiens""/><Sample acc=""SRS19172531"" name=""""/><Instrument ILLUMINA=""NextSeq 500""/><Library_descriptor><LIBRARY_NAME>GSM7843747</LIBRARY_NAME><LIBRARY_STRATEGY>RNA-Seq</LIBRARY_STRATEGY><LIBRARY_SOURCE>TRANSCRIPTOMIC</LIBRARY_SOURCE><LIBRARY_SELECTION>cDNA</LIBRARY_SELECTION><LIBRARY_LAYOUT><SINGLE/></LIBRARY_LAYOUT><LIBRARY_CONSTRUCTION_PROTOCOL>Total RNA was isolated using a RNeasy Mini kit and treated with DNase (Qiagen). mRNA-seq libraries were prepared with a Kapa mRNA Hyper Prep kit (Roche).</LIBRARY_CONSTRUCTION_PROTOCOL></Library_descriptor><Bioproject>PRJNA1028585</Bioproject><Biosample>SAMN37851221</Biosample>",,RAW_SEQUENCING,BULK_RNA_SEQ,,,https://www.ncbi.nlm.nih.gov/sra/?term=SRR26401911,True,False,trastuzumab_resistance,BT474 AND trastuzumab resistant,2026-08-31T05:26:02.082360+00:00,False,True,False,False,False,False,True,False,UNRESOLVED,40,EXPLORATORY,+25 direct trastuzumab-resistance wording | +10 raw data available | +5 independent model/cohort,True
SRA:SRR26401912,SRA,SRR26401912,,"<Summary><Title>GSM7843746: HR6_1; Homo sapiens; RNA-Seq</Title><Platform instrument_model=""NextSeq 500"">ILLUMINA</Platform><Statistics total_runs=""1"" total_spots=""32008318"" total_bases=""2400623850"" total_size=""955458569"" load_done=""true"" cluster_name=""public""/></Summary><Submitter acc=""SRA1733069"" center_name=""Pathology, UT Southwestern Medical Center"" contact_name=""GEO Group"" lab_name=""""/><Experiment acc=""SRX22107637"" ver=""2"" status=""public"" name=""GSM7843746: HR6_1; Homo sapiens; RNA-Seq""/><Study acc=""SRP466638"" name=""ZMYND8 transcriptome in trastuzumab resistant breast tumor cells""/><Organism taxid=""9606"" ScientificName=""Homo sapiens""/><Sample acc=""SRS19172528"" name=""""/><Instrument ILLUMINA=""NextSeq 500""/><Library_descriptor><LIBRARY_NAME>GSM7843746</LIBRARY_NAME><LIBRARY_STRATEGY>RNA-Seq</LIBRARY_STRATEGY><LIBRARY_SOURCE>TRANSCRIPTOMIC</LIBRARY_SOURCE><LIBRARY_SELECTION>cDNA</LIBRARY_SELECTION><LIBRARY_LAYOUT><SINGLE/></LIBRARY_LAYOUT><LIBRARY_CONSTRUCTION_PROTOCOL>Total RNA was isolated using a RNeasy Mini kit and treated with DNase (Qiagen). mRNA-seq libraries were prepared with a Kapa mRNA Hyper Prep kit (Roche).</LIBRARY_CONSTRUCTION_PROTOCOL></Library_descriptor><Bioproject>PRJNA1028585</Bioproject><Biosample>SAMN37851222</Biosample>",,RAW_SEQUENCING,BULK_RNA_SEQ,,,https://www.ncbi.nlm.nih.gov/sra/?term=SRR26401912,True,False,trastuzumab_resistance,BT474 AND trastuzumab resistant,2026-08-31T05:26:02.082382+00:00,False,True,False,False,False,False,True,False,UNRESOLVED,40,EXPLORATORY,+25 direct trastuzumab-resistance wording | +10 raw data available | +5 independent model/cohort,True
SRA:SRR26401913,SRA,SRR26401913,,"<Summary><Title>GSM7843745: BT474T_2; Homo sapiens; RNA-Seq</Title><Platform instrument_model=""NextSeq 500"">ILLUMINA</Platform><Statistics total_runs=""1"" total_spots=""54447412"" total_bases=""4138003312"" total_size=""1676399307"" load_done=""true"" cluster_name=""public""/></Summary><Submitter acc=""SRA1733069"" center_name=""Pathology, UT Southwestern Medical Center"" contact_name=""GEO Group"" lab_name=""""/><Experiment acc=""SRX22107636"" ver=""2"" status=""public"" name=""GSM7843745: BT474T_2; Homo sapiens; RNA-Seq""/><Study acc=""SRP466638"" name=""ZMYND8 transcriptome in trastuzumab resistant breast tumor cells""/><Organism taxid=""9606"" ScientificName=""Homo sapiens""/><Sample acc=""SRS19172527"" name=""""/><Instrument ILLUMINA=""NextSeq 500""/><Library_descriptor><LIBRARY_NAME>GSM7843745</LIBRARY_NAME><LIBRARY_STRATEGY>RNA-Seq</LIBRARY_STRATEGY><LIBRARY_SOURCE>TRANSCRIPTOMIC</LIBRARY_SOURCE><LIBRARY_SELECTION>cDNA</LIBRARY_SELECTION><LIBRARY_LAYOUT><SINGLE/></LIBRARY_LAYOUT><LIBRARY_CONSTRUCTION_PROTOCOL>Total RNA was isolated using a RNeasy Mini kit and treated with DNase (Qiagen). mRNA-seq libraries were prepared with a Kapa mRNA Hyper Prep kit (Roche).</LIBRARY_CONSTRUCTION_PROTOCOL></Library_descriptor><Bioproject>PRJNA1028585</Bioproject><Biosample>SAMN37851223</Biosample>",,RAW_SEQUENCING,BULK_RNA_SEQ,,,https://www.ncbi.nlm.nih.gov/sra/?term=SRR26401913,True,False,trastuzumab_resistance,BT474 AND trastuzumab resistant,2026-08-31T05:26:02.082404+00:00,False,True,False,False,False,False,True,False,UNRESOLVED,40,EXPLORATORY,+25 direct trastuzumab-resistance wording | +10 raw data available | +5 independent model/cohort,True
SRA:SRR26401914,SRA,SRR26401914,,"<Summary><Title>GSM7843744: BT474T_1; Homo sapiens; RNA-Seq</Title><Platform instrument_model=""NextSeq 500"">ILLUMINA</Platform><Statistics total_runs=""1"" total_spots=""30624984"" total_bases=""2296873800"" total_size=""913650491"" load_done=""true"" cluster_name=""public""/></Summary><Submitter acc=""SRA1733069"" center_name=""Pathology, UT Southwestern Medical Center"" contact_name=""GEO Group"" lab_name=""""/><Experiment acc=""SRX22107635"" ver=""2"" status=""public"" name=""GSM7843744: BT474T_1; Homo sapiens; RNA-Seq""/><Study acc=""SRP466638"" name=""ZMYND8 transcriptome in trastuzumab resistant breast tumor cells""/><Organism taxid=""9606"" ScientificName=""Homo sapiens""/><Sample acc=""SRS19172526"" name=""""/><Instrument ILLUMINA=""NextSeq 500""/><Library_descriptor><LIBRARY_NAME>GSM7843744</LIBRARY_NAME><LIBRARY_STRATEGY>RNA-Seq</LIBRARY_STRATEGY><LIBRARY_SOURCE>TRANSCRIPTOMIC</LIBRARY_SOURCE><LIBRARY_SELECTION>cDNA</LIBRARY_SELECTION><LIBRARY_LAYOUT><SINGLE/></LIBRARY_LAYOUT><LIBRARY_CONSTRUCTION_PROTOCOL>Total RNA was isolated using a RNeasy Mini kit and treated with DNase (Qiagen). mRNA-seq libraries were prepared with a Kapa mRNA Hyper Prep kit (Roche).</LIBRARY_CONSTRUCTION_PROTOCOL></Library_descriptor><Bioproject>PRJNA1028585</Bioproject><Biosample>SAMN37851224</Biosample>",,RAW_SEQUENCING,BULK_RNA_SEQ,,,https://www.ncbi.nlm.nih.gov/sra/?term=SRR26401914,True,False,trastuzumab_resistance,BT474 AND trastuzumab resistant,2026-08-31T05:26:02.082426+00:00,False,True,False,False,False,False,True,False,UNRESOLVED,40,EXPLORATORY,+25 direct trastuzumab-resistance wording | +10 raw data available | +5 independent model/cohort,True
SRA:SRR7176870,SRA,SRR7176870,,"<Summary><Title>GSM3145240: 10705X1 (SKBr3); Homo sapiens; RNA-Seq</Title><Platform instrument_model=""Illumina HiSeq 2500"">ILLUMINA</Platform><Statistics total_runs=""1"" total_spots=""53405270"" total_bases=""10787864540"" total_size=""6872114629"" load_done=""true"" cluster_name=""public""/></Summary><Submitter acc=""SRA705907"" center_name=""GEO"" contact_name=""Gene Expression Omnibus (GEO), NCBI, NLM, NIH, htt"" lab_name=""""/><Experiment acc=""SRX4094399"" ver=""2"" status=""public"" name=""GSM3145240: 10705X1 (SKBr3); Homo sapiens; RNA-Seq""/><Study acc=""SRP148112"" name=""RNA-seq profiling of trastuzumab or lapatinib sensitive and resistant SKBR3 breast cancer cells""/><Organism taxid=""9606"" ScientificName=""Homo sapiens""/><Sample acc=""SRS3310913"" name=""""/><Instrument ILLUMINA=""Illumina HiSeq 2500""/><Library_descriptor><LIBRARY_STRATEGY>RNA-Seq</LIBRARY_STRATEGY><LIBRARY_SOURCE>TRANSCRIPTOMIC</LIBRARY_SOURCE><LIBRARY_SELECTION>cDNA</LIBRARY_SELECTION><LIBRARY_LAYOUT><PAIRED/></LIBRARY_LAYOUT><LIBRARY_CONSTRUCTION_PROTOCOL>PDX tumor was removed, flash frozen on dry ice, and RNA was harvested using Qiagen kit . 1 ug of total RNA for the construction of sequencing libraries. Library protocol =Illumina TruSeq Stranded mRNA Library Preparation Kit with poly(A) selection , HiSeq 101 Cycle Paired-End Sequencing v4</LIBRARY_CONSTRUCTION_PROTOCOL></Library_descriptor><Bioproject>PRJNA471825</Bioproject><Biosample>SAMN09219443</Biosample>",,RAW_SEQUENCING,BULK_RNA_SEQ,,,https://www.ncbi.nlm.nih.gov/sra/?term=SRR7176870,True,False,trastuzumab_resistance,SKBR3 AND trastuzumab resistant,2026-08-31T05:26:05.059016+00:00,False,True,False,False,False,False,True,False,UNRESOLVED,40,EXPLORATORY,+25 direct trastuzumab-resistance wording | +10 raw data available | +5 independent model/cohort,True
SRA:SRR7176871,SRA,SRR7176871,,"<Summary><Title>GSM3145241: 10705X2 (Her/trastuz resist); Homo sapiens; RNA-Seq</Title><Platform instrument_model=""Illumina HiSeq 2500"">ILLUMINA</Platform><Statistics total_runs=""1"" total_spots=""30241853"" total_bases=""6108854306"" total_size=""3891603355"" load_done=""true"" cluster_name=""public""/></Summary><Submitter acc=""SRA705907"" center_name=""GEO"" contact_name=""Gene Expression Omnibus (GEO), NCBI, NLM, NIH, htt"" lab_name=""""/><Experiment acc=""SRX4094400"" ver=""2"" status=""public"" name=""GSM3145241: 10705X2 (Her/trastuz resist); Homo sapiens; RNA-Seq""/><Study acc=""SRP148112"" name=""RNA-seq profiling of trastuzumab or lapatinib sensitive and resistant SKBR3 breast cancer cells""/><Organism taxid=""9606"" ScientificName=""Homo sapiens""/><Sample acc=""SRS3310912"" name=""""/><Instrument ILLUMINA=""Illumina HiSeq 2500""/><Library_descriptor><LIBRARY_STRATEGY>RNA-Seq</LIBRARY_STRATEGY><LIBRARY_SOURCE>TRANSCRIPTOMIC</LIBRARY_SOURCE><LIBRARY_SELECTION>cDNA</LIBRARY_SELECTION><LIBRARY_LAYOUT><PAIRED/></LIBRARY_LAYOUT><LIBRARY_CONSTRUCTION_PROTOCOL>PDX tumor was removed, flash frozen on dry ice, and RNA was harvested using Qiagen kit . 1 ug of total RNA for the construction of sequencing libraries. Library protocol =Illumina TruSeq Stranded mRNA Library Preparation Kit with poly(A) selection , HiSeq 101 Cycle Paired-End Sequencing v4</LIBRARY_CONSTRUCTION_PROTOCOL></Library_descriptor><Bioproject>PRJNA471825</Bioproject><Biosample>SAMN09219442</Biosample>",,RAW_SEQUENCING,BULK_RNA_SEQ,,,https://www.ncbi.nlm.nih.gov/sra/?term=SRR7176871,True,False,trastuzumab_resistance,SKBR3 AND trastuzumab resistant,2026-08-31T05:26:05.058992+00:00,False,True,False,False,False,False,True,False,UNRESOLVED,40,EXPLORATORY,+25 direct trastuzumab-resistance wording | +10 raw data available | +5 independent model/cohort,True
SRA:SRR7176872,SRA,SRR7176872,,"<Summary><Title>GSM3145242: 10705X3 (Lap/lapatinib resist); Homo sapiens; RNA-Seq</Title><Platform instrument_model=""Illumina HiSeq 2500"">ILLUMINA</Platform><Statistics total_runs=""1"" total_spots=""31817629"" total_bases=""6427161058"" total_size=""4067253343"" load_done=""true"" cluster_name=""public""/></Summary><Submitter acc=""SRA705907"" center_name=""GEO"" contact_name=""Gene Expression Omnibus (GEO), NCBI, NLM, NIH, htt"" lab_name=""""/><Experiment acc=""SRX4094401"" ver=""2"" status=""public"" name=""GSM3145242: 10705X3 (Lap/lapatinib resist); Homo sapiens; RNA-Seq""/><Study acc=""SRP148112"" name=""RNA-seq profiling of trastuzumab or lapatinib sensitive and resistant SKBR3 breast cancer cells""/><Organism taxid=""9606"" ScientificName=""Homo sapiens""/><Sample acc=""SRS3310915"" name=""""/><Instrument ILLUMINA=""Illumina HiSeq 2500""/><Library_descriptor><LIBRARY_STRATEGY>RNA-Seq</LIBRARY_STRATEGY><LIBRARY_SOURCE>TRANSCRIPTOMIC</LIBRARY_SOURCE><LIBRARY_SELECTION>cDNA</LIBRARY_SELECTION><LIBRARY_LAYOUT><PAIRED/></LIBRARY_LAYOUT><LIBRARY_CONSTRUCTION_PROTOCOL>PDX tumor was removed, flash frozen on dry ice, and RNA was harvested using Qiagen kit . 1 ug of total RNA for the construction of sequencing libraries. Library protocol =Illumina TruSeq Stranded mRNA Library Preparation Kit with poly(A) selection , HiSeq 101 Cycle Paired-End Sequencing v4</LIBRARY_CONSTRUCTION_PROTOCOL></Library_descriptor><Bioproject>PRJNA471825</Bioproject><Biosample>SAMN09219441</Biosample>",,RAW_SEQUENCING,BULK_RNA_SEQ,,,https://www.ncbi.nlm.nih.gov/sra/?term=SRR7176872,True,False,trastuzumab_resistance,SKBR3 AND trastuzumab resistant,2026-08-31T05:26:05.058967+00:00,False,True,False,False,False,False,True,False,UNRESOLVED,40,EXPLORATORY,+25 direct trastuzumab-resistance wording | +10 raw data available | +5 independent model/cohort,True
SRA:SRR7176873,SRA,SRR7176873,,"<Summary><Title>GSM3145243: 10705X4 (Her/Lap resist - sequential); Homo sapiens; RNA-Seq</Title><Platform instrument_model=""Illumina HiSeq 2500"">ILLUMINA</Platform><Statistics total_runs=""1"" total_spots=""34803758"" total_bases=""7030359116"" total_size=""4476322376"" load_done=""true"" cluster_name=""public""/></Summary><Submitter acc=""SRA705907"" center_name=""GEO"" contact_name=""Gene Expression Omnibus (GEO), NCBI, NLM, NIH, htt"" lab_name=""""/><Experiment acc=""SRX4094402"" ver=""2"" status=""public"" name=""GSM3145243: 10705X4 (Her/Lap resist - sequential); Homo sapiens; RNA-Seq""/><Study acc=""SRP148112"" name=""RNA-seq profiling of trastuzumab or lapatinib sensitive and resistant SKBR3 breast cancer cells""/><Organism taxid=""9606"" ScientificName=""Homo sapiens""/><Sample acc=""SRS3310917"" name=""""/><Instrument ILLUMINA=""Illumina HiSeq 2500""/><Library_descriptor><LIBRARY_STRATEGY>RNA-Seq</LIBRARY_STRATEGY><LIBRARY_SOURCE>TRANSCRIPTOMIC</LIBRARY_SOURCE><LIBRARY_SELECTION>cDNA</LIBRARY_SELECTION><LIBRARY_LAYOUT><PAIRED/></LIBRARY_LAYOUT><LIBRARY_CONSTRUCTION_PROTOCOL>PDX tumor was removed, flash frozen on dry ice, and RNA was harvested using Qiagen kit . 1 ug of total RNA for the construction of sequencing libraries. Library protocol =Illumina TruSeq Stranded mRNA Library Preparation Kit with poly(A) selection , HiSeq 101 Cycle Paired-End Sequencing v4</LIBRARY_CONSTRUCTION_PROTOCOL></Library_descriptor><Bioproject>PRJNA471825</Bioproject><Biosample>SAMN09219440</Biosample>",,RAW_SEQUENCING,BULK_RNA_SEQ,,,https://www.ncbi.nlm.nih.gov/sra/?term=SRR7176873,True,False,trastuzumab_resistance,SKBR3 AND trastuzumab resistant,2026-08-31T05:26:05.058941+00:00,False,True,False,False,False,False,True,False,UNRESOLVED,40,EXPLORATORY,+25 direct trastuzumab-resistance wording | +10 raw data available | +5 independent model/cohort,True
SRA:SRR7176874,SRA,SRR7176874,,"<Summary><Title>GSM3145244: 10705X5 (Lap/Her resist - sequential); Homo sapiens; RNA-Seq</Title><Platform instrument_model=""Illumina HiSeq 2500"">ILLUMINA</Platform><Statistics total_runs=""1"" total_spots=""37268532"" total_bases=""7528243464"" total_size=""4786404756"" load_done=""true"" cluster_name=""public""/></Summary><Submitter acc=""SRA705907"" center_name=""GEO"" contact_name=""Gene Expression Omnibus (GEO), NCBI, NLM, NIH, htt"" lab_name=""""/><Experiment acc=""SRX4094403"" ver=""2"" status=""public"" name=""GSM3145244: 10705X5 (Lap/Her resist - sequential); Homo sapiens; RNA-Seq""/><Study acc=""SRP148112"" name=""RNA-seq profiling of trastuzumab or lapatinib sensitive and resistant SKBR3 breast cancer cells""/><Organism taxid=""9606"" ScientificName=""Homo sapiens""/><Sample acc=""SRS3310914"" name=""""/><Instrument ILLUMINA=""Illumina HiSeq 2500""/><Library_descriptor><LIBRARY_STRATEGY>RNA-Seq</LIBRARY_STRATEGY><LIBRARY_SOURCE>TRANSCRIPTOMIC</LIBRARY_SOURCE><LIBRARY_SELECTION>cDNA</LIBRARY_SELECTION><LIBRARY_LAYOUT><PAIRED/></LIBRARY_LAYOUT><LIBRARY_CONSTRUCTION_PROTOCOL>PDX tumor was removed, flash frozen on dry ice, and RNA was harvested using Qiagen kit . 1 ug of total RNA for the construction of sequencing libraries. Library protocol =Illumina TruSeq Stranded mRNA Library Preparation Kit with poly(A) selection , HiSeq 101 Cycle Paired-End Sequencing v4</LIBRARY_CONSTRUCTION_PROTOCOL></Library_descriptor><Bioproject>PRJNA471825</Bioproject><Biosample>SAMN09219439</Biosample>",,RAW_SEQUENCING,BULK_RNA_SEQ,,,https://www.ncbi.nlm.nih.gov/sra/?term=SRR7176874,True,False,trastuzumab_resistance,SKBR3 AND trastuzumab resistant,2026-08-31T05:26:05.058902+00:00,False,True,False,False,False,False,True,False,UNRESOLVED,40,EXPLORATORY,+25 direct trastuzumab-resistance wording | +10 raw data available | +5 independent model/cohort,True
SRA:SRR7997180,SRA,SRR7997180,,"<Summary><Title>GSM3426231: BT-TPR2_replicate2; Homo sapiens; RNA-Seq</Title><Platform instrument_model=""Illumina HiSeq 2000"">ILLUMINA</Platform><Statistics total_runs=""1"" total_spots=""25332645"" total_bases=""2533264500"" total_size=""1901644952"" load_done=""true"" cluster_name=""public""/></Summary><Submitter acc=""SRA792450"" center_name=""GEO"" contact_name=""Gene Expression Omnibus (GEO), NCBI, NLM, NIH, htt"" lab_name=""""/><Experiment acc=""SRX4828044"" ver=""1"" status=""public"" name=""GSM3426231: BT-TPR2_replicate2; Homo sapiens; RNA-Seq""/><Study acc=""SRP164949"" name=""RNA sequencing of BT474 cells treated with trastuzumab or trastuzumab + pertuzumab and BT474-derived cells resistant to trastuzumab or trastuzumab + pertuzumab""/><Organism taxid=""9606"" ScientificName=""Homo sapiens""/><Sample acc=""SRS3899572"" name=""""/><Instrument ILLUMINA=""Illumina HiSeq 2000""/><Library_descriptor><LIBRARY_STRATEGY>RNA-Seq</LIBRARY_STRATEGY><LIBRARY_SOURCE>TRANSCRIPTOMIC</LIBRARY_SOURCE><LIBRARY_SELECTION>cDNA</LIBRARY_SELECTION><LIBRARY_LAYOUT><SINGLE/></LIBRARY_LAYOUT><LIBRARY_CONSTRUCTION_PROTOCOL>Cell pellets were flash frozen on dry ice ethanol bath. RNA was extracted using Qiagen RNeasy Plus Mini kit according the manufacturer's protocol. RNA libraries were prepared for sequencing using standard Illumina protocols by the Yale Stem Cell Center Genomics Core.</LIBRARY_CONSTRUCTION_PROTOCOL></Library_descriptor><Bioproject>PRJNA495653</Bioproject><Biosample>SAMN10229194</Biosample>",,RAW_SEQUENCING,BULK_RNA_SEQ,,,https://www.ncbi.nlm.nih.gov/sra/?term=SRR7997180,True,False,trastuzumab_resistance,BT474 AND trastuzumab resistant,2026-08-31T05:26:02.082472+00:00,False,True,False,False,False,False,True,False,UNRESOLVED,40,EXPLORATORY,+25 direct trastuzumab-resistance wording | +10 raw data available | +5 independent model/cohort,True
SRA:SRR7997181,SRA,SRR7997181,,"<Summary><Title>GSM3426232: BT-TPR2_replicate3; Homo sapiens; RNA-Seq</Title><Platform instrument_model=""Illumina HiSeq 2000"">ILLUMINA</Platform><Statistics total_runs=""1"" total_spots=""20412258"" total_bases=""2041225800"" total_size=""1508633638"" load_done=""true"" cluster_name=""public""/></Summary><Submitter acc=""SRA792450"" center_name=""GEO"" contact_name=""Gene Expression Omnibus (GEO), NCBI, NLM, NIH, htt"" lab_name=""""/><Experiment acc=""SRX4828045"" ver=""1"" status=""public"" name=""GSM3426232: BT-TPR2_replicate3; Homo sapiens; RNA-Seq""/><Study acc=""SRP164949"" name=""RNA sequencing of BT474 cells treated with trastuzumab or trastuzumab + pertuzumab and BT474-derived cells resistant to trastuzumab or trastuzumab + pertuzumab""/><Organism taxid=""9606"" ScientificName=""Homo sapiens""/><Sample acc=""SRS3899576"" name=""""/><Instrument ILLUMINA=""Illumina HiSeq 2000""/><Library_descriptor><LIBRARY_STRATEGY>RNA-Seq</LIBRARY_STRATEGY><LIBRARY_SOURCE>TRANSCRIPTOMIC</LIBRARY_SOURCE><LIBRARY_SELECTION>cDNA</LIBRARY_SELECTION><LIBRARY_LAYOUT><SINGLE/></LIBRARY_LAYOUT><LIBRARY_CONSTRUCTION_PROTOCOL>Cell pellets were flash frozen on dry ice ethanol bath. RNA was extracted using Qiagen RNeasy Plus Mini kit according the manufacturer's protocol. RNA libraries were prepared for sequencing using standard Illumina protocols by the Yale Stem Cell Center Genomics Core.</LIBRARY_CONSTRUCTION_PROTOCOL></Library_descriptor><Bioproject>PRJNA495653</Bioproject><Biosample>SAMN10229192</Biosample>",,RAW_SEQUENCING,BULK_RNA_SEQ,,,https://www.ncbi.nlm.nih.gov/sra/?term=SRR7997181,True,False,trastuzumab_resistance,BT474 AND trastuzumab resistant,2026-08-31T05:26:02.082447+00:00,False,True,False,False,False,False,True,False,UNRESOLVED,40,EXPLORATORY,+25 direct trastuzumab-resistance wording | +10 raw data available | +5 independent model/cohort,True
GEO:GSE123754,GEO,GSE123754,Epigenetic Silencing of TGFBI Confers Resistance to Trastuzumab in Human Breast Cancer,Epigenetic silencing of TGFBI confers resistance to trastuzumab in human breast cancer.,Homo sapiens,Methylation profiling by genome tiling array,UNKNOWN,2,2019/07/09,https://www.ncbi.nlm.nih.gov/geo/query/acc.cgi?acc=GSE123754,,True,trastuzumab_resistance,SKBR3 AND trastuzumab resistant,2026-08-31T05:26:03.294951+00:00,True,True,False,False,False,False,True,True,UNRESOLVED,35,EXCLUDE_OR_MANUAL_REVIEW,+25 direct trastuzumab-resistance wording | +5 independent model/cohort | +5 PD-1/PD-L1 or TGF-beta relevance,True
GEO:GSE114575,GEO,GSE114575,RNA-seq profiling of trastuzumab or lapatinib sensitive and resistant SKBR3 breast cancer cells,"RNAseq was done using Library protocol =Illumina TruSeq Stranded mRNA Library Preparation Kit with poly(A) selection , HiSeq 101 Cycle Paired-End Sequencing v4",Homo sapiens,Expression profiling by high throughput sequencing,BULK_RNA_SEQ,5,2018/11/30,https://www.ncbi.nlm.nih.gov/geo/query/acc.cgi?acc=GSE114575,,True,trastuzumab_resistance,SKBR3 AND trastuzumab resistant,2026-08-31T05:26:03.294965+00:00,True,True,False,False,False,False,True,False,UNRESOLVED,30,EXCLUDE_OR_MANUAL_REVIEW,+25 direct trastuzumab-resistance wording | +5 independent model/cohort,True
GEO:GSE121105,GEO,GSE121105,RNA sequencing of BT474 cells treated with trastuzumab or trastuzumab + pertuzumab and BT474-derived cells resistant to trastuzumab or trastuzumab + pertuzumab,"We sequenced untreated BT474 cells, BT474 cells treated for three days with trastuzumab or trastuzumab + pertuzumab, as well as two BT474-derived trastuzumab-resistant pools and two BT474-derived trastuzumab + pertuzumab resistant pools. Resistant pools were generated by culturing BT474 cells in gradually increasing doses of trastuzumab and trastuzumab + pertuzumab over the course of several months and continually maintained in drug.",Homo sapiens,Expression profiling by high throughput sequencing,UNKNOWN,21,2020/01/26,https://www.ncbi.nlm.nih.gov/geo/query/acc.cgi?acc=GSE121105,,True,trastuzumab_resistance,BT474 AND trastuzumab resistant,2026-08-31T05:26:00.574707+00:00,True,True,False,False,False,False,True,False,UNRESOLVED,30,EXCLUDE_OR_MANUAL_REVIEW,+25 direct trastuzumab-resistance wording | +5 independent model/cohort,True
GEO:GSE189160,GEO,GSE189160,m6A modification in Herceptin resistant cells [MeRIP-Seq],"We report the application of specific antibodies and high-throughput sequencing technologies (methylated RNA immunoprecipitation sequencing, MeRIP-seq) for high-throughput profiling of m6A modifications in breast cancer herceptin resistant cells. We generated maps of m6A modified transcripts in BT474 and BT474.TtzmR cells. We find that the m6A level was significantly increased in BT474.TtzmR cells compared to the BT474 cells. We show that there was a close correlation between the m6A modification and herceptin  resistance.",Homo sapiens,Methylation profiling by high throughput sequencing,UNKNOWN,12,2024/11/18,https://www.ncbi.nlm.nih.gov/geo/query/acc.cgi?acc=GSE189160,,True,trastuzumab_resistance,BT474 AND trastuzumab resistant,2026-08-31T05:26:00.574619+00:00,True,True,False,False,False,False,True,False,UNRESOLVED,30,EXCLUDE_OR_MANUAL_REVIEW,+25 direct trastuzumab-resistance wording | +5 independent model/cohort,True
GEO:GSE245486,GEO,GSE245486,ZMYND8 transcriptome in trastuzumab resistant breast tumor cells,ZMYND8 regulates genes involved in trastuzumab resistance.,Homo sapiens,Expression profiling by high throughput sequencing,UNKNOWN,8,2025/03/27,https://www.ncbi.nlm.nih.gov/geo/query/acc.cgi?acc=GSE245486,,True,trastuzumab_resistance,BT474 AND trastuzumab resistant,2026-08-31T05:26:00.574601+00:00,True,True,False,False,False,False,True,False,UNRESOLVED,30,EXCLUDE_OR_MANUAL_REVIEW,+25 direct trastuzumab-resistance wording | +5 independent model/cohort,True
SRA:SRR9172028,SRA,SRR9172028,,"<Summary><Title>GSM3840107: SKBR3-LTR; Homo sapiens; RNA-Seq</Title><Platform instrument_model=""Illumina HiSeq 2000"">ILLUMINA</Platform><Statistics total_runs=""1"" total_spots=""220402122"" total_bases=""44521228644"" total_size=""29417964164"" load_done=""true"" cluster_name=""public""/></Summary><Submitter acc=""SRA892953"" center_name=""GEO"" contact_name=""Gene Expression Omnibus (GEO), NCBI, NLM, NIH, htt"" lab_name=""""/><Experiment acc=""SRX5944692"" ver=""1"" status=""public"" name=""GSM3840107: SKBR3-LTR; Homo sapiens; RNA-Seq""/><Study acc=""SRP200060"" name=""Targeting the mevalonate pathway to overcome acquired anti-HER2 treatment resistance in breast cancer [RNA-seq]""/><Organism taxid=""9606"" ScientificName=""Homo sapiens""/><Sample acc=""SRS4856684"" name=""""/><Instrument ILLUMINA=""Illumina HiSeq 2000""/><Library_descriptor><LIBRARY_STRATEGY>RNA-Seq</LIBRARY_STRATEGY><LIBRARY_SOURCE>TRANSCRIPTOMIC</LIBRARY_SOURCE><LIBRARY_SELECTION>cDNA</LIBRARY_SELECTION><LIBRARY_LAYOUT><PAIRED/></LIBRARY_LAYOUT><LIBRARY_CONSTRUCTION_PROTOCOL>Total RNA was isolated using an RNeasy Mini Kit (Qiagen), using manufacturer's protocol. RNA-seq libraries were prepared using the TruSeq RNA Sample Preparation Kit (Illumina) and Agilent Automation NGS system according to manufacturers' instructions.</LIBRARY_CONSTRUCTION_PROTOCOL></Library_descriptor><Bioproject>PRJNA545733</Bioproject><Biosample>SAMN11918206</Biosample>",,RAW_SEQUENCING,BULK_RNA_SEQ,,,https://www.ncbi.nlm.nih.gov/sra/?term=SRR9172028,True,False,trastuzumab_resistance,SKBR3 AND trastuzumab resistant,2026-08-31T05:26:05.058835+00:00,False,False,True,False,False,False,True,False,UNRESOLVED,30,EXCLUDE_OR_MANUAL_REVIEW,+15 HER2/ERBB2 context | +10 raw data available | +5 independent model/cohort,True
GEO:GSE148186,GEO,GSE148186,Inhibition  of O-GlcNAc transferase activates tumor-suppressor gene expression in tamoxifen-resistant breast cancer cells,"In this study, we probed the importance of OGT activity for the survival of Tamoxifen-sensitive (TamS) and Tamoxifen-resistant (TamR) breast cancer cells. Tamoxifen is an antagonist of estrogen receptor (ERα), a transcription factor expressed in over half of all breast cancers, and the defining characteristic of the ERα-positive disease. ERα-positive breast cancers are successfully treated with Tamoxifen; however, a significant number of patients develops Tamoxifen-resistant disease. We show here that in vitro development of Tamoxifen-resistance results in acquired sensitivity to OGT small molecule inhibitor OSMI-1. Global transcriptome profiling revealed that TamS cells adapt to OSMI-1 treatment by undergoing significant chromatin compaction.  In the TamR cells, however, OGT inhibition induces ERRFI1 tumor-suppressor gene expression. ERRFI1 is an endogenous inhibitor of ERBB-signaling, while activation of the ERBB-signaling is one of the best understood mechanism for Tamoxifen-resistance. We show that ERRFI1 is selectively downregulated in ERα-positive breast cancers and breast cancers driven by ERBB2, and provide data to support that this occurs through promoter methylation. Finally, we show that increased ERRFI1 expression is associated with extended survival in patients with ERα-positive tumors (p=9.2e-8). In summary, we show that Tamoxifen-resistance is associated with acquired sensitivity to OSMI-1, and propose that this is explained in part through an epigenetic activation of the tumor-suppressor ERRFI1 in response to OSMI-1 treatment.",Homo sapiens,Expression profiling by array,UNKNOWN,16,2020/10/22,https://www.ncbi.nlm.nih.gov/geo/query/acc.cgi?acc=GSE148186,,True,trastuzumab_resistance,ERBB2 AND acquired resistance AND transcriptome,2026-08-31T05:26:05.783518+00:00,True,False,True,False,False,False,True,False,UNRESOLVED,20,EXCLUDE_OR_MANUAL_REVIEW,+15 HER2/ERBB2 context | +5 independent model/cohort,True
GEO:GSE197822,GEO,GSE197822,Expression data from HER2+ breast cancer cell lines.,"miRNA expression is often disregulated in cancer pathways, such as progression of resistance. We used microarrays in order to determine the differences in miRNA expression between breast cancer cell lines and their resistant pairs.",synthetic construct; Homo sapiens,Non-coding RNA profiling by array,MICROARRAY,12,2022/03/06,https://www.ncbi.nlm.nih.gov/geo/query/acc.cgi?acc=GSE197822,,True,trastuzumab_resistance,BT474 AND trastuzumab resistant || SKBR3 AND trastuzumab resistant,2026-08-31T05:26:00.574684+00:00,True,False,True,False,False,False,True,False,UNRESOLVED,10,EXCLUDE_OR_MANUAL_REVIEW,+15 HER2/ERBB2 context | +5 independent model/cohort | -10 non-human organism,True
GEO:GSE217624,GEO,GSE217624,Mapping Individual Chemoresistome in Breast Cancer Patients Unravels Diversity in Dynamic Transcriptional Adaptation,"Tumors are continuously evolving through their course of progression and treatment, a major process contributing to resistance to therapy. Recent studies brought into focus the importance of non-genetic adaptive mechanisms, by which tumors acquire resistance via rewiring transcriptional programs. To dissect these adaptive processes in the individual breast cancer patients, we combined longitudinal transcriptomics with temporal pattern analysis.",Homo sapiens,Expression profiling by high throughput sequencing,UNKNOWN,84,2025/11/01,https://www.ncbi.nlm.nih.gov/geo/query/acc.cgi?acc=GSE217624,,True,trastuzumab_resistance,"(""HER2"" OR ERBB2) AND breast cancer AND trastuzumab resistance",2026-08-31T05:25:57.557699+00:00,True,False,False,False,False,False,True,False,UNRESOLVED,5,EXCLUDE_OR_MANUAL_REVIEW,+5 independent model/cohort,True
