source,source_accession,title,discovery_score,query_hits,geo_accessions,ena_study_accessions,ena_project_accessions,biosample_accessions,expression_atlas_accessions,biostudies_url,ftp_link,relationship_role,independence_note
BIOSTUDIES_ARRAYEXPRESS,E-GEOD-38415,Trastuzumab produces therapeutic actions by upregulating miR-26a and miR-30b in breast cancer cells,86,"""HER2-positive"" AND breast AND resistance || BT474 AND trastuzumab || SKBR3 AND trastuzumab",GSE38415,,,,E-GEOD-38415,https://www.ebi.ac.uk/biostudies/studies/E-GEOD-38415,ftp://ftp.ebi.ac.uk/biostudies/fire/E-GEOD-/415/E-GEOD-38415,EXTERNAL_DISCOVERY_LEAD,Cross-database mirrors must not be counted as independent validation datasets.
BIOSTUDIES_ARRAYEXPRESS,E-GEOD-52660,Effects of differentiated hMADS adipocytes on BT474 and SKBR3 breast cancer cells,86,"""HER2"" AND trastuzumab AND resistance || ""HER2-positive"" AND breast AND resistance || BT474 AND trastuzumab || SKBR3 AND trastuzumab",GSE52660,,,,E-GEOD-52660,https://www.ebi.ac.uk/biostudies/studies/E-GEOD-52660,ftp://ftp.ebi.ac.uk/biostudies/fire/E-GEOD-/660/E-GEOD-52660,EXTERNAL_DISCOVERY_LEAD,Cross-database mirrors must not be counted as independent validation datasets.
BIOSTUDIES_ARRAYEXPRESS,E-GEOD-41118,Mutant PI3K cooperates with HER2 to promote mammary tumor formation and induces trastuzumab resistance in vivo,85,"""HER2"" AND trastuzumab AND resistance || ""anti-HER2"" AND resistance AND breast || ERBB2 AND trastuzumab AND resistance",GSE41118,,,,E-GEOD-41118,https://www.ebi.ac.uk/biostudies/studies/E-GEOD-41118,ftp://ftp.ebi.ac.uk/biostudies/fire/E-GEOD-/118/E-GEOD-41118,EXTERNAL_DISCOVERY_LEAD,Cross-database mirrors must not be counted as independent validation datasets.
BIOSTUDIES_ARRAYEXPRESS,E-GEOD-15043,Gene expression profiles of Herceptin-resistant breast cancer cells,78,"""HER2"" AND trastuzumab AND resistance || ""HER2-positive"" AND breast AND resistance || BT474 AND trastuzumab",GSE15043,,,,E-GEOD-15043,https://www.ebi.ac.uk/biostudies/studies/E-GEOD-15043,ftp://ftp.ebi.ac.uk/biostudies/fire/E-GEOD-/043/E-GEOD-15043,EXTERNAL_DISCOVERY_LEAD,Cross-database mirrors must not be counted as independent validation datasets.
BIOSTUDIES_ARRAYEXPRESS,E-GEOD-17630,HER2-positive breast cancer cells resistant to trastuzumab and lapatinib lose reliance upon HER2 and are sensitive to the multitargeted kinase inhibitor sorafenib,78,"""HER2"" AND trastuzumab AND resistance || ""HER2-positive"" AND breast AND resistance || ""anti-HER2"" AND resistance AND breast || SKBR3 AND trastuzumab",GSE17630,,,,E-GEOD-17630,https://www.ebi.ac.uk/biostudies/studies/E-GEOD-17630,ftp://ftp.ebi.ac.uk/biostudies/fire/E-GEOD-/630/E-GEOD-17630,EXTERNAL_DISCOVERY_LEAD,Cross-database mirrors must not be counted as independent validation datasets.
BIOSTUDIES_ARRAYEXPRESS,E-GEOD-55005,mRNA profiling reveals determinants of trastuzumab efficiency in HER2-positive breast cancer,78,"""HER2-positive"" AND breast AND resistance || ""trastuzumab resistant"" AND breast || BT474 AND trastuzumab",GSE55005,SRP037775,,,E-GEOD-55005,https://www.ebi.ac.uk/biostudies/studies/E-GEOD-55005,ftp://ftp.ebi.ac.uk/biostudies/fire/E-GEOD-/005/E-GEOD-55005,EXTERNAL_DISCOVERY_LEAD,Cross-database mirrors must not be counted as independent validation datasets.
BIOSTUDIES_ARRAYEXPRESS,E-GEOD-67019,Interaction of CDCP1 with HER2 enhances HER2-driven tumorigenesis and promotes trastuzumab resistance in breast cancer,78,"""HER2"" AND trastuzumab AND resistance || SKBR3 AND trastuzumab",GSE67019,,,,E-GEOD-67019,https://www.ebi.ac.uk/biostudies/studies/E-GEOD-67019,ftp://ftp.ebi.ac.uk/biostudies/fire/E-GEOD-/019/E-GEOD-67019,EXTERNAL_DISCOVERY_LEAD,Cross-database mirrors must not be counted as independent validation datasets.
BIOSTUDIES_ARRAYEXPRESS,E-GEOD-69042,Treatment effects of trastuzumab and TDM-1 in a murine model of breast cancer brain metastasis,78,"""HER2"" AND trastuzumab AND resistance || ""HER2-positive"" AND breast AND resistance || BT474 AND trastuzumab",GSE69042,,,,E-GEOD-69042,https://www.ebi.ac.uk/biostudies/studies/E-GEOD-69042,ftp://ftp.ebi.ac.uk/biostudies/fire/E-GEOD-/042/E-GEOD-69042,EXTERNAL_DISCOVERY_LEAD,Cross-database mirrors must not be counted as independent validation datasets.
BIOSTUDIES_ARRAYEXPRESS,E-MTAB-7433,RNA-seq of HER2-positive breast cancer BT474 cell line in response to KDM5 ihibition,78,"""HER2"" AND trastuzumab AND resistance || ""HER2-positive"" AND breast AND resistance || BT474 AND trastuzumab",,ERP112312,,,E-MTAB-7433,https://www.ebi.ac.uk/biostudies/studies/E-MTAB-7433,ftp://ftp.ebi.ac.uk/biostudies/fire/E-MTAB-/433/E-MTAB-7433,EXTERNAL_DISCOVERY_LEAD,Cross-database mirrors must not be counted as independent validation datasets.
BIOSTUDIES_ARRAYEXPRESS,E-MTAB-965,Modulation of microRNA-194 and Cell Migration by HER2-targeting Trastuzumab in Breast Cancer,71,BT474 AND trastuzumab || SKBR3 AND trastuzumab,,,,,E-MTAB-965,https://www.ebi.ac.uk/biostudies/studies/E-MTAB-965,ftp://ftp.ebi.ac.uk/biostudies/fire/E-MTAB-/965/E-MTAB-965,EXTERNAL_DISCOVERY_LEAD,Cross-database mirrors must not be counted as independent validation datasets.
BIOSTUDIES_ARRAYEXPRESS,E-GEOD-16716,Transcription profiling by array of human neuroblastomas: MAQC-II project quality control phase II,70,"""HER2"" AND trastuzumab AND resistance",GSE16716|GSE20194,,,,E-GEOD-16716,https://www.ebi.ac.uk/biostudies/studies/E-GEOD-16716,ftp://ftp.ebi.ac.uk/biostudies/fire/E-GEOD-/716/E-GEOD-16716,EXTERNAL_DISCOVERY_LEAD,Cross-database mirrors must not be counted as independent validation datasets.
BIOSTUDIES_ARRAYEXPRESS,E-GEOD-20194,MAQC-II Project: human breast cancer (BR) data set,70,"""HER2"" AND trastuzumab AND resistance",GSE20194,,,,E-GEOD-20194,https://www.ebi.ac.uk/biostudies/studies/E-GEOD-20194,ftp://ftp.ebi.ac.uk/biostudies/fire/E-GEOD-/194/E-GEOD-20194,EXTERNAL_DISCOVERY_LEAD,Cross-database mirrors must not be counted as independent validation datasets.
BIOSTUDIES_ARRAYEXPRESS,E-GEOD-44272,The Long-HER Study,70,"""HER2"" AND trastuzumab AND resistance",GSE44272,,,,E-GEOD-44272,https://www.ebi.ac.uk/biostudies/studies/E-GEOD-44272,ftp://ftp.ebi.ac.uk/biostudies/fire/E-GEOD-/272/E-GEOD-44272,EXTERNAL_DISCOVERY_LEAD,Cross-database mirrors must not be counted as independent validation datasets.
BIOSTUDIES_ARRAYEXPRESS,E-GEOD-70233,caArray_harri-00137: Predictors of Resistance to Preoperative Trastuzumab and Vinorelbine for HER2-Positive Early Breast Cancer,70,"""HER2"" AND trastuzumab AND resistance || ""HER2-positive"" AND breast AND resistance",GSE70233,,,,E-GEOD-70233,https://www.ebi.ac.uk/biostudies/studies/E-GEOD-70233,ftp://ftp.ebi.ac.uk/biostudies/fire/E-GEOD-/233/E-GEOD-70233,EXTERNAL_DISCOVERY_LEAD,Cross-database mirrors must not be counted as independent validation datasets.
BIOSTUDIES_ARRAYEXPRESS,E-GEOD-75367,HER2 expression identifies dynamic functional states within circulating breast cancer cells,65,"""HER2-positive"" AND breast AND resistance",GSE75367,SRP066632,,,E-GEOD-75367,https://www.ebi.ac.uk/biostudies/studies/E-GEOD-75367,ftp://ftp.ebi.ac.uk/biostudies/fire/E-GEOD-/367/E-GEOD-75367,EXTERNAL_DISCOVERY_LEAD,Cross-database mirrors must not be counted as independent validation datasets.
BIOSTUDIES_ARRAYEXPRESS,E-GEOD-11293,Investigation of gene expression signature induced by Alk5TD (active type I TGF-beta receptor),63,BT474 AND trastuzumab,GSE11293,,,,E-GEOD-11293,https://www.ebi.ac.uk/biostudies/studies/E-GEOD-11293,ftp://ftp.ebi.ac.uk/biostudies/fire/E-GEOD-/293/E-GEOD-11293,EXTERNAL_DISCOVERY_LEAD,Cross-database mirrors must not be counted as independent validation datasets.
BIOSTUDIES_ARRAYEXPRESS,E-GEOD-16446,Predicting the efficacy of anthracyclines in breast cancer (BC) patients: The results of the TOP trial,60,"""HER2-positive"" AND breast AND resistance",GSE16446,,,,E-GEOD-16446,https://www.ebi.ac.uk/biostudies/studies/E-GEOD-16446,ftp://ftp.ebi.ac.uk/biostudies/fire/E-GEOD-/446/E-GEOD-16446,EXTERNAL_DISCOVERY_LEAD,Cross-database mirrors must not be counted as independent validation datasets.
BIOSTUDIES_ARRAYEXPRESS,E-MTAB-12224,Decitabine-induced DNA methylation-mediated transcriptomic reprogramming in human breast cancer cell lines,60,"""trastuzumab resistant"" AND breast",,ERP141485,,,E-MTAB-12224,https://www.ebi.ac.uk/biostudies/studies/E-MTAB-12224,ftp://ftp.ebi.ac.uk/biostudies/fire/E-MTAB-/224/E-MTAB-12224,EXTERNAL_DISCOVERY_LEAD,Cross-database mirrors must not be counted as independent validation datasets.
BIOSTUDIES_ARRAYEXPRESS,E-GEOD-69017,caArray_gray-00215: A collection of breast cancer cell lines for the study of functionally distinct cancer subtypes,56,BT474 AND trastuzumab || SKBR3 AND trastuzumab,GSE69017,,,,E-GEOD-69017,https://www.ebi.ac.uk/biostudies/studies/E-GEOD-69017,ftp://ftp.ebi.ac.uk/biostudies/fire/E-GEOD-/017/E-GEOD-69017,EXTERNAL_DISCOVERY_LEAD,Cross-database mirrors must not be counted as independent validation datasets.
BIOSTUDIES_ARRAYEXPRESS,E-MTAB-12225,Decitabine-induced DNA methylation-mediated transcriptomic reprogramming in human breast cancer cell lines,55,"""trastuzumab resistant"" AND breast",,,,,E-MTAB-12224|E-MTAB-12225,https://www.ebi.ac.uk/biostudies/studies/E-MTAB-12225,ftp://ftp.ebi.ac.uk/biostudies/fire/E-MTAB-/225/E-MTAB-12225,EXTERNAL_DISCOVERY_LEAD,Cross-database mirrors must not be counted as independent validation datasets.
BIOSTUDIES_ARRAYEXPRESS,E-GEOD-16179,BT474 and BT474-J4 microarray data,53,"""HER2-positive"" AND breast AND resistance",GSE16179,,,,E-GEOD-16179,https://www.ebi.ac.uk/biostudies/studies/E-GEOD-16179,ftp://ftp.ebi.ac.uk/biostudies/fire/E-GEOD-/179/E-GEOD-16179,EXTERNAL_DISCOVERY_LEAD,Cross-database mirrors must not be counted as independent validation datasets.
BIOSTUDIES_ARRAYEXPRESS,E-GEOD-38008,"AT13148 is a novel, oral multi-AGC kinase inhibitor with potent pharmacodynamic and antitumor activity",53,"""HER2-positive"" AND breast AND resistance",GSE38008,,,,E-GEOD-38008,https://www.ebi.ac.uk/biostudies/studies/E-GEOD-38008,ftp://ftp.ebi.ac.uk/biostudies/fire/E-GEOD-/008/E-GEOD-38008,EXTERNAL_DISCOVERY_LEAD,Cross-database mirrors must not be counted as independent validation datasets.
BIOSTUDIES_ARRAYEXPRESS,E-GEOD-52707,Nuclear factor kappa B activation-induced anti-apoptosis renders HER2 positive cells drug resistant and accelerates tumor growth,53,"""HER2-positive"" AND breast AND resistance || ""anti-HER2"" AND resistance AND breast",GSE52707,,,,E-GEOD-52707,https://www.ebi.ac.uk/biostudies/studies/E-GEOD-52707,ftp://ftp.ebi.ac.uk/biostudies/fire/E-GEOD-/707/E-GEOD-52707,EXTERNAL_DISCOVERY_LEAD,Cross-database mirrors must not be counted as independent validation datasets.
BIOSTUDIES_ARRAYEXPRESS,E-GEOD-41656,Gene expression analysis of a series of HER2+ of breast tumors,45,"""HER2-positive"" AND breast AND resistance",GSE41656,,,,E-GEOD-41656,https://www.ebi.ac.uk/biostudies/studies/E-GEOD-41656,ftp://ftp.ebi.ac.uk/biostudies/fire/E-GEOD-/656/E-GEOD-41656,EXTERNAL_DISCOVERY_LEAD,Cross-database mirrors must not be counted as independent validation datasets.
BIOSTUDIES_ARRAYEXPRESS,E-GEOD-67193,Transcriptomic signatures of Auger electron radioimmunotherapy using nuclear targeting 111In-trastuzumab for potential combination therapies,38,SKBR3 AND trastuzumab,GSE67193,,,,E-GEOD-67193,https://www.ebi.ac.uk/biostudies/studies/E-GEOD-67193,ftp://ftp.ebi.ac.uk/biostudies/fire/E-GEOD-/193/E-GEOD-67193,EXTERNAL_DISCOVERY_LEAD,Cross-database mirrors must not be counted as independent validation datasets.
