priority_rank,priority_tier_number,priority_tier,cross_signature_consistency_score,pert_id,pert_iname,ATLAS_SIG_A_TOP150,ATLAS_SIG_B_TOP100,ATLAS_SIG_B_TOP150,n_signatures,n_negative,n_strong_negative,mean_tau,median_tau,minimum_tau,strong_negative_threshold,consensus_rank,A_TOP150_negative,A_TOP150_strong_negative,B_TOP100_negative,B_TOP100_strong_negative,B_TOP150_negative,B_TOP150_strong_negative,pubchem_cid,pubchem_title,molecular_formula,molecular_weight,canonical_smiles,isomeric_smiles,inchi,inchikey,pubchem_status,compound_classification,classification_reason,regulatory_status,regulatory_source,regulatory_verification_date,has_pubchem_identity,has_structure,multi_signature_negative,strong_cmap_support,downstream_status,fda_application_record_found,fda_label_record_found,clinical_trial_record_found,regulatory_evidence_category,clinical_evidence_level,manual_regulatory_review_required,canonical_smiles_pubchem,isomeric_smiles_pubchem,inchikey_pubchem,molecular_formula_pubchem,pubchem_assay_rows_n,pubchem_active_assay_n,pubchem_inactive_assay_n,pubchem_inconclusive_assay_n,pubchem_interpretable_assay_n,pubchem_active_fraction,cytotoxicity_keyword_assay_n,cytotoxicity_keyword_active_n,active_target_gene_ids,active_target_accessions,pubchem_safety_annotation_found,hazard_statement_codes,severe_hazard_codes,high_concern_hazard_text_flag,pubchem_safety_annotation_text_chars,pains_evaluated,pains_flag,pains_filter_matches,safety_risk_score,safety_evidence_layers_n,safety_data_completeness,hard_safety_flag,translational_nonclinical_flag,safety_screening_recommendation,safety_screening_reasons
1,1,Tier 1 — Strong consensus,5,BRD-K99447003,enalaprilat,-2.249479,-94.18632,-95.63698,3,3,2,-64.02426,-94.18632,-95.63698,-90.0,1,True,False,True,True,True,True,5462501,Enalaprilat,C18H24N2O5,348.4,CC(C(=O)N1CCCC1C(=O)O)NC(CCC2=CC=CC=C2)C(=O)O,C[C@@H](C(=O)N1CCC[C@H]1C(=O)O)N[C@@H](CCC2=CC=CC=C2)C(=O)O,"InChI=1S/C18H24N2O5/c1-12(16(21)20-11-5-8-15(20)18(24)25)19-14(17(22)23)10-9-13-6-3-2-4-7-13/h2-4,6-7,12,14-15,19H,5,8-11H2,1H3,(H,22,23)(H,24,25)/t12-,14-,15-/m0/s1",LZFZMUMEGBBDTC-QEJZJMRPSA-N,resolved,identified_compound,Compound identity and structure were resolved through PubChem.,NOT_VERIFIED,,,True,True,True,True,CANDIDATE_FOR_DRUG_STATUS_REVIEW,False,False,True,CLINICAL_TRIAL_EVIDENCE_ONLY,CLINICAL_INVESTIGATION_EVIDENCE,True,CC(C(=O)N1CCCC1C(=O)O)NC(CCC2=CC=CC=C2)C(=O)O,C[C@@H](C(=O)N1CCC[C@H]1C(=O)O)N[C@@H](CCC2=CC=CC=C2)C(=O)O,LZFZMUMEGBBDTC-QEJZJMRPSA-N,C18H24N2O5,1000.0,31.0,769.0,20.0,800.0,0.03875,139.0,0.0,100009274.0 | 10242.0 | 11421.0 | 1636.0 | 2101.0 | 22066.0 | 24310.0 | 302668.0,AAC05178 | ADZ17378 | NP_001171528 | NP_005823 | P09470 | P12821 | P12822 | P47820 | Q5EGZ1,True,H302,,False,5170,True,False,,0,4,GOOD,False,False,PASS_PRELIMINARY_SCREEN,
4,1,Tier 1 — Strong consensus,4,BRD-K33483813,actarit,0.0,-98.7315,-94.041336,3,2,2,-64.257612,-94.041336,-98.7315,-90.0,4,False,False,True,True,True,True,2018,Actarit,C10H11NO3,193.2,CC(=O)NC1=CC=C(C=C1)CC(=O)O,CC(=O)NC1=CC=C(C=C1)CC(=O)O,"InChI=1S/C10H11NO3/c1-7(12)11-9-4-2-8(3-5-9)6-10(13)14/h2-5H,6H2,1H3,(H,11,12)(H,13,14)",MROJXXOCABQVEF-UHFFFAOYSA-N,resolved,identified_compound,Compound identity and structure were resolved through PubChem.,NOT_VERIFIED,,,True,True,True,True,CANDIDATE_FOR_DRUG_STATUS_REVIEW,False,False,True,CLINICAL_TRIAL_EVIDENCE_ONLY,CLINICAL_INVESTIGATION_EVIDENCE,True,CC(=O)NC1=CC=C(C=C1)CC(=O)O,CC(=O)NC1=CC=C(C=C1)CC(=O)O,MROJXXOCABQVEF-UHFFFAOYSA-N,C10H11NO3,1620.0,4.0,1482.0,32.0,1486.0,0.0026917900403768,152.0,0.0,1812.0 | 3356.0,AAH96839 | NP_000785,True,H315 | H319 | H335,,False,6072,True,False,,0,4,GOOD,False,False,PASS_PRELIMINARY_SCREEN,
5,1,Tier 1 — Strong consensus,4,BRD-K45252063,clofibrate,0.0,-95.06695,-93.31658,3,2,2,-62.79451,-93.31658,-95.06695,-90.0,5,False,False,True,True,True,True,2796,Clofibrate,C12H15ClO3,242.7,CCOC(=O)C(C)(C)OC1=CC=C(C=C1)Cl,CCOC(=O)C(C)(C)OC1=CC=C(C=C1)Cl,"InChI=1S/C12H15ClO3/c1-4-15-11(14)12(2,3)16-10-7-5-9(13)6-8-10/h5-8H,4H2,1-3H3",KNHUKKLJHYUCFP-UHFFFAOYSA-N,resolved,identified_compound,Compound identity and structure were resolved through PubChem.,NOT_VERIFIED,,,True,True,True,True,CANDIDATE_FOR_DRUG_STATUS_REVIEW,True,False,True,FDA_APPLICATION_RECORD_FOUND,MODERATE_REGULATORY_EVIDENCE,True,CCOC(=O)C(C)(C)OC1=CC=C(C=C1)Cl,CCOC(=O)C(C)(C)OC1=CC=C(C=C1)Cl,KNHUKKLJHYUCFP-UHFFFAOYSA-N,C12H15ClO3,,,,,,,,,,,True,H302 | H315 | H318 | H335,,False,15639,True,False,,0,2,LIMITED,False,False,PASS_PRELIMINARY_SCREEN,
6,1,Tier 1 — Strong consensus,4,BRD-K19416115,sitagliptin,0.0,-95.04602,-92.97872,3,2,2,-62.674913,-92.97872,-95.04602,-90.0,6,False,False,True,True,True,True,4369359,Sitagliptin,C16H15F6N5O,407.31,C1CN2C(=NN=C2C(F)(F)F)CN1C(=O)CC(CC3=CC(=C(C=C3F)F)F)N,C1CN2C(=NN=C2C(F)(F)F)CN1C(=O)C[C@@H](CC3=CC(=C(C=C3F)F)F)N,"InChI=1S/C16H15F6N5O/c17-10-6-12(19)11(18)4-8(10)3-9(23)5-14(28)26-1-2-27-13(7-26)24-25-15(27)16(20,21)22/h4,6,9H,1-3,5,7,23H2/t9-/m1/s1",MFFMDFFZMYYVKS-SECBINFHSA-N,resolved,identified_compound,Compound identity and structure were resolved through PubChem.,NOT_VERIFIED,,,True,True,True,True,CANDIDATE_FOR_DRUG_STATUS_REVIEW,False,False,True,CLINICAL_TRIAL_EVIDENCE_ONLY,CLINICAL_INVESTIGATION_EVIDENCE,True,C1CN2C(=NN=C2C(F)(F)F)CN1C(=O)CC(CC3=CC(=C(C=C3F)F)F)N,C1CN2C(=NN=C2C(F)(F)F)CN1C(=O)C[C@@H](CC3=CC(=C(C=C3F)F)F)N,MFFMDFFZMYYVKS-SECBINFHSA-N,C16H15F6N5O,,,,,,,,,,,True,H302 | H318 | H373,,False,25350,True,False,,0,2,LIMITED,False,False,PASS_PRELIMINARY_SCREEN,
25,2,Tier 2 — Consistent reversal,3,BRD-K94353609,fluocinolone,-77.6904,-79.7097,-63.414906,3,3,0,-73.605002,-77.6904,-79.7097,-90.0,35,True,False,True,False,True,False,91488,Fluocinolone,C21H26F2O6,412.4,CC12CC(C3(C(C1CC(C2(C(=O)CO)O)O)CC(C4=CC(=O)C=CC43C)F)F)O,C[C@]12C[C@@H]([C@]3([C@H]([C@@H]1C[C@H]([C@@]2(C(=O)CO)O)O)C[C@@H](C4=CC(=O)C=C[C@@]43C)F)F)O,"InChI=1S/C21H26F2O6/c1-18-4-3-10(25)5-13(18)14(22)6-12-11-7-15(26)21(29,17(28)9-24)19(11,2)8-16(27)20(12,18)23/h3-5,11-12,14-16,24,26-27,29H,6-9H2,1-2H3/t11-,12-,14-,15+,16-,18-,19-,20-,21-/m0/s1",UUOUOERPONYGOS-CLCRDYEYSA-N,resolved,identified_compound,Compound identity and structure were resolved through PubChem.,NOT_VERIFIED,,,True,True,True,False,CANDIDATE_FOR_DRUG_STATUS_REVIEW,True,True,True,FDA_APPLICATION_AND_LABEL_EVIDENCE,HIGH_REGULATORY_EVIDENCE,False,CC12CC(C3(C(C1CC(C2(C(=O)CO)O)O)CC(C4=CC(=O)C=CC43C)F)F)O,C[C@]12C[C@@H]([C@]3([C@H]([C@@H]1C[C@H]([C@@]2(C(=O)CO)O)O)C[C@@H](C4=CC(=O)C=C[C@@]43C)F)F)O,UUOUOERPONYGOS-CLCRDYEYSA-N,C21H26F2O6,2.0,0.0,0.0,0.0,0.0,,0.0,0.0,,,False,,,False,0,True,False,,0,2,LIMITED,False,False,PASS_PRELIMINARY_SCREEN,
32,2,Tier 2 — Consistent reversal,3,BRD-K48923948,BMS-641988,-1.585624,-76.76162,-71.08273,3,3,0,-49.809991,-71.08273,-76.76162,-90.0,42,True,False,True,False,True,False,24768935,Bms-641988,C20H20F3N3O5S,471.5,CCS(=O)(=O)NC1CC2(C3C(C1(O2)C)C(=O)N(C3=O)C4=CC(=C(C=C4)C#N)C(F)(F)F)C,CCS(=O)(=O)N[C@@H]1C[C@@]2([C@@H]3[C@H]([C@]1(O2)C)C(=O)N(C3=O)C4=CC(=C(C=C4)C#N)C(F)(F)F)C,"InChI=1S/C20H20F3N3O5S/c1-4-32(29,30)25-13-8-18(2)14-15(19(13,3)31-18)17(28)26(16(14)27)11-6-5-10(9-24)12(7-11)20(21,22)23/h5-7,13-15,25H,4,8H2,1-3H3/t13-,14-,15+,18-,19+/m1/s1",HYNANJUKEMCYEQ-HIGHGGLBSA-N,resolved,identified_compound,Compound identity and structure were resolved through PubChem.,NOT_VERIFIED,,,True,True,True,False,CANDIDATE_FOR_DRUG_STATUS_REVIEW,False,False,True,CLINICAL_TRIAL_EVIDENCE_ONLY,CLINICAL_INVESTIGATION_EVIDENCE,True,CCS(=O)(=O)NC1CC2(C3C(C1(O2)C)C(=O)N(C3=O)C4=CC(=C(C=C4)C#N)C(F)(F)F)C,CCS(=O)(=O)N[C@@H]1C[C@@]2([C@@H]3[C@H]([C@]1(O2)C)C(=O)N(C3=O)C4=CC(=C(C=C4)C#N)C(F)(F)F)C,HYNANJUKEMCYEQ-HIGHGGLBSA-N,C20H20F3N3O5S,7.0,4.0,0.0,0.0,4.0,1.0,0.0,0.0,367.0,P10275,False,,,False,0,True,False,,0,2,LIMITED,False,False,PASS_PRELIMINARY_SCREEN,
33,2,Tier 2 — Consistent reversal,3,BRD-K22009844,phenprobamate,-1.585624,-70.626915,-74.363754,3,3,0,-48.858764,-70.626915,-74.363754,-90.0,43,True,False,True,False,True,False,4770,Phenprobamate,C10H13NO2,179.22,C1=CC=C(C=C1)CCCOC(=O)N,C1=CC=C(C=C1)CCCOC(=O)N,"InChI=1S/C10H13NO2/c11-10(12)13-8-4-7-9-5-2-1-3-6-9/h1-3,5-6H,4,7-8H2,(H2,11,12)",CAMYKONBWHRPDD-UHFFFAOYSA-N,resolved,identified_compound,Compound identity and structure were resolved through PubChem.,NOT_VERIFIED,,,True,True,True,False,CANDIDATE_FOR_DRUG_STATUS_REVIEW,False,False,False,NO_US_REGULATORY_OR_TRIAL_EVIDENCE_FOUND,UNRESOLVED,True,C1=CC=C(C=C1)CCCOC(=O)N,C1=CC=C(C=C1)CCCOC(=O)N,CAMYKONBWHRPDD-UHFFFAOYSA-N,C10H13NO2,1038.0,8.0,994.0,13.0,1002.0,0.0079840319361277,87.0,0.0,1544.0 | 5335.0,AAI07878 | AAI36467 | EAW99313,True,,,False,3153,True,False,,0,4,GOOD,False,False,PASS_PRELIMINARY_SCREEN,
37,2,Tier 2 — Consistent reversal,3,BRD-K89046952,ciclacillin,-2.43129,-66.9463,-78.14059,3,3,0,-49.172727,-66.9463,-78.14059,-90.0,47,True,False,True,False,True,False,19003,Cyclacillin,C15H23N3O4S,341.4,CC1(C(N2C(S1)C(C2=O)NC(=O)C3(CCCCC3)N)C(=O)O)C,CC1([C@@H](N2[C@H](S1)[C@@H](C2=O)NC(=O)C3(CCCCC3)N)C(=O)O)C,"InChI=1S/C15H23N3O4S/c1-14(2)9(12(20)21)18-10(19)8(11(18)23-14)17-13(22)15(16)6-4-3-5-7-15/h8-9,11H,3-7,16H2,1-2H3,(H,17,22)(H,20,21)/t8-,9+,11-/m1/s1",HGBLNBBNRORJKI-WCABBAIRSA-N,resolved,identified_compound,Compound identity and structure were resolved through PubChem.,NOT_VERIFIED,,,True,True,True,False,CANDIDATE_FOR_DRUG_STATUS_REVIEW,False,False,False,NO_US_REGULATORY_OR_TRIAL_EVIDENCE_FOUND,UNRESOLVED,True,CC1(C(N2C(S1)C(C2=O)NC(=O)C3(CCCCC3)N)C(=O)O)C,CC1([C@@H](N2[C@H](S1)[C@@H](C2=O)NC(=O)C3(CCCCC3)N)C(=O)O)C,HGBLNBBNRORJKI-WCABBAIRSA-N,C15H23N3O4S,401.0,5.0,293.0,12.0,298.0,0.0167785234899328,74.0,0.0,1131.0,2HDS_A | P20309,False,,,False,0,True,False,,0,3,GOOD,False,False,PASS_PRELIMINARY_SCREEN,
40,2,Tier 2 — Consistent reversal,3,BRD-K68558722,deracoxib,-0.105708,-65.361244,-67.60476,3,3,0,-44.357237,-65.361244,-67.60476,-90.0,50,True,False,True,False,True,False,3058754,Deracoxib,C17H14F3N3O3S,397.4,COC1=C(C=C(C=C1)C2=CC(=NN2C3=CC=C(C=C3)S(=O)(=O)N)C(F)F)F,COC1=C(C=C(C=C1)C2=CC(=NN2C3=CC=C(C=C3)S(=O)(=O)N)C(F)F)F,"InChI=1S/C17H14F3N3O3S/c1-26-16-7-2-10(8-13(16)18)15-9-14(17(19)20)22-23(15)11-3-5-12(6-4-11)27(21,24)25/h2-9,17H,1H3,(H2,21,24,25)",WAZQAZKAZLXFMK-UHFFFAOYSA-N,resolved,identified_compound,Compound identity and structure were resolved through PubChem.,NOT_VERIFIED,,,True,True,True,False,CANDIDATE_FOR_DRUG_STATUS_REVIEW,False,False,False,NO_US_REGULATORY_OR_TRIAL_EVIDENCE_FOUND,UNRESOLVED,True,COC1=C(C=C(C=C1)C2=CC(=NN2C3=CC=C(C=C3)S(=O)(=O)N)C(F)F)F,COC1=C(C=C(C=C1)C2=CC(=NN2C3=CC=C(C=C3)S(=O)(=O)N)C(F)F)F,WAZQAZKAZLXFMK-UHFFFAOYSA-N,C17H14F3N3O3S,,,,,,,,,,,True,H302 | H319,,False,7381,True,False,,0,2,LIMITED,False,False,PASS_PRELIMINARY_SCREEN,
42,2,Tier 2 — Consistent reversal,3,BRD-K43164539,cholic-acid,-6.002546,-63.466003,-66.27359,3,3,0,-45.24738,-63.466003,-66.27359,-90.0,52,True,False,True,False,True,False,221493,Cholic Acid,C24H40O5,408.6,CC(CCC(=O)O)C1CCC2C1(C(CC3C2C(CC4C3(CCC(C4)O)C)O)O)C,C[C@H](CCC(=O)O)[C@H]1CC[C@@H]2[C@@]1([C@H](C[C@H]3[C@H]2[C@@H](C[C@H]4[C@@]3(CC[C@H](C4)O)C)O)O)C,"InChI=1S/C24H40O5/c1-13(4-7-21(28)29)16-5-6-17-22-18(12-20(27)24(16,17)3)23(2)9-8-15(25)10-14(23)11-19(22)26/h13-20,22,25-27H,4-12H2,1-3H3,(H,28,29)/t13-,14+,15-,16-,17+,18+,19-,20+,22+,23+,24-/m1/s1",BHQCQFFYRZLCQQ-OELDTZBJSA-N,resolved,identified_compound,Compound identity and structure were resolved through PubChem.,NOT_VERIFIED,,,True,True,True,False,CANDIDATE_FOR_DRUG_STATUS_REVIEW,True,False,True,FDA_APPLICATION_RECORD_FOUND,MODERATE_REGULATORY_EVIDENCE,True,CC(CCC(=O)O)C1CCC2C1(C(CC3C2C(CC4C3(CCC(C4)O)C)O)O)C,C[C@H](CCC(=O)O)[C@H]1CC[C@@H]2[C@@]1([C@H](C[C@H]3[C@H]2[C@@H](C[C@H]4[C@@]3(CC[C@H](C4)O)C)O)O)C,BHQCQFFYRZLCQQ-OELDTZBJSA-N,C24H40O5,1106.0,12.0,557.0,6.0,569.0,0.0210896309314587,81.0,0.0,151306.0 | 227289.0 | 9971.0,NP_001070659 | Q80SS6 | Q8TDU6 | Q96RI1,True,H312 | H315 | H317 | H319,,False,32204,True,False,,0,4,GOOD,False,False,PASS_PRELIMINARY_SCREEN,
46,2,Tier 2 — Consistent reversal,3,BRD-K37846922,"3,3'-diindolylmethane",-23.392363,-68.230576,-61.381847,3,3,0,-51.001595,-61.381847,-68.230576,-90.0,56,True,False,True,False,True,False,3071,"3,3'-Diindolylmethane",C17H14N2,246.31,C1=CC=C2C(=C1)C(=CN2)CC3=CNC4=CC=CC=C43,C1=CC=C2C(=C1)C(=CN2)CC3=CNC4=CC=CC=C43,"InChI=1S/C17H14N2/c1-3-7-16-14(5-1)12(10-18-16)9-13-11-19-17-8-4-2-6-15(13)17/h1-8,10-11,18-19H,9H2",VFTRKSBEFQDZKX-UHFFFAOYSA-N,resolved,identified_compound,Compound identity and structure were resolved through PubChem.,NOT_VERIFIED,,,True,True,True,False,CANDIDATE_FOR_DRUG_STATUS_REVIEW,False,False,True,CLINICAL_TRIAL_EVIDENCE_ONLY,CLINICAL_INVESTIGATION_EVIDENCE,True,C1=CC=C2C(=C1)C(=CN2)CC3=CNC4=CC=CC=C43,C1=CC=C2C(=C1)C(=CN2)CC3=CNC4=CC=CC=C43,VFTRKSBEFQDZKX-UHFFFAOYSA-N,C17H14N2,,,,,,,,,,,True,H315 | H319 | H335 | H413,,False,8496,True,False,,0,2,LIMITED,False,False,PASS_PRELIMINARY_SCREEN,
55,2,Tier 2 — Consistent reversal,3,BRD-K78838262,austricine,-0.895315,-78.11801,-59.665684,3,3,0,-46.226336,-59.665684,-78.11801,-90.0,65,True,False,True,False,True,False,6419904,Austricine,C15H20O5,280.32,CC1C2C(CC(=C3C(C2OC1=O)C(=CC3=O)C)C)O.O,C[C@H]1[C@@H]2[C@H](CC(=C3C([C@H]2OC1=O)C(=CC3=O)C)C)O.O,"InChI=1S/C15H18O4.H2O/c1-6-4-10(17)13-8(3)15(18)19-14(13)12-7(2)5-9(16)11(6)12;/h5,8,10,12-14,17H,4H2,1-3H3;1H2/t8-,10-,12?,13+,14+;/m0./s1",ADUHAEBXPKBNDK-JYDSQBQOSA-N,resolved,identified_compound,Compound identity and structure were resolved through PubChem.,NOT_VERIFIED,,,True,True,True,False,CANDIDATE_FOR_DRUG_STATUS_REVIEW,False,False,False,NO_US_REGULATORY_OR_TRIAL_EVIDENCE_FOUND,UNRESOLVED,True,CC1C2C(CC(=C3C(C2OC1=O)C(=CC3=O)C)C)O.O,C[C@H]1[C@@H]2[C@H](CC(=C3C([C@H]2OC1=O)C(=CC3=O)C)C)O.O,ADUHAEBXPKBNDK-JYDSQBQOSA-N,C15H20O5,2.0,0.0,1.0,1.0,1.0,0.0,0.0,0.0,,,False,,,False,0,True,False,,0,2,LIMITED,False,False,PASS_PRELIMINARY_SCREEN,
61,2,Tier 2 — Consistent reversal,3,BRD-K11107424,tiotidine,-3.488372,-58.090363,-64.5474,3,3,0,-42.042045,-58.090363,-64.5474,-90.0,71,True,False,True,False,True,False,50287,Tiotidine,C10H16N8S2,312.4,CN=C(NCCSCC1=CSC(=N1)N=C(N)N)NC#N,CN=C(NCCSCC1=CSC(=N1)N=C(N)N)NC#N,"InChI=1S/C10H16N8S2/c1-14-9(16-6-11)15-2-3-19-4-7-5-20-10(17-7)18-8(12)13/h5H,2-4H2,1H3,(H2,14,15,16)(H4,12,13,17,18)",YDDXVAXDYKBWDX-UHFFFAOYSA-N,resolved,identified_compound,Compound identity and structure were resolved through PubChem.,NOT_VERIFIED,,,True,True,True,False,CANDIDATE_FOR_DRUG_STATUS_REVIEW,False,False,False,NO_US_REGULATORY_OR_TRIAL_EVIDENCE_FOUND,UNRESOLVED,True,CN=C(NCCSCC1=CSC(=N1)N=C(N)N)NC#N,CN=C(NCCSCC1=CSC(=N1)N=C(N)N)NC#N,YDDXVAXDYKBWDX-UHFFFAOYSA-N,C10H16N8S2,732.0,21.0,627.0,26.0,648.0,0.0324074074074074,81.0,0.0,100729734.0 | 1551.0 | 1565.0 | 1576.0 | 1813.0 | 3274.0,AAH21195 | ABI96208 | ANW61984 | NP_000097 | NP_000756 | NP_001020332 | NP_001124527 | NP_037097 | NP_059488 | P25021 | P47747,False,,,False,0,True,False,,0,3,GOOD,False,False,PASS_PRELIMINARY_SCREEN,
64,2,Tier 2 — Consistent reversal,3,BRD-K06878038,deferiprone,-4.720983,-60.271294,-57.334846,3,3,0,-40.775708,-57.334846,-60.271294,-90.0,74,True,False,True,False,True,False,2972,Deferiprone,C7H9NO2,139.15,CC1=C(C(=O)C=CN1C)O,CC1=C(C(=O)C=CN1C)O,"InChI=1S/C7H9NO2/c1-5-7(10)6(9)3-4-8(5)2/h3-4,10H,1-2H3",TZXKOCQBRNJULO-UHFFFAOYSA-N,resolved,identified_compound,Compound identity and structure were resolved through PubChem.,NOT_VERIFIED,,,True,True,True,False,CANDIDATE_FOR_DRUG_STATUS_REVIEW,False,True,True,FDA_LABEL_EVIDENCE_FOUND,MODERATE_REGULATORY_EVIDENCE,True,CC1=C(C(=O)C=CN1C)O,CC1=C(C(=O)C=CN1C)O,TZXKOCQBRNJULO-UHFFFAOYSA-N,C7H9NO2,,,,,,,,,,,True,H302 | H315 | H319 | H335,,False,34948,True,False,,0,2,LIMITED,False,False,PASS_PRELIMINARY_SCREEN,
68,2,Tier 2 — Consistent reversal,3,BRD-K99107520,felbamate,-1.338971,-84.81013,-56.04811,3,3,0,-47.39907,-56.04811,-84.81013,-90.0,78,True,False,True,False,True,False,3331,Felbamate,C11H14N2O4,238.24,C1=CC=C(C=C1)C(COC(=O)N)COC(=O)N,C1=CC=C(C=C1)C(COC(=O)N)COC(=O)N,"InChI=1S/C11H14N2O4/c12-10(14)16-6-9(7-17-11(13)15)8-4-2-1-3-5-8/h1-5,9H,6-7H2,(H2,12,14)(H2,13,15)",WKGXYQFOCVYPAC-UHFFFAOYSA-N,resolved,identified_compound,Compound identity and structure were resolved through PubChem.,NOT_VERIFIED,,,True,True,True,False,CANDIDATE_FOR_DRUG_STATUS_REVIEW,False,True,True,FDA_LABEL_EVIDENCE_FOUND,MODERATE_REGULATORY_EVIDENCE,True,C1=CC=C(C=C1)C(COC(=O)N)COC(=O)N,C1=CC=C(C=C1)C(COC(=O)N)COC(=O)N,WKGXYQFOCVYPAC-UHFFFAOYSA-N,C11H14N2O4,,,,,,,,,,,True,H317 | H334,,False,10094,True,False,,0,2,LIMITED,False,False,PASS_PRELIMINARY_SCREEN,
73,2,Tier 2 — Consistent reversal,3,BRD-K34098590,tienilic-acid,-25.508522,-85.91019,-54.838802,3,3,0,-55.419171,-54.838802,-85.91019,-90.0,83,True,False,True,False,True,False,38409,Tienilic Acid,C13H8Cl2O4S,331.2,C1=CSC(=C1)C(=O)C2=C(C(=C(C=C2)OCC(=O)O)Cl)Cl,C1=CSC(=C1)C(=O)C2=C(C(=C(C=C2)OCC(=O)O)Cl)Cl,"InChI=1S/C13H8Cl2O4S/c14-11-7(13(18)9-2-1-5-20-9)3-4-8(12(11)15)19-6-10(16)17/h1-5H,6H2,(H,16,17)",AGHANLSBXUWXTB-UHFFFAOYSA-N,resolved,identified_compound,Compound identity and structure were resolved through PubChem.,NOT_VERIFIED,,,True,True,True,False,CANDIDATE_FOR_DRUG_STATUS_REVIEW,False,False,False,NO_US_REGULATORY_OR_TRIAL_EVIDENCE_FOUND,UNRESOLVED,True,C1=CSC(=C1)C(=O)C2=C(C(=C(C=C2)OCC(=O)O)Cl)Cl,C1=CSC(=C1)C(=O)C2=C(C(=C(C=C2)OCC(=O)O)Cl)Cl,AGHANLSBXUWXTB-UHFFFAOYSA-N,C13H8Cl2O4S,,,,,,,,,,,True,H302 | H315 | H319 | H335,,False,6984,True,False,,0,2,LIMITED,False,False,PASS_PRELIMINARY_SCREEN,
80,2,Tier 2 — Consistent reversal,3,BRD-K67439147,SIB-1893,-63.677235,-52.95844,-41.334583,3,3,0,-52.656753,-52.95844,-63.677235,-90.0,90,True,False,True,False,True,False,5311432,Sib 1893,C14H13N,195.26,CC1=NC(=CC=C1)C=CC2=CC=CC=C2,CC1=NC(=CC=C1)/C=C/C2=CC=CC=C2,"InChI=1S/C14H13N/c1-12-6-5-9-14(15-12)11-10-13-7-3-2-4-8-13/h2-11H,1H3/b11-10+",SISOFUCTXZKSOQ-ZHACJKMWSA-N,resolved,identified_compound,Compound identity and structure were resolved through PubChem.,NOT_VERIFIED,,,True,True,True,False,CANDIDATE_FOR_DRUG_STATUS_REVIEW,False,False,False,NO_US_REGULATORY_OR_TRIAL_EVIDENCE_FOUND,UNRESOLVED,True,CC1=NC(=CC=C1)C=CC2=CC=CC=C2,CC1=NC(=CC=C1)/C=C/C2=CC=CC=C2,SISOFUCTXZKSOQ-ZHACJKMWSA-N,C14H13N,606.0,25.0,515.0,44.0,540.0,0.0462962962962962,70.0,0.0,10013.0 | 116160065.0 | 181263.0 | 20586.0 | 2101.0 | 24418.0 | 28989.0 | 2915.0 | 4864.0 | 79915.0 | 9367.0,AAH15051 | ADZ17378 | NP_000262 | NP_001024547 | NP_001137303 | NP_001167549 | NP_001243743 | NP_004242 | P08659 | P31424 | P41594 | Q9BV86 | Q9UBN7,True,H315 | H319 | H335,,False,6614,True,False,,0,4,GOOD,False,False,PASS_PRELIMINARY_SCREEN,
86,2,Tier 2 — Consistent reversal,3,BRD-K61217870,N-(3-acetamidophenyl)-3-chlorobenzamide,-3.206483,-68.56732,-50.3071,3,3,0,-40.693634,-50.3071,-68.56732,-90.0,96,True,False,True,False,True,False,669190,N-(3-acetamidophenyl)-3-chlorobenzamide,C15H13ClN2O2,288.73,CC(=O)NC1=CC(=CC=C1)NC(=O)C2=CC(=CC=C2)Cl,CC(=O)NC1=CC(=CC=C1)NC(=O)C2=CC(=CC=C2)Cl,"InChI=1S/C15H13ClN2O2/c1-10(19)17-13-6-3-7-14(9-13)18-15(20)11-4-2-5-12(16)8-11/h2-9H,1H3,(H,17,19)(H,18,20)",XZMOBKLRYXTSSS-UHFFFAOYSA-N,resolved,identified_compound,Compound identity and structure were resolved through PubChem.,NOT_VERIFIED,,,True,True,True,False,CANDIDATE_FOR_DRUG_STATUS_REVIEW,False,False,False,NO_US_REGULATORY_OR_TRIAL_EVIDENCE_FOUND,UNRESOLVED,True,CC(=O)NC1=CC(=CC=C1)NC(=O)C2=CC(=CC=C2)Cl,CC(=O)NC1=CC(=CC=C1)NC(=O)C2=CC(=CC=C2)Cl,XZMOBKLRYXTSSS-UHFFFAOYSA-N,C15H13ClN2O2,233.0,1.0,229.0,2.0,230.0,0.004347826086956522,7.0,0.0,24418.0,P31424,False,,,False,0,True,False,,0,3,GOOD,False,False,PASS_PRELIMINARY_SCREEN,
88,2,Tier 2 — Consistent reversal,3,BRD-K98769987,flumazenil,-1.057082,-56.787212,-50.033222,3,3,0,-35.959172,-50.033222,-56.787212,-90.0,98,True,False,True,False,True,False,3373,Flumazenil,C15H14FN3O3,303.29,CCOC(=O)C1=C2CN(C(=O)C3=C(N2C=N1)C=CC(=C3)F)C,CCOC(=O)C1=C2CN(C(=O)C3=C(N2C=N1)C=CC(=C3)F)C,"InChI=1S/C15H14FN3O3/c1-3-22-15(21)13-12-7-18(2)14(20)10-6-9(16)4-5-11(10)19(12)8-17-13/h4-6,8H,3,7H2,1-2H3",OFBIFZUFASYYRE-UHFFFAOYSA-N,resolved,identified_compound,Compound identity and structure were resolved through PubChem.,NOT_VERIFIED,,,True,True,True,False,CANDIDATE_FOR_DRUG_STATUS_REVIEW,False,False,True,CLINICAL_TRIAL_EVIDENCE_ONLY,CLINICAL_INVESTIGATION_EVIDENCE,True,CCOC(=O)C1=C2CN(C(=O)C3=C(N2C=N1)C=CC(=C3)F)C,CCOC(=O)C1=C2CN(C(=O)C3=C(N2C=N1)C=CC(=C3)F)C,OFBIFZUFASYYRE-UHFFFAOYSA-N,C15H14FN3O3,,,,,,,,,,,True,H302 | H332,,False,6244,True,False,,0,2,LIMITED,False,False,PASS_PRELIMINARY_SCREEN,
89,2,Tier 2 — Consistent reversal,3,BRD-K64835161,ML-167,-54.915535,-49.800385,-30.28062,3,3,0,-44.998847,-49.800385,-54.915535,-90.0,99,True,False,True,False,True,False,44968231,(5-(4-(((5-Methylfuran-2-yl)methyl)amino)quinazolin-6-yl)furan-2-yl)methanol,C19H17N3O3,335.4,CC1=CC=C(O1)CNC2=NC=NC3=C2C=C(C=C3)C4=CC=C(O4)CO,CC1=CC=C(O1)CNC2=NC=NC3=C2C=C(C=C3)C4=CC=C(O4)CO,"InChI=1S/C19H17N3O3/c1-12-2-4-14(24-12)9-20-19-16-8-13(3-6-17(16)21-11-22-19)18-7-5-15(10-23)25-18/h2-8,11,23H,9-10H2,1H3,(H,20,21,22)",ROCFOIBAEVAOLQ-UHFFFAOYSA-N,resolved,identified_compound,Compound identity and structure were resolved through PubChem.,NOT_VERIFIED,,,True,True,True,False,CANDIDATE_FOR_DRUG_STATUS_REVIEW,False,False,False,NO_US_REGULATORY_OR_TRIAL_EVIDENCE_FOUND,UNRESOLVED,True,CC1=CC=C(O1)CNC2=NC=NC3=C2C=C(C=C3)C4=CC=C(O4)CO,CC1=CC=C(O1)CNC2=NC=NC3=C2C=C(C=C3)C4=CC=C(O4)CO,ROCFOIBAEVAOLQ-UHFFFAOYSA-N,C19H17N3O3,,,,,,,,,,,True,H302,,False,5225,True,False,,0,2,LIMITED,False,False,PASS_PRELIMINARY_SCREEN,
96,2,Tier 2 — Consistent reversal,3,BRD-K56596464,QX-314,-22.732267,-60.439064,-48.51338,3,3,0,-43.894904,-48.51338,-60.439064,-90.0,106,True,False,True,False,True,False,3925,"2-((2,6-Dimethylphenyl)amino)-N,N,N-triethyl-2-oxoethanaminium",C16H27N2O+,263.4,CC[N+](CC)(CC)CC(=O)NC1=C(C=CC=C1C)C,CC[N+](CC)(CC)CC(=O)NC1=C(C=CC=C1C)C,"InChI=1S/C16H26N2O/c1-6-18(7-2,8-3)12-15(19)17-16-13(4)10-9-11-14(16)5/h9-11H,6-8,12H2,1-5H3/p+1",PYEBKOFMWAMBFV-UHFFFAOYSA-O,resolved,identified_compound,Compound identity and structure were resolved through PubChem.,NOT_VERIFIED,,,True,True,True,False,CANDIDATE_FOR_DRUG_STATUS_REVIEW,False,False,False,NO_US_REGULATORY_OR_TRIAL_EVIDENCE_FOUND,UNRESOLVED,True,CC[N+](CC)(CC)CC(=O)NC1=C(C=CC=C1C)C,CC[N+](CC)(CC)CC(=O)NC1=C(C=CC=C1C)C,PYEBKOFMWAMBFV-UHFFFAOYSA-O,C16H27N2O+,,,,,,,,,,,True,H315 | H319 | H335,,False,6682,True,False,,0,2,LIMITED,False,False,PASS_PRELIMINARY_SCREEN,
98,2,Tier 2 — Consistent reversal,3,BRD-K08619838,tremorine,-0.704722,-48.21443,-49.423393,3,3,0,-32.780848,-48.21443,-49.423393,-90.0,108,True,False,True,False,True,False,5534,"1,1'-(2-Butyne-1,4-diyl)bis(pyrrolidine)",C12H20N2,192.3,C1CCN(C1)CC#CCN2CCCC2,C1CCN(C1)CC#CCN2CCCC2,"InChI=1S/C12H20N2/c1-2-8-13(7-1)11-5-6-12-14-9-3-4-10-14/h1-4,7-12H2",JSUAJTLKVREZHV-UHFFFAOYSA-N,resolved,identified_compound,Compound identity and structure were resolved through PubChem.,NOT_VERIFIED,,,True,True,True,False,CANDIDATE_FOR_DRUG_STATUS_REVIEW,False,False,False,NO_US_REGULATORY_OR_TRIAL_EVIDENCE_FOUND,UNRESOLVED,True,C1CCN(C1)CC#CCN2CCCC2,C1CCN(C1)CC#CCN2CCCC2,JSUAJTLKVREZHV-UHFFFAOYSA-N,C12H20N2,143.0,1.0,122.0,12.0,123.0,0.008130081300813009,1.0,0.0,,B45705,False,,,False,0,True,False,,0,3,GOOD,False,False,PASS_PRELIMINARY_SCREEN,
107,2,Tier 2 — Consistent reversal,3,BRD-A38898897,GW-311616,-23.70439,-74.87172,-46.099236,3,3,0,-48.225115,-46.099236,-74.87172,-90.0,117,True,False,True,False,True,False,9800961,GW-311616,C19H31N3O4S,397.5,CC(C)C1C2C(CCN2C(=O)C=CCN3CCCCC3)N(C1=O)S(=O)(=O)C,CC(C)[C@H]1[C@H]2[C@@H](CCN2C(=O)/C=C/CN3CCCCC3)N(C1=O)S(=O)(=O)C,"InChI=1S/C19H31N3O4S/c1-14(2)17-18-15(22(19(17)24)27(3,25)26)9-13-21(18)16(23)8-7-12-20-10-5-4-6-11-20/h7-8,14-15,17-18H,4-6,9-13H2,1-3H3/b8-7+/t15-,17+,18-/m1/s1",NDNKNUMSTIMSHQ-URZKGLGPSA-N,resolved,identified_compound,Compound identity and structure were resolved through PubChem.,NOT_VERIFIED,,,True,True,True,False,CANDIDATE_FOR_DRUG_STATUS_REVIEW,False,False,False,NO_US_REGULATORY_OR_TRIAL_EVIDENCE_FOUND,UNRESOLVED,True,CC(C)C1C2C(CCN2C(=O)C=CCN3CCCCC3)N(C1=O)S(=O)(=O)C,CC(C)[C@H]1[C@H]2[C@@H](CCN2C(=O)/C=C/CN3CCCCC3)N(C1=O)S(=O)(=O)C,NDNKNUMSTIMSHQ-URZKGLGPSA-N,C19H31N3O4S,71.0,0.0,60.0,4.0,60.0,0.0,0.0,0.0,,,False,,,False,0,True,False,,0,3,GOOD,False,False,PASS_PRELIMINARY_SCREEN,
126,2,Tier 2 — Consistent reversal,3,BRD-K53545112,CNQX,-3.259492,-41.653446,-46.32024,3,3,0,-30.411059,-41.653446,-46.32024,-90.0,136,True,False,True,False,True,False,3721046,"6-Cyano-7-nitroquinoxaline-2,3-dione",C9H4N4O4,232.15,C1=C(C(=CC2=C1NC(=O)C(=O)N2)[N+](=O)[O-])C#N,C1=C(C(=CC2=C1NC(=O)C(=O)N2)[N+](=O)[O-])C#N,"InChI=1S/C9H4N4O4/c10-3-4-1-5-6(2-7(4)13(16)17)12-9(15)8(14)11-5/h1-2H,(H,11,14)(H,12,15)",RPXVIAFEQBNEAX-UHFFFAOYSA-N,resolved,identified_compound,Compound identity and structure were resolved through PubChem.,NOT_VERIFIED,,,True,True,True,False,CANDIDATE_FOR_DRUG_STATUS_REVIEW,False,False,False,NO_US_REGULATORY_OR_TRIAL_EVIDENCE_FOUND,UNRESOLVED,True,C1=C(C(=CC2=C1NC(=O)C(=O)N2)[N+](=O)[O-])C#N,C1=C(C(=CC2=C1NC(=O)C(=O)N2)[N+](=O)[O-])C#N,RPXVIAFEQBNEAX-UHFFFAOYSA-N,C9H4N4O4,,,,,,,,,,,True,H302 | H312 | H315 | H319 | H332,,False,6525,True,False,,0,2,LIMITED,False,False,PASS_PRELIMINARY_SCREEN,
134,2,Tier 2 — Consistent reversal,3,BRD-K01624546,docosatrienoic-acid,-1.338971,-53.90575,-39.821594,3,3,0,-31.688772,-39.821594,-53.90575,-90.0,144,True,False,True,False,True,False,5312557,Docosatrienoic Acid,C22H38O2,334.5,CCC=CCC=CCC=CCCCCCCCCCCCC(=O)O,CC/C=C\C/C=C\C/C=C\CCCCCCCCCCCC(=O)O,"InChI=1S/C22H38O2/c1-2-3-4-5-6-7-8-9-10-11-12-13-14-15-16-17-18-19-20-21-22(23)24/h3-4,6-7,9-10H,2,5,8,11-21H2,1H3,(H,23,24)/b4-3-,7-6-,10-9-",WBBQTNCISCKUMU-PDBXOOCHSA-N,resolved,identified_compound,Compound identity and structure were resolved through PubChem.,NOT_VERIFIED,,,True,True,True,False,CANDIDATE_FOR_DRUG_STATUS_REVIEW,False,False,False,NO_US_REGULATORY_OR_TRIAL_EVIDENCE_FOUND,UNRESOLVED,True,CCC=CCC=CCC=CCCCCCCCCCCCC(=O)O,CC/C=C\C/C=C\C/C=C\CCCCCCCCCCCC(=O)O,WBBQTNCISCKUMU-PDBXOOCHSA-N,C22H38O2,117.0,3.0,111.0,3.0,114.0,0.0263157894736842,1.0,0.0,7421.0,AAP35567 | NP_001017535,False,,,False,0,True,False,,0,3,GOOD,False,False,PASS_PRELIMINARY_SCREEN,
135,2,Tier 2 — Consistent reversal,3,BRD-A92826379,lupanine,-7.263977,-39.71443,-55.89727,3,3,0,-34.291892,-39.71443,-55.89727,-90.0,145,True,False,True,False,True,False,91471,(+)-Lupanine,C15H24N2O,248.36,C1CCN2CC3CC(C2C1)CN4C3CCCC4=O,C1CCN2C[C@@H]3C[C@H]([C@@H]2C1)CN4[C@@H]3CCCC4=O,"InChI=1S/C15H24N2O/c18-15-6-3-5-14-11-8-12(10-17(14)15)13-4-1-2-7-16(13)9-11/h11-14H,1-10H2/t11-,12-,13-,14+/m0/s1",JYIJIIVLEOETIQ-XDQVBPFNSA-N,resolved,identified_compound,Compound identity and structure were resolved through PubChem.,NOT_VERIFIED,,,True,True,True,False,CANDIDATE_FOR_DRUG_STATUS_REVIEW,False,False,False,NO_US_REGULATORY_OR_TRIAL_EVIDENCE_FOUND,UNRESOLVED,True,C1CCN2CC3CC(C2C1)CN4C3CCCC4=O,C1CCN2C[C@@H]3C[C@H]([C@@H]2C1)CN4[C@@H]3CCCC4=O,JYIJIIVLEOETIQ-XDQVBPFNSA-N,C15H24N2O,2.0,1.0,0.0,0.0,1.0,1.0,0.0,0.0,,,True,,,False,1463,True,False,,0,3,GOOD,False,False,PASS_PRELIMINARY_SCREEN,
12,2,Tier 2 — Consistent reversal,4,BRD-K55420858,mirin,-17.979301,-91.8324,-80.71886,3,3,1,-63.510187,-80.71886,-91.8324,-90.0,12,True,False,True,True,True,False,1206243,Mirin,C10H8N2O2S,220.25,C1=CC(=CC=C1C=C2C(=O)N=C(S2)N)O,C1=CC(=CC=C1/C=C\2/C(=O)N=C(S2)N)O,"InChI=1S/C10H8N2O2S/c11-10-12-9(14)8(15-10)5-6-1-3-7(13)4-2-6/h1-5,13H,(H2,11,12,14)/b8-5-",YBHQCJILTOVLHD-YVMONPNESA-N,resolved,identified_compound,Compound identity and structure were resolved through PubChem.,NOT_VERIFIED,,,True,True,True,True,CANDIDATE_FOR_DRUG_STATUS_REVIEW,False,False,False,NO_US_REGULATORY_OR_TRIAL_EVIDENCE_FOUND,UNRESOLVED,True,C1=CC(=CC=C1C=C2C(=O)N=C(S2)N)O,C1=CC(=CC=C1/C=C\2/C(=O)N=C(S2)N)O,YBHQCJILTOVLHD-YVMONPNESA-N,C10H8N2O2S,10.0,0.0,10.0,0.0,10.0,0.0,1.0,0.0,,,True,H315 | H319,,False,8358,True,True,ene_five_het_B(90),1,3,GOOD,False,False,CAUTION_MANUAL_REVIEW,PAINS structural alert (assay-interference risk)
47,2,Tier 2 — Consistent reversal,3,BRD-K46441700,GR-55562,-12.65922,-85.61006,-60.974052,3,3,0,-53.081111,-60.974052,-85.61006,-90.0,57,True,False,True,False,True,False,128018,GR-55562,C23H25N3O2,375.5,CN(C)CCCC1=C(C=CC(=C1)C(=O)NC2=CC=C(C=C2)C3=CC=NC=C3)O,CN(C)CCCC1=C(C=CC(=C1)C(=O)NC2=CC=C(C=C2)C3=CC=NC=C3)O,"InChI=1S/C23H25N3O2/c1-26(2)15-3-4-19-16-20(7-10-22(19)27)23(28)25-21-8-5-17(6-9-21)18-11-13-24-14-12-18/h5-14,16,27H,3-4,15H2,1-2H3,(H,25,28)",ZAGAUUVCYGSPBP-UHFFFAOYSA-N,resolved,identified_compound,Compound identity and structure were resolved through PubChem.,NOT_VERIFIED,,,True,True,True,False,CANDIDATE_FOR_DRUG_STATUS_REVIEW,False,False,False,NO_US_REGULATORY_OR_TRIAL_EVIDENCE_FOUND,UNRESOLVED,True,CN(C)CCCC1=C(C=CC(=C1)C(=O)NC2=CC=C(C=C2)C3=CC=NC=C3)O,CN(C)CCCC1=C(C=CC(=C1)C(=O)NC2=CC=C(C=C2)C3=CC=NC=C3)O,ZAGAUUVCYGSPBP-UHFFFAOYSA-N,C23H25N3O2,316.0,23.0,243.0,49.0,266.0,0.0864661654135338,3.0,0.0,1544.0 | 1565.0 | 2593.0 | 27232.0 | 3176.0 | 3351.0 | 3352.0 | 4837.0 | 5409.0,B45705 | CAQ07474 | NP_000097 | NP_000752 | NP_000854 | NP_001020332 | P08908 | P11086 | P21964 | P28221 | P28222 | P40261 | P50135 | Q14353 | Q14749,False,,,False,0,True,False,,1,3,GOOD,False,False,CAUTION_MANUAL_REVIEW,elevated PubChem assay promiscuity
59,2,Tier 2 — Consistent reversal,3,BRD-K02607075,tubocurarine,-2.713178,-75.77972,-58.916065,3,3,0,-45.802988,-58.916065,-75.77972,-90.0,69,True,False,True,False,True,False,6000,Tubocurarine,C37H41N2O6+,609.7,CN1CCC2=CC(=C3C=C2C1CC4=CC=C(C=C4)OC5=C6C(CC7=CC(=C(C=C7)O)O3)[N+](CCC6=CC(=C5O)OC)(C)C)OC,CN1CCC2=CC(=C3C=C2[C@@H]1CC4=CC=C(C=C4)OC5=C6[C@@H](CC7=CC(=C(C=C7)O)O3)[N+](CCC6=CC(=C5O)OC)(C)C)OC,"InChI=1S/C37H40N2O6/c1-38-14-12-24-19-32(42-4)33-21-27(24)28(38)16-22-6-9-26(10-7-22)44-37-35-25(20-34(43-5)36(37)41)13-15-39(2,3)29(35)17-23-8-11-30(40)31(18-23)45-33/h6-11,18-21,28-29H,12-17H2,1-5H3,(H-,40,41)/p+1/t28-,29+/m0/s1",JFJZZMVDLULRGK-URLMMPGGSA-O,resolved,identified_compound,Compound identity and structure were resolved through PubChem.,NOT_VERIFIED,,,True,True,True,False,CANDIDATE_FOR_DRUG_STATUS_REVIEW,True,True,False,FDA_APPLICATION_AND_LABEL_EVIDENCE,HIGH_REGULATORY_EVIDENCE,False,CN1CCC2=CC(=C3C=C2C1CC4=CC=C(C=C4)OC5=C6C(CC7=CC(=C(C=C7)O)O3)[N+](CCC6=CC(=C5O)OC)(C)C)OC,CN1CCC2=CC(=C3C=C2[C@@H]1CC4=CC=C(C=C4)OC5=C6[C@@H](CC7=CC(=C(C=C7)O)O3)[N+](CCC6=CC(=C5O)OC)(C)C)OC,JFJZZMVDLULRGK-URLMMPGGSA-O,C37H41N2O6+,206.0,17.0,143.0,2.0,160.0,0.10625,3.0,0.0,10257.0 | 353174.0 | 3780.0 | 3781.0 | 3782.0 | 5335.0 | 54262.0 | 55244.0,A9XFY4 | AAI36467 | NP_001191016 | NP_002239 | NP_062187 | NP_740721 | NP_851321 | O15439 | Q96FL8,True,,,False,5460,True,False,,1,4,GOOD,False,False,CAUTION_MANUAL_REVIEW,elevated PubChem assay promiscuity
66,2,Tier 2 — Consistent reversal,3,BRD-K08109516,L-701324,-11.283772,-60.337547,-56.637703,3,3,0,-42.753007,-56.637703,-60.337547,-90.0,76,True,False,True,False,True,False,54682505,7-Chloro-4-hydroxy-3-(3-phenoxyphenyl)-2(1H)-quinolinone,C21H14ClNO3,363.8,C1=CC=C(C=C1)OC2=CC=CC(=C2)C3=C(C4=C(C=C(C=C4)Cl)NC3=O)O,C1=CC=C(C=C1)OC2=CC=CC(=C2)C3=C(C4=C(C=C(C=C4)Cl)NC3=O)O,"InChI=1S/C21H14ClNO3/c22-14-9-10-17-18(12-14)23-21(25)19(20(17)24)13-5-4-8-16(11-13)26-15-6-2-1-3-7-15/h1-12H,(H2,23,24,25)",FLVRDMUHUXVRET-UHFFFAOYSA-N,resolved,identified_compound,Compound identity and structure were resolved through PubChem.,NOT_VERIFIED,,,True,True,True,False,CANDIDATE_FOR_DRUG_STATUS_REVIEW,False,False,False,NO_US_REGULATORY_OR_TRIAL_EVIDENCE_FOUND,UNRESOLVED,True,C1=CC=C(C=C1)OC2=CC=CC(=C2)C3=C(C4=C(C=C(C=C4)Cl)NC3=O)O,C1=CC=C(C=C1)OC2=CC=CC(=C2)C3=C(C4=C(C=C(C=C4)Cl)NC3=O)O,FLVRDMUHUXVRET-UHFFFAOYSA-N,C21H14ClNO3,740.0,66.0,611.0,22.0,677.0,0.0974889217134416,13.0,0.0,1544.0 | 1565.0 | 170796.0 | 191573.0 | 24408.0 | 24409.0 | 24410.0 | 24411.0 | 24412.0 | 2902.0 | 2903.0 | 2904.0 | 2905.0 | 5049.0,2O23_A | 2O23_B | 3I06_A | NP_000097 | NP_000752 | NP_000825 | NP_000826 | NP_001020332 | NP_001127880 | NP_001171675 | NP_058706 | P35439 | Q00959 | Q00960 | Q00961 | Q62645 | Q8VHN2 | Q9R1M7,True,H315 | H319 | H335,,False,6664,True,False,,1,4,GOOD,False,False,CAUTION_MANUAL_REVIEW,elevated PubChem assay promiscuity
81,2,Tier 2 — Consistent reversal,3,BRD-K56450366,NSC-94258,-15.000443,-52.920273,-79.57135,3,3,0,-49.164022,-52.920273,-79.57135,-90.0,91,True,False,True,False,True,False,5281894,7-Hydroxyflavone,C15H10O3,238.24,C1=CC=C(C=C1)C2=CC(=O)C3=C(O2)C=C(C=C3)O,C1=CC=C(C=C1)C2=CC(=O)C3=C(O2)C=C(C=C3)O,"InChI=1S/C15H10O3/c16-11-6-7-12-13(17)9-14(18-15(12)8-11)10-4-2-1-3-5-10/h1-9,16H",MQGPSCMMNJKMHQ-UHFFFAOYSA-N,resolved,identified_compound,Compound identity and structure were resolved through PubChem.,NOT_VERIFIED,,,True,True,True,False,CANDIDATE_FOR_DRUG_STATUS_REVIEW,False,False,False,NO_US_REGULATORY_OR_TRIAL_EVIDENCE_FOUND,UNRESOLVED,True,C1=CC=C(C=C1)C2=CC(=O)C3=C(O2)C=C(C=C3)O,C1=CC=C(C=C1)C2=CC(=O)C3=C(O2)C=C(C=C3)O,MQGPSCMMNJKMHQ-UHFFFAOYSA-N,C15H10O3,743.0,58.0,449.0,15.0,507.0,0.1143984220907297,70.0,0.0,10413.0 | 1544.0 | 1545.0 | 1588.0 | 181263.0 | 190.0 | 24173.0 | 25.0 | 25369.0 | 29290.0 | 29412.0 | 29413.0 | 3292.0 | 3293.0 | 367.0 | 4128.0 | 4129.0 | 5315.0 | 57016.0 | 672.0 | 759.0 | 760.0 | 768.0 | 771.0 | 9610.0,AAC37594 | BAC78637 | BAC78638 | NP_000466 | NP_001024547 | NP_001123617 | NP_004283 | NP_005148 | O09028 | O43570 | O60218 | P00915 | P00918 | P04150 | P05177 | P10275 | P11511 | P14061 | P14618 | P15431 | P15823 | P18506 | P18508 | P19969 | P20236 | P21397 | P23574 | P23576 | P23944 | P25099 | P27338 | P28471 | P28473 | P30191 | P30543 | P37058 | P43140 | P62813 | P63079 | P63138 | Q16678 | Q16790 | Q91ZM7 | Q9ES14,True,H315 | H319 | H335,,False,6655,True,False,,1,4,GOOD,False,False,CAUTION_MANUAL_REVIEW,elevated PubChem assay promiscuity
102,2,Tier 2 — Consistent reversal,3,BRD-K84895041,BMY-45778,-27.080841,-47.96483,-47.346344,3,3,0,-40.797338,-47.346344,-47.96483,-90.0,112,True,False,True,False,True,False,127861,"(3-(4-(4,5-Diphenyl-2-oxazolyl)-5-oxazolyl)phenoxy)acetic acid",C26H18N2O5,438.4,C1=CC=C(C=C1)C2=C(OC(=N2)C3=C(OC=N3)C4=CC(=CC=C4)OCC(=O)O)C5=CC=CC=C5,C1=CC=C(C=C1)C2=C(OC(=N2)C3=C(OC=N3)C4=CC(=CC=C4)OCC(=O)O)C5=CC=CC=C5,"InChI=1S/C26H18N2O5/c29-21(30)15-31-20-13-7-12-19(14-20)24-23(27-16-32-24)26-28-22(17-8-3-1-4-9-17)25(33-26)18-10-5-2-6-11-18/h1-14,16H,15H2,(H,29,30)",DSRSEEYZGWTODH-UHFFFAOYSA-N,resolved,identified_compound,Compound identity and structure were resolved through PubChem.,NOT_VERIFIED,,,True,True,True,False,CANDIDATE_FOR_DRUG_STATUS_REVIEW,False,False,False,NO_US_REGULATORY_OR_TRIAL_EVIDENCE_FOUND,UNRESOLVED,True,C1=CC=C(C=C1)C2=C(OC(=N2)C3=C(OC=N3)C4=CC(=CC=C4)OCC(=O)O)C5=CC=CC=C5,C1=CC=C(C=C1)C2=C(OC(=N2)C3=C(OC=N3)C4=CC(=CC=C4)OCC(=O)O)C5=CC=CC=C5,DSRSEEYZGWTODH-UHFFFAOYSA-N,C26H18N2O5,171.0,14.0,106.0,19.0,120.0,0.1166666666666666,6.0,0.0,1544.0 | 1565.0 | 5739.0 | 7398.0,2O23_A | 2O23_B | 3I06_A | AAH18745 | NP_000097 | NP_000752 | NP_000951 | NP_001020332,False,,,False,0,True,False,,1,3,GOOD,False,False,CAUTION_MANUAL_REVIEW,elevated PubChem assay promiscuity
114,2,Tier 2 — Consistent reversal,3,BRD-K19525698,ozagrel,-5.250176,-57.99302,-43.884445,3,3,0,-35.709214,-43.884445,-57.99302,-90.0,124,True,False,True,False,True,False,5282440,Ozagrel,C13H12N2O2,228.25,C1=CC(=CC=C1CN2C=CN=C2)C=CC(=O)O,C1=CC(=CC=C1CN2C=CN=C2)/C=C/C(=O)O,"InChI=1S/C13H12N2O2/c16-13(17)6-5-11-1-3-12(4-2-11)9-15-8-7-14-10-15/h1-8,10H,9H2,(H,16,17)/b6-5+",SHZKQBHERIJWAO-AATRIKPKSA-N,resolved,identified_compound,Compound identity and structure were resolved through PubChem.,NOT_VERIFIED,,,True,True,True,False,CANDIDATE_FOR_DRUG_STATUS_REVIEW,False,False,True,CLINICAL_TRIAL_EVIDENCE_ONLY,CLINICAL_INVESTIGATION_EVIDENCE,True,C1=CC(=CC=C1CN2C=CN=C2)C=CC(=O)O,C1=CC(=CC=C1CN2C=CN=C2)/C=C/C(=O)O,SHZKQBHERIJWAO-AATRIKPKSA-N,C13H12N2O2,291.0,17.0,126.0,11.0,143.0,0.1188811188811188,13.0,0.0,1080.0 | 24886.0 | 6916.0,NP_000483 | NP_001159726 | P24557 | P49430,False,,,False,0,True,False,,1,3,GOOD,False,False,CAUTION_MANUAL_REVIEW,elevated PubChem assay promiscuity
123,2,Tier 2 — Consistent reversal,3,BRD-K94841585,emodic-acid,-42.155396,-21.892303,-72.56107,3,3,0,-45.536256,-42.155396,-72.56107,-90.0,133,True,False,True,False,True,False,361510,Emodic Acid,C15H8O7,300.22,C1=C(C=C(C2=C1C(=O)C3=C(C2=O)C(=CC(=C3)O)O)O)C(=O)O,C1=C(C=C(C2=C1C(=O)C3=C(C2=O)C(=CC(=C3)O)O)O)C(=O)O,"InChI=1S/C15H8O7/c16-6-3-8-12(10(18)4-6)14(20)11-7(13(8)19)1-5(15(21)22)2-9(11)17/h1-4,16-18H,(H,21,22)",ZJXVNNSMRGTDBI-UHFFFAOYSA-N,resolved,identified_compound,Compound identity and structure were resolved through PubChem.,NOT_VERIFIED,,,True,True,True,False,CANDIDATE_FOR_DRUG_STATUS_REVIEW,False,False,False,NO_US_REGULATORY_OR_TRIAL_EVIDENCE_FOUND,UNRESOLVED,True,C1=C(C=C(C2=C1C(=O)C3=C(C2=O)C(=CC(=C3)O)O)O)C(=O)O,C1=C(C=C(C2=C1C(=O)C3=C(C2=O)C(=CC(=C3)O)O)O)C(=O)O,ZJXVNNSMRGTDBI-UHFFFAOYSA-N,C15H8O7,,,,,,,,,,,False,,,False,0,True,True,quinone_A(370),1,1,LIMITED,False,False,CAUTION_MANUAL_REVIEW,PAINS structural alert (assay-interference risk)
69,2,Tier 2 — Consistent reversal,3,BRD-K35629949,SR-27897,-16.35113,-55.846756,-72.5287,3,3,0,-48.242195,-55.846756,-72.5287,-90.0,79,True,False,True,False,True,False,122077,Lintitript,C20H14ClN3O3S,411.9,C1=CC=C2C(=C1)C=C(N2CC(=O)O)C(=O)NC3=NC(=CS3)C4=CC=CC=C4Cl,C1=CC=C2C(=C1)C=C(N2CC(=O)O)C(=O)NC3=NC(=CS3)C4=CC=CC=C4Cl,"InChI=1S/C20H14ClN3O3S/c21-14-7-3-2-6-13(14)15-11-28-20(22-15)23-19(27)17-9-12-5-1-4-8-16(12)24(17)10-18(25)26/h1-9,11H,10H2,(H,25,26)(H,22,23,27)",ILNRQFBVVQUOLP-UHFFFAOYSA-N,resolved,identified_compound,Compound identity and structure were resolved through PubChem.,NOT_VERIFIED,,,True,True,True,False,CANDIDATE_FOR_DRUG_STATUS_REVIEW,False,False,False,NO_US_REGULATORY_OR_TRIAL_EVIDENCE_FOUND,UNRESOLVED,True,C1=CC=C2C(=C1)C=C(N2CC(=O)O)C(=O)NC3=NC(=CS3)C4=CC=CC=C4Cl,C1=CC=C2C(=C1)C=C(N2CC(=O)O)C(=O)NC3=NC(=CS3)C4=CC=CC=C4Cl,ILNRQFBVVQUOLP-UHFFFAOYSA-N,C20H14ClN3O3S,647.0,41.0,447.0,100.0,488.0,0.0840163934426229,78.0,1.0,116160065.0 | 1551.0 | 1813.0 | 24831.0 | 24889.0 | 2798.0 | 3725.0 | 4780.0 | 5468.0 | 7201.0 | 7398.0 | 7421.0 | 8856.0 | 886.0,AAA29795 | AAH11558 | AAH18745 | AAH21195 | AAI13547 | ADZ17384 | BAH02283 | EAW91923 | EAX06628 | NP_000721 | NP_000756 | NP_001017535 | NP_001257783 | NP_006155 | NP_036820 | P32238,False,,,False,0,True,False,,2,3,GOOD,False,False,CAUTION_MANUAL_REVIEW,active cytotoxicity/viability assay signal | elevated PubChem assay promiscuity
71,2,Tier 2 — Consistent reversal,3,BRD-K08996725,zolantidine,-0.493305,-54.92739,-74.507706,3,3,0,-43.309467,-54.92739,-74.507706,-90.0,81,True,False,True,False,True,False,91769,N-(3-(3-(1-Piperidinylmethyl)phenoxy)propyl)-2-benzothiazolamine,C22H27N3OS,381.5,C1CCN(CC1)CC2=CC(=CC=C2)OCCCNC3=NC4=CC=CC=C4S3,C1CCN(CC1)CC2=CC(=CC=C2)OCCCNC3=NC4=CC=CC=C4S3,"InChI=1S/C22H27N3OS/c1-4-13-25(14-5-1)17-18-8-6-9-19(16-18)26-15-7-12-23-22-24-20-10-2-3-11-21(20)27-22/h2-3,6,8-11,16H,1,4-5,7,12-15,17H2,(H,23,24)",KUBONGDXTUOOLM-UHFFFAOYSA-N,resolved,identified_compound,Compound identity and structure were resolved through PubChem.,NOT_VERIFIED,,,True,True,True,False,CANDIDATE_FOR_DRUG_STATUS_REVIEW,False,False,False,NO_US_REGULATORY_OR_TRIAL_EVIDENCE_FOUND,UNRESOLVED,True,C1CCN(CC1)CC2=CC(=CC=C2)OCCCNC3=NC4=CC=CC=C4S3,C1CCN(CC1)CC2=CC(=CC=C2)OCCCNC3=NC4=CC=CC=C4S3,KUBONGDXTUOOLM-UHFFFAOYSA-N,C22H27N3OS,431.0,32.0,332.0,53.0,364.0,0.0879120879120879,6.0,1.0,1544.0 | 1565.0 | 1576.0 | 2475.0 | 25229.0 | 2593.0 | 27232.0 | 3176.0 | 4837.0 | 5409.0,AAI07878 | B45705 | NP_000097 | NP_000752 | NP_001020332 | NP_004949 | NP_059488 | NP_542951 | NP_652928 | P11086 | P21964 | P40261 | P50135 | Q14353 | Q14749,False,,,False,0,True,False,,2,3,GOOD,False,False,CAUTION_MANUAL_REVIEW,active cytotoxicity/viability assay signal | elevated PubChem assay promiscuity
129,2,Tier 2 — Consistent reversal,3,BRD-K56509348,BMS-182874,-4.455877,-45.299522,-40.85988,3,3,0,-30.205093,-40.85988,-45.299522,-90.0,139,True,False,True,False,True,False,122272,Bms 182874,C17H19N3O3S,345.4,CC1=C(ON=C1C)NS(=O)(=O)C2=CC=CC3=C2C=CC=C3N(C)C,CC1=C(ON=C1C)NS(=O)(=O)C2=CC=CC3=C2C=CC=C3N(C)C,"InChI=1S/C17H19N3O3S/c1-11-12(2)18-23-17(11)19-24(21,22)16-10-6-7-13-14(16)8-5-9-15(13)20(3)4/h5-10,19H,1-4H3",MJRGSRRZKSJHOE-UHFFFAOYSA-N,resolved,identified_compound,Compound identity and structure were resolved through PubChem.,NOT_VERIFIED,,,True,True,True,False,CANDIDATE_FOR_DRUG_STATUS_REVIEW,False,False,False,NO_US_REGULATORY_OR_TRIAL_EVIDENCE_FOUND,UNRESOLVED,True,CC1=C(ON=C1C)NS(=O)(=O)C2=CC=CC3=C2C=CC=C3N(C)C,CC1=C(ON=C1C)NS(=O)(=O)C2=CC=CC3=C2C=CC=C3N(C)C,MJRGSRRZKSJHOE-UHFFFAOYSA-N,C17H19N3O3S,158.0,23.0,93.0,23.0,116.0,0.1982758620689655,1.0,0.0,1559.0 | 1909.0 | 24326.0 | 7421.0,2O23_A | 2O23_B | AAG24257 | NP_000762 | NP_001017535 | P25101 | P26684,False,,,False,0,True,False,,2,3,GOOD,False,False,CAUTION_MANUAL_REVIEW,moderate PubChem assay promiscuity
3,1,Tier 1 — Strong consensus,5,BRD-K89687904,PKCbeta-inhibitor,-24.4503,-90.70964,-97.77263,3,3,2,-70.977523,-90.70964,-97.77263,-90.0,3,True,False,True,True,True,True,6419755,PKCbeta Inhibitor,C24H21N5O2,411.5,C1=CC=C(C=C1)NC2=C(C(=O)NC2=O)C3=CN(C4=CC=CC=C43)CCCN5C=CN=C5,C1=CC=C(C=C1)NC2=C(C(=O)NC2=O)C3=CN(C4=CC=CC=C43)CCCN5C=CN=C5,"InChI=1S/C24H21N5O2/c30-23-21(22(24(31)27-23)26-17-7-2-1-3-8-17)19-15-29(20-10-5-4-9-18(19)20)13-6-12-28-14-11-25-16-28/h1-5,7-11,14-16H,6,12-13H2,(H2,26,27,30,31)",KIWODJBCHRADND-UHFFFAOYSA-N,resolved,identified_compound,Compound identity and structure were resolved through PubChem.,NOT_VERIFIED,,,True,True,True,True,CANDIDATE_FOR_DRUG_STATUS_REVIEW,False,False,False,NO_US_REGULATORY_OR_TRIAL_EVIDENCE_FOUND,UNRESOLVED,True,C1=CC=C(C=C1)NC2=C(C(=O)NC2=O)C3=CN(C4=CC=CC=C43)CCCN5C=CN=C5,C1=CC=C(C=C1)NC2=C(C(=O)NC2=O)C3=CN(C4=CC=CC=C43)CCCN5C=CN=C5,KIWODJBCHRADND-UHFFFAOYSA-N,C24H21N5O2,596.0,17.0,5.0,1.0,22.0,0.7727272727272727,0.0,0.0,1195.0 | 3718.0 | 5292.0 | 5578.0 | 5579.0 | 5581.0 | 7297.0 | 9748.0,NP_002639 | NP_055535 | NP_997700 | O60674 | P05771 | P17252 | P23458 | P29597 | P49759 | P52333 | Q02156,False,,,False,0,True,False,,3,3,GOOD,False,False,CAUTION_MANUAL_REVIEW,high PubChem assay promiscuity
15,2,Tier 2 — Consistent reversal,4,BRD-A30977374,nifedipine,-7.082452,-63.485985,-92.370224,3,3,1,-54.312887,-63.485985,-92.370224,-90.0,15,True,False,True,False,True,True,4485,Nifedipine,C17H18N2O6,346.3,CC1=C(C(C(=C(N1)C)C(=O)OC)C2=CC=CC=C2[N+](=O)[O-])C(=O)OC,CC1=C(C(C(=C(N1)C)C(=O)OC)C2=CC=CC=C2[N+](=O)[O-])C(=O)OC,"InChI=1S/C17H18N2O6/c1-9-13(16(20)24-3)15(14(10(2)18-9)17(21)25-4)11-7-5-6-8-12(11)19(22)23/h5-8,15,18H,1-4H3",HYIMSNHJOBLJNT-UHFFFAOYSA-N,resolved,identified_compound,Compound identity and structure were resolved through PubChem.,NOT_VERIFIED,,,True,True,True,True,CANDIDATE_FOR_DRUG_STATUS_REVIEW,False,False,True,CLINICAL_TRIAL_EVIDENCE_ONLY,CLINICAL_INVESTIGATION_EVIDENCE,True,CC1=C(C(C(=C(N1)C)C(=O)OC)C2=CC=CC=C2[N+](=O)[O-])C(=O)OC,CC1=C(C(C(=C(N1)C)C(=O)OC)C2=CC=CC=C2[N+](=O)[O-])C(=O)OC,HYIMSNHJOBLJNT-UHFFFAOYSA-N,C17H18N2O6,,,,,,,,,,,True,H302 | H361,,True,33187,True,False,,3,2,LIMITED,True,False,CAUTION_MANUAL_REVIEW,high-concern PubChem safety annotation text
28,2,Tier 2 — Consistent reversal,3,BRD-A36010170,amcinonide,-4.827343,-74.5706,-80.699104,3,3,0,-53.365682,-74.5706,-80.699104,-90.0,38,True,False,True,False,True,False,443958,Amcinonide,C28H35FO7,502.6,CC(=O)OCC(=O)C12C(CC3C1(CC(C4(C3CCC5=CC(=O)C=CC54C)F)O)C)OC6(O2)CCCC6,CC(=O)OCC(=O)[C@@]12[C@@H](C[C@@H]3[C@@]1(C[C@@H]([C@]4([C@H]3CCC5=CC(=O)C=C[C@@]54C)F)O)C)OC6(O2)CCCC6,"InChI=1S/C28H35FO7/c1-16(30)34-15-22(33)28-23(35-26(36-28)9-4-5-10-26)13-20-19-7-6-17-12-18(31)8-11-24(17,2)27(19,29)21(32)14-25(20,28)3/h8,11-12,19-21,23,32H,4-7,9-10,13-15H2,1-3H3/t19-,20-,21-,23+,24-,25-,27-,28+/m0/s1",ILKJAFIWWBXGDU-MOGDOJJUSA-N,resolved,identified_compound,Compound identity and structure were resolved through PubChem.,NOT_VERIFIED,,,True,True,True,False,CANDIDATE_FOR_DRUG_STATUS_REVIEW,False,False,False,NO_US_REGULATORY_OR_TRIAL_EVIDENCE_FOUND,UNRESOLVED,True,CC(=O)OCC(=O)C12C(CC3C1(CC(C4(C3CCC5=CC(=O)C=CC54C)F)O)C)OC6(O2)CCCC6,CC(=O)OCC(=O)[C@@]12[C@@H](C[C@@H]3[C@@]1(C[C@@H]([C@]4([C@H]3CCC5=CC(=O)C=C[C@@]54C)F)O)C)OC6(O2)CCCC6,ILKJAFIWWBXGDU-MOGDOJJUSA-N,C28H35FO7,,,,,,,,,,,True,H361 | H373,,True,5682,True,False,,3,2,LIMITED,True,False,CAUTION_MANUAL_REVIEW,high-concern PubChem safety annotation text
36,2,Tier 2 — Consistent reversal,3,BRD-K16508793,diazepam,-18.38874,-68.46609,-76.20201,3,3,0,-54.35228,-68.46609,-76.20201,-90.0,46,True,False,True,False,True,False,3016,Diazepam,C16H13ClN2O,284.74,CN1C(=O)CN=C(C2=C1C=CC(=C2)Cl)C3=CC=CC=C3,CN1C(=O)CN=C(C2=C1C=CC(=C2)Cl)C3=CC=CC=C3,"InChI=1S/C16H13ClN2O/c1-19-14-8-7-12(17)9-13(14)16(18-10-15(19)20)11-5-3-2-4-6-11/h2-9H,10H2,1H3",AAOVKJBEBIDNHE-UHFFFAOYSA-N,resolved,identified_compound,Compound identity and structure were resolved through PubChem.,NOT_VERIFIED,,,True,True,True,False,CANDIDATE_FOR_DRUG_STATUS_REVIEW,False,True,True,FDA_LABEL_EVIDENCE_FOUND,MODERATE_REGULATORY_EVIDENCE,True,CN1C(=O)CN=C(C2=C1C=CC(=C2)Cl)C3=CC=CC=C3,CN1C(=O)CN=C(C2=C1C=CC(=C2)Cl)C3=CC=CC=C3,AAOVKJBEBIDNHE-UHFFFAOYSA-N,C16H13ClN2O,,,,,,,,,,,True,H301 | H311,H301 | H311,True,49990,True,False,,3,2,LIMITED,True,False,CAUTION_MANUAL_REVIEW,"acute-toxicity GHS annotation H301,H311"
44,2,Tier 2 — Consistent reversal,3,BRD-K82143716,flucytosine,-62.447453,-1.303735,-83.53966,3,3,0,-49.096949,-62.447453,-83.53966,-90.0,54,True,False,True,False,True,False,3366,Flucytosine,C4H4FN3O,129.09,C1=NC(=O)NC(=C1F)N,C1=NC(=O)NC(=C1F)N,"InChI=1S/C4H4FN3O/c5-2-1-7-4(9)8-3(2)6/h1H,(H3,6,7,8,9)",XRECTZIEBJDKEO-UHFFFAOYSA-N,resolved,identified_compound,Compound identity and structure were resolved through PubChem.,NOT_VERIFIED,,,True,True,True,False,CANDIDATE_FOR_DRUG_STATUS_REVIEW,False,False,True,CLINICAL_TRIAL_EVIDENCE_ONLY,CLINICAL_INVESTIGATION_EVIDENCE,True,C1=NC(=O)NC(=C1F)N,C1=NC(=O)NC(=C1F)N,XRECTZIEBJDKEO-UHFFFAOYSA-N,C4H4FN3O,,,,,,,,,,,True,H361,,True,32586,True,False,,3,2,LIMITED,True,False,CAUTION_MANUAL_REVIEW,high-concern PubChem safety annotation text
74,2,Tier 2 — Consistent reversal,3,BRD-A77349281,RK-682,-14.212652,-63.022438,-54.574436,3,3,0,-43.936509,-54.574436,-63.022438,-90.0,84,True,False,True,False,True,False,54678922,(5R)-3-Hexadecanoyl-4-hydroxy-5-(hydroxymethyl)furan-2(5H)-one,C21H36O5,368.5,CCCCCCCCCCCCCCCC(=O)C1=C(C(OC1=O)CO)O,CCCCCCCCCCCCCCCC(=O)C1=C([C@H](OC1=O)CO)O,"InChI=1S/C21H36O5/c1-2-3-4-5-6-7-8-9-10-11-12-13-14-15-17(23)19-20(24)18(16-22)26-21(19)25/h18,22,24H,2-16H2,1H3/t18-/m1/s1",KZTSLHQKWLYYAC-GOSISDBHSA-N,resolved,identified_compound,Compound identity and structure were resolved through PubChem.,NOT_VERIFIED,,,True,True,True,False,CANDIDATE_FOR_DRUG_STATUS_REVIEW,False,False,False,NO_US_REGULATORY_OR_TRIAL_EVIDENCE_FOUND,UNRESOLVED,True,CCCCCCCCCCCCCCCC(=O)C1=C(C(OC1=O)CO)O,CCCCCCCCCCCCCCCC(=O)C1=C([C@H](OC1=O)CO)O,KZTSLHQKWLYYAC-GOSISDBHSA-N,C21H36O5,40.0,23.0,0.0,3.0,23.0,1.0,0.0,0.0,5770.0 | 5771.0,P17706 | P18031 | P30306,False,,,False,0,True,False,,3,3,GOOD,False,False,CAUTION_MANUAL_REVIEW,high PubChem assay promiscuity
75,2,Tier 2 — Consistent reversal,3,BRD-K01638814,rilmenidine,-22.415075,-53.919815,-65.84115,3,3,0,-47.392013,-53.919815,-65.84115,-90.0,85,True,False,True,False,True,False,68712,Rilmenidine,C10H16N2O,180.25,C1CC1C(C2CC2)NC3=NCCO3,C1CC1C(C2CC2)NC3=NCCO3,"InChI=1S/C10H16N2O/c1-2-7(1)9(8-3-4-8)12-10-11-5-6-13-10/h7-9H,1-6H2,(H,11,12)",CQXADFVORZEARL-UHFFFAOYSA-N,resolved,identified_compound,Compound identity and structure were resolved through PubChem.,NOT_VERIFIED,,,True,True,True,False,CANDIDATE_FOR_DRUG_STATUS_REVIEW,False,False,True,CLINICAL_TRIAL_EVIDENCE_ONLY,CLINICAL_INVESTIGATION_EVIDENCE,True,C1CC1C(C2CC2)NC3=NCCO3,C1CC1C(C2CC2)NC3=NCCO3,CQXADFVORZEARL-UHFFFAOYSA-N,C10H16N2O,1431.0,60.0,1163.0,114.0,1223.0,0.04905968928863451,195.0,3.0,11188.0 | 148.0 | 150.0 | 151.0 | 152.0 | 1565.0 | 1576.0 | 24831.0 | 2908.0 | 306255.0 | 4128.0 | 4129.0 | 4986.0,ADP91253 | ANW61984 | B45705 | NP_000097 | NP_001020332 | NP_001257783 | NP_059488 | P08913 | P18089 | P18825 | P21397 | P27338 | P35348 | P41145 | Q4G017 | Q9Y2I1,False,,,False,0,True,False,,3,3,GOOD,False,False,CAUTION_MANUAL_REVIEW,repeated active cytotoxicity/viability assays
77,2,Tier 2 — Consistent reversal,3,BRD-K04170657,psoromic-acid,-29.686283,-55.383244,-53.66938,3,3,0,-46.246302,-53.66938,-55.383244,-90.0,87,True,False,True,False,True,False,23725,Psoromic Acid,C18H14O8,358.3,CC1=CC(=C(C2=C1C(=O)OC3=C(O2)C(=CC(=C3C)OC)C(=O)O)C=O)O,CC1=CC(=C(C2=C1C(=O)OC3=C(O2)C(=CC(=C3C)OC)C(=O)O)C=O)O,"InChI=1S/C18H14O8/c1-7-4-11(20)10(6-19)15-13(7)18(23)26-14-8(2)12(24-3)5-9(17(21)22)16(14)25-15/h4-6,20H,1-3H3,(H,21,22)",FUCWJKJZOHOLEO-UHFFFAOYSA-N,resolved,identified_compound,Compound identity and structure were resolved through PubChem.,NOT_VERIFIED,,,True,True,True,False,CANDIDATE_FOR_DRUG_STATUS_REVIEW,False,False,False,NO_US_REGULATORY_OR_TRIAL_EVIDENCE_FOUND,UNRESOLVED,True,CC1=CC(=C(C2=C1C(=O)OC3=C(O2)C(=CC(=C3C)OC)C(=O)O)C=O)O,CC1=CC(=C(C2=C1C(=O)OC3=C(O2)C(=CC(=C3C)OC)C(=O)O)C=O)O,FUCWJKJZOHOLEO-UHFFFAOYSA-N,C18H14O8,505.0,13.0,458.0,5.0,471.0,0.0276008492569002,13.0,2.0,11168.0 | 2671.0 | 2744.0 | 5888.0 | 811941.0,AAC83551 | AAF25870 | AAH38507 | CAG38796 | NP_005253 | Q7ZJM1 | XP_001348533,False,,,False,0,True,False,,3,3,GOOD,False,False,CAUTION_MANUAL_REVIEW,repeated active cytotoxicity/viability assays
78,2,Tier 2 — Consistent reversal,3,BRD-K09991945,GSK-3-inhibitor-II,-13.116282,-56.040085,-53.212753,3,3,0,-40.789707,-53.212753,-56.040085,-90.0,88,True,False,True,False,True,False,6539732,GSK-3 Inhibitor II,C14H10IN3OS,395.22,C1=CC(=CC(=C1)I)CSC2=NN=C(O2)C3=CC=NC=C3,C1=CC(=CC(=C1)I)CSC2=NN=C(O2)C3=CC=NC=C3,"InChI=1S/C14H10IN3OS/c15-12-3-1-2-10(8-12)9-20-14-18-17-13(19-14)11-4-6-16-7-5-11/h1-8H,9H2",ZRHRPGSSSVYBRG-UHFFFAOYSA-N,resolved,identified_compound,Compound identity and structure were resolved through PubChem.,NOT_VERIFIED,,,True,True,True,False,CANDIDATE_FOR_DRUG_STATUS_REVIEW,False,False,True,CLINICAL_TRIAL_EVIDENCE_ONLY,CLINICAL_INVESTIGATION_EVIDENCE,True,C1=CC(=CC(=C1)I)CSC2=NN=C(O2)C3=CC=NC=C3,C1=CC(=CC(=C1)I)CSC2=NN=C(O2)C3=CC=NC=C3,ZRHRPGSSSVYBRG-UHFFFAOYSA-N,C14H10IN3OS,646.0,21.0,44.0,0.0,65.0,0.3230769230769231,1.0,0.0,2669.0 | 2931.0 | 2932.0,NP_001139628 | NP_005252 | O95067 | P06493 | P14635 | P49840 | P49841 | Q8WWL7,False,,,False,0,True,False,,3,3,GOOD,False,False,CAUTION_MANUAL_REVIEW,high PubChem assay promiscuity
82,2,Tier 2 — Consistent reversal,3,BRD-K08924299,palonosetron,-30.217133,-57.43039,-52.88507,3,3,0,-46.844198,-52.88507,-57.43039,-90.0,92,True,False,True,False,True,False,6337614,Palonosetron,C19H24N2O,296.4,C1CC2CN(C(=O)C3=CC=CC(=C23)C1)C4CN5CCC4CC5,C1C[C@@H]2CN(C(=O)C3=CC=CC(=C23)C1)[C@@H]4CN5CCC4CC5,"InChI=1S/C19H24N2O/c22-19-16-6-2-4-14-3-1-5-15(18(14)16)11-21(19)17-12-20-9-7-13(17)8-10-20/h2,4,6,13,15,17H,1,3,5,7-12H2/t15-,17-/m1/s1",CPZBLNMUGSZIPR-NVXWUHKLSA-N,resolved,identified_compound,Compound identity and structure were resolved through PubChem.,NOT_VERIFIED,,,True,True,True,False,CANDIDATE_FOR_DRUG_STATUS_REVIEW,False,False,True,CLINICAL_TRIAL_EVIDENCE_ONLY,CLINICAL_INVESTIGATION_EVIDENCE,True,C1CC2CN(C(=O)C3=CC=CC(=C23)C1)C4CN5CCC4CC5,C1C[C@@H]2CN(C(=O)C3=CC=CC(=C23)C1)[C@@H]4CN5CCC4CC5,CPZBLNMUGSZIPR-NVXWUHKLSA-N,C19H24N2O,153.0,45.0,7.0,0.0,52.0,0.8653846153846154,2.0,0.0,152.0 | 3269.0 | 3359.0 | 3757.0 | 6532.0 | 9177.0,O95264 | P18825 | P31645 | P35367 | P46098 | Q12809,False,,,False,0,True,False,,3,3,GOOD,False,False,CAUTION_MANUAL_REVIEW,high PubChem assay promiscuity
94,2,Tier 2 — Consistent reversal,3,BRD-A30815329,felodipine,-8.23768,-76.98053,-48.651047,3,3,0,-44.623086,-48.651047,-76.98053,-90.0,104,True,False,True,False,True,False,3333,Felodipine,C18H19Cl2NO4,384.2,CCOC(=O)C1=C(NC(=C(C1C2=C(C(=CC=C2)Cl)Cl)C(=O)OC)C)C,CCOC(=O)C1=C(NC(=C(C1C2=C(C(=CC=C2)Cl)Cl)C(=O)OC)C)C,"InChI=1S/C18H19Cl2NO4/c1-5-25-18(23)14-10(3)21-9(2)13(17(22)24-4)15(14)11-7-6-8-12(19)16(11)20/h6-8,15,21H,5H2,1-4H3",RZTAMFZIAATZDJ-UHFFFAOYSA-N,resolved,identified_compound,Compound identity and structure were resolved through PubChem.,NOT_VERIFIED,,,True,True,True,False,CANDIDATE_FOR_DRUG_STATUS_REVIEW,False,False,True,CLINICAL_TRIAL_EVIDENCE_ONLY,CLINICAL_INVESTIGATION_EVIDENCE,True,CCOC(=O)C1=C(NC(=C(C1C2=C(C(=CC=C2)Cl)Cl)C(=O)OC)C)C,CCOC(=O)C1=C(NC(=C(C1C2=C(C(=CC=C2)Cl)Cl)C(=O)OC)C)C,RZTAMFZIAATZDJ-UHFFFAOYSA-N,C18H19Cl2NO4,,,,,,,,,,,True,H302 | H361 | H373 | H410,,True,6912,True,False,,3,2,LIMITED,True,False,CAUTION_MANUAL_REVIEW,high-concern PubChem safety annotation text
97,2,Tier 2 — Consistent reversal,3,BRD-K55034111,pefloxacin,-7.658445,-48.287518,-68.91559,3,3,0,-41.620518,-48.287518,-68.91559,-90.0,107,True,False,True,False,True,False,51081,Pefloxacin,C17H20FN3O3,333.36,CCN1C=C(C(=O)C2=CC(=C(C=C21)N3CCN(CC3)C)F)C(=O)O,CCN1C=C(C(=O)C2=CC(=C(C=C21)N3CCN(CC3)C)F)C(=O)O,"InChI=1S/C17H20FN3O3/c1-3-20-10-12(17(23)24)16(22)11-8-13(18)15(9-14(11)20)21-6-4-19(2)5-7-21/h8-10H,3-7H2,1-2H3,(H,23,24)",FHFYDNQZQSQIAI-UHFFFAOYSA-N,resolved,identified_compound,Compound identity and structure were resolved through PubChem.,NOT_VERIFIED,,,True,True,True,False,CANDIDATE_FOR_DRUG_STATUS_REVIEW,False,False,True,CLINICAL_TRIAL_EVIDENCE_ONLY,CLINICAL_INVESTIGATION_EVIDENCE,True,CCN1C=C(C(=O)C2=CC(=C(C=C21)N3CCN(CC3)C)F)C(=O)O,CCN1C=C(C(=O)C2=CC(=C(C=C21)N3CCN(CC3)C)F)C(=O)O,FHFYDNQZQSQIAI-UHFFFAOYSA-N,C17H20FN3O3,925.0,19.0,262.0,36.0,281.0,0.0676156583629893,74.0,4.0,1814.0 | 6850.0,AAF95916 | NP_371243 | P35462 | P43405,True,H302 | H315 | H319 | H335,,False,7065,True,False,,3,4,GOOD,False,False,CAUTION_MANUAL_REVIEW,repeated active cytotoxicity/viability assays
104,2,Tier 2 — Consistent reversal,3,BRD-K06234293,LY-364947,-27.714294,-47.234467,-57.26573,3,3,0,-44.071497,-47.234467,-57.26573,-90.0,114,True,False,True,False,True,False,447966,Ly-364947,C17H12N4,272.3,C1=CC=C2C(=C1)C(=CC=N2)C3=C(NN=C3)C4=CC=CC=N4,C1=CC=C2C(=C1)C(=CC=N2)C3=C(NN=C3)C4=CC=CC=N4,"InChI=1S/C17H12N4/c1-2-6-15-13(5-1)12(8-10-19-15)14-11-20-21-17(14)16-7-3-4-9-18-16/h1-11H,(H,20,21)",IBCXZJCWDGCXQT-UHFFFAOYSA-N,resolved,identified_compound,Compound identity and structure were resolved through PubChem.,NOT_VERIFIED,,,True,True,True,False,CANDIDATE_FOR_DRUG_STATUS_REVIEW,False,False,False,NO_US_REGULATORY_OR_TRIAL_EVIDENCE_FOUND,UNRESOLVED,True,C1=CC=C2C(=C1)C(=CC=N2)C3=C(NN=C3)C4=CC=CC=N4,C1=CC=C2C(=C1)C(=CC=N2)C3=C(NN=C3)C4=CC=CC=N4,IBCXZJCWDGCXQT-UHFFFAOYSA-N,C17H12N4,,,,,,,,,,,True,H301 | H315 | H319 | H335 | H400,H301,True,7697,True,False,,3,2,LIMITED,True,False,CAUTION_MANUAL_REVIEW,acute-toxicity GHS annotation H301
113,2,Tier 2 — Consistent reversal,3,BRD-K99260425,etodolac,-5.069735,-44.321022,-85.11563,3,3,0,-44.835462,-44.321022,-85.11563,-90.0,123,True,False,True,False,True,False,3308,Etodolac,C17H21NO3,287.35,CCC1=C2C(=CC=C1)C3=C(N2)C(OCC3)(CC)CC(=O)O,CCC1=C2C(=CC=C1)C3=C(N2)C(OCC3)(CC)CC(=O)O,"InChI=1S/C17H21NO3/c1-3-11-6-5-7-12-13-8-9-21-17(4-2,10-14(19)20)16(13)18-15(11)12/h5-7,18H,3-4,8-10H2,1-2H3,(H,19,20)",NNYBQONXHNTVIJ-UHFFFAOYSA-N,resolved,identified_compound,Compound identity and structure were resolved through PubChem.,NOT_VERIFIED,,,True,True,True,False,CANDIDATE_FOR_DRUG_STATUS_REVIEW,False,False,True,CLINICAL_TRIAL_EVIDENCE_ONLY,CLINICAL_INVESTIGATION_EVIDENCE,True,CCC1=C2C(=CC=C1)C3=C(N2)C(OCC3)(CC)CC(=O)O,CCC1=C2C(=CC=C1)C3=C(N2)C(OCC3)(CC)CC(=O)O,NNYBQONXHNTVIJ-UHFFFAOYSA-N,C17H21NO3,,,,,,,,,,,True,H301 | H319 | H361,H301,True,9062,True,False,,3,2,LIMITED,True,False,CAUTION_MANUAL_REVIEW,acute-toxicity GHS annotation H301
117,2,Tier 2 — Consistent reversal,3,BRD-A09533288,verapamil,-1.479915,-43.12323,-56.672924,3,3,0,-33.75869,-43.12323,-56.672924,-90.0,127,True,False,True,False,True,False,2520,Verapamil,C27H38N2O4,454.6,CC(C)C(CCCN(C)CCC1=CC(=C(C=C1)OC)OC)(C#N)C2=CC(=C(C=C2)OC)OC,CC(C)C(CCCN(C)CCC1=CC(=C(C=C1)OC)OC)(C#N)C2=CC(=C(C=C2)OC)OC,"InChI=1S/C27H38N2O4/c1-20(2)27(19-28,22-10-12-24(31-5)26(18-22)33-7)14-8-15-29(3)16-13-21-9-11-23(30-4)25(17-21)32-6/h9-12,17-18,20H,8,13-16H2,1-7H3",SGTNSNPWRIOYBX-UHFFFAOYSA-N,resolved,identified_compound,Compound identity and structure were resolved through PubChem.,NOT_VERIFIED,,,True,True,True,False,CANDIDATE_FOR_DRUG_STATUS_REVIEW,False,False,True,CLINICAL_TRIAL_EVIDENCE_ONLY,CLINICAL_INVESTIGATION_EVIDENCE,True,CC(C)C(CCCN(C)CCC1=CC(=C(C=C1)OC)OC)(C#N)C2=CC(=C(C=C2)OC)OC,CC(C)C(CCCN(C)CCC1=CC(=C(C=C1)OC)OC)(C#N)C2=CC(=C(C=C2)OC)OC,SGTNSNPWRIOYBX-UHFFFAOYSA-N,C27H38N2O4,,,,,,,,,,,True,H301 | H311 | H331,H301 | H311 | H331,True,38246,True,False,,3,2,LIMITED,True,False,CAUTION_MANUAL_REVIEW,"acute-toxicity GHS annotation H301,H311,H331"
125,2,Tier 2 — Consistent reversal,3,BRD-A17411484,carprofen,-2.519264,-41.67498,-42.43245,3,3,0,-28.875565,-41.67498,-42.43245,-90.0,135,True,False,True,False,True,False,2581,Carprofen,C15H12ClNO2,273.71,CC(C1=CC2=C(C=C1)C3=C(N2)C=CC(=C3)Cl)C(=O)O,CC(C1=CC2=C(C=C1)C3=C(N2)C=CC(=C3)Cl)C(=O)O,"InChI=1S/C15H12ClNO2/c1-8(15(18)19)9-2-4-11-12-7-10(16)3-5-13(12)17-14(11)6-9/h2-8,17H,1H3,(H,18,19)",PUXBGTOOZJQSKH-UHFFFAOYSA-N,resolved,identified_compound,Compound identity and structure were resolved through PubChem.,NOT_VERIFIED,,,True,True,True,False,CANDIDATE_FOR_DRUG_STATUS_REVIEW,False,False,True,CLINICAL_TRIAL_EVIDENCE_ONLY,CLINICAL_INVESTIGATION_EVIDENCE,True,CC(C1=CC2=C(C=C1)C3=C(N2)C=CC(=C3)Cl)C(=O)O,CC(C1=CC2=C(C=C1)C3=C(N2)C=CC(=C3)Cl)C(=O)O,PUXBGTOOZJQSKH-UHFFFAOYSA-N,C15H12ClNO2,,,,,,,,,,,True,H301,H301,True,8861,True,False,,3,2,LIMITED,True,False,CAUTION_MANUAL_REVIEW,acute-toxicity GHS annotation H301
2,1,Tier 1 — Strong consensus,5,BRD-A81541225,oligomycin-a,-31.808538,-93.9972,-97.53348,3,3,2,-74.446406,-93.9972,-97.53348,-90.0,2,True,False,True,True,True,True,52947716,Oligomycin A,C45H74O11,791.1,CCC1CCC2C(C(C(C3(O2)CCC(C(O3)CC(C)O)C)C)OC(=O)C=CC(C(C(C(=O)C(C(C(C(=O)C(C(C(CC=CC=C1)C)O)(C)O)C)O)C)C)O)C)C,CC[C@@H]\1CC[C@H]2[C@H]([C@H]([C@@H]([C@]3(O2)CC[C@@H]([C@@H](O3)C[C@@H](C)O)C)C)OC(=O)/C=C/[C@@H]([C@H]([C@@H](C(=O)[C@@H]([C@H]([C@@H](C(=O)[C@]([C@H]([C@@H](C/C=C/C=C1)C)O)(C)O)C)O)C)C)O)C)C,"InChI=1S/C45H74O11/c1-12-34-17-15-13-14-16-27(4)42(51)44(11,53)43(52)32(9)40(50)31(8)39(49)30(7)38(48)26(3)18-21-37(47)54-41-29(6)35(20-19-34)55-45(33(41)10)23-22-25(2)36(56-45)24-28(5)46/h13-15,17-18,21,25-36,38,40-42,46,48,50-51,53H,12,16,19-20,22-24H2,1-11H3/b14-13+,17-15+,21-18+/t25-,26-,27+,28+,29+,30-,31-,32-,33-,34-,35-,36-,38+,40+,41+,42-,44+,45-/m0/s1",MNULEGDCPYONBU-AWJDAWNUSA-N,resolved,identified_compound,Compound identity and structure were resolved through PubChem.,NOT_VERIFIED,,,True,True,True,True,CANDIDATE_FOR_DRUG_STATUS_REVIEW,False,False,False,NO_US_REGULATORY_OR_TRIAL_EVIDENCE_FOUND,UNRESOLVED,True,CCC1CCC2C(C(C(C3(O2)CCC(C(O3)CC(C)O)C)C)OC(=O)C=CC(C(C(C(=O)C(C(C(C(=O)C(C(C(CC=CC=C1)C)O)(C)O)C)O)C)C)O)C)C,CC[C@@H]\1CC[C@H]2[C@H]([C@H]([C@@H]([C@]3(O2)CC[C@@H]([C@@H](O3)C[C@@H](C)O)C)C)OC(=O)/C=C/[C@@H]([C@H]([C@@H](C(=O)[C@@H]([C@H]([C@@H](C(=O)[C@]([C@H]([C@@H](C/C=C/C=C1)C)O)(C)O)C)O)C)C)O)C)C,MNULEGDCPYONBU-AWJDAWNUSA-N,C45H74O11,46.0,8.0,0.0,0.0,8.0,1.0,6.0,5.0,10599.0 | 28234.0,Q9NPD5 | Q9Y6L6,True,H302,,False,5168,True,False,,4,3,GOOD,False,False,CAUTION_MANUAL_REVIEW,multiple active cytotoxicity/viability assays
22,2,Tier 2 — Consistent reversal,3,BRD-K52662033,lidocaine,-18.033361,-84.46893,-85.993546,3,3,0,-62.831946,-84.46893,-85.993546,-90.0,32,True,False,True,False,True,False,3676,Lidocaine,C14H22N2O,234.34,CCN(CC)CC(=O)NC1=C(C=CC=C1C)C,CCN(CC)CC(=O)NC1=C(C=CC=C1C)C,"InChI=1S/C14H22N2O/c1-5-16(6-2)10-13(17)15-14-11(3)8-7-9-12(14)4/h7-9H,5-6,10H2,1-4H3,(H,15,17)",NNJVILVZKWQKPM-UHFFFAOYSA-N,resolved,identified_compound,Compound identity and structure were resolved through PubChem.,NOT_VERIFIED,,,True,True,True,False,CANDIDATE_FOR_DRUG_STATUS_REVIEW,False,False,True,CLINICAL_TRIAL_EVIDENCE_ONLY,CLINICAL_INVESTIGATION_EVIDENCE,True,CCN(CC)CC(=O)NC1=C(C=CC=C1C)C,CCN(CC)CC(=O)NC1=C(C=CC=C1C)C,NNJVILVZKWQKPM-UHFFFAOYSA-N,C14H22N2O,,,,,,,,,,,True,H302 | H317 | H362 | H370 | H372,H370 | H372,True,47210,True,False,,4,2,LIMITED,True,False,CAUTION_MANUAL_REVIEW,"specific-organ-toxicity GHS annotation H370,H372"
34,2,Tier 2 — Consistent reversal,3,BRD-K85603128,resorcinol,-1.127555,-80.63106,-70.198425,3,3,0,-50.652347,-70.198425,-80.63106,-90.0,44,True,False,True,False,True,False,5054,Resorcinol,C6H6O2,110.11,C1=CC(=CC(=C1)O)O,C1=CC(=CC(=C1)O)O,"InChI=1S/C6H6O2/c7-5-2-1-3-6(8)4-5/h1-4,7-8H",GHMLBKRAJCXXBS-UHFFFAOYSA-N,resolved,identified_compound,Compound identity and structure were resolved through PubChem.,NOT_VERIFIED,,,True,True,True,False,CANDIDATE_FOR_DRUG_STATUS_REVIEW,False,False,True,CLINICAL_TRIAL_EVIDENCE_ONLY,CLINICAL_INVESTIGATION_EVIDENCE,True,C1=CC(=CC(=C1)O)O,C1=CC(=CC(=C1)O)O,GHMLBKRAJCXXBS-UHFFFAOYSA-N,C6H6O2,1668.0,37.0,1399.0,107.0,1436.0,0.0257660167130919,394.0,0.0,11238.0 | 1551.0 | 1576.0 | 2101.0 | 443551.0 | 760.0 | 763.0 | 771.0 | 836.0 | 840.0 | 8856.0,3AQT_A | 4E49_A | AAP35329 | ABI96208 | ADZ17378 | ADZ17384 | CAC88866 | NP_000756 | NP_059488 | O43570 | P00918 | P05979 | P35218 | Q2PCB5 | Q9Y2D0,True,H302 | H313 | H315 | H317 | H318 | H319 | H333 | H370 | H371 | H372 | H400 | H410,H370 | H372,True,169127,True,False,,4,4,GOOD,True,False,CAUTION_MANUAL_REVIEW,"specific-organ-toxicity GHS annotation H370,H372"
50,2,Tier 2 — Consistent reversal,3,BRD-K86727142,embelin,-0.98661,-74.17098,-60.749107,3,3,0,-45.302232,-60.749107,-74.17098,-90.0,60,True,False,True,False,True,False,3218,Embelin,C17H26O4,294.4,CCCCCCCCCCCC1=C(C(=O)C=C(C1=O)O)O,CCCCCCCCCCCC1=C(C(=O)C=C(C1=O)O)O,"InChI=1S/C17H26O4/c1-2-3-4-5-6-7-8-9-10-11-13-16(20)14(18)12-15(19)17(13)21/h12,18,21H,2-11H2,1H3",IRSFLDGTOHBADP-UHFFFAOYSA-N,resolved,identified_compound,Compound identity and structure were resolved through PubChem.,NOT_VERIFIED,,,True,True,True,False,CANDIDATE_FOR_DRUG_STATUS_REVIEW,False,False,True,CLINICAL_TRIAL_EVIDENCE_ONLY,CLINICAL_INVESTIGATION_EVIDENCE,True,CCCCCCCCCCCC1=C(C(=O)C=C(C1=O)O)O,CCCCCCCCCCCC1=C(C(=O)C=C(C1=O)O)O,IRSFLDGTOHBADP-UHFFFAOYSA-N,C17H26O4,,,,,,,,,,,True,H361 | H413,,True,5798,True,True,quinone_A(370),4,2,LIMITED,True,False,CAUTION_MANUAL_REVIEW,high-concern PubChem safety annotation text | PAINS structural alert (assay-interference risk)
57,2,Tier 2 — Consistent reversal,3,BRD-K72816382,cinalukast,-2.396054,-59.528847,-63.2611,3,3,0,-41.728667,-59.528847,-63.2611,-90.0,67,True,False,True,False,True,False,6436135,Cinalukast,C23H28N2O3S,412.5,CCC(CC)(CC(=O)NC1=CC=CC(=C1)C=CC2=NC(=CS2)C3CCC3)C(=O)O,CCC(CC)(CC(=O)NC1=CC=CC(=C1)/C=C/C2=NC(=CS2)C3CCC3)C(=O)O,"InChI=1S/C23H28N2O3S/c1-3-23(4-2,22(27)28)14-20(26)24-18-10-5-7-16(13-18)11-12-21-25-19(15-29-21)17-8-6-9-17/h5,7,10-13,15,17H,3-4,6,8-9,14H2,1-2H3,(H,24,26)(H,27,28)/b12-11+",BZMKNPGKXJAIDV-VAWYXSNFSA-N,resolved,identified_compound,Compound identity and structure were resolved through PubChem.,NOT_VERIFIED,,,True,True,True,False,CANDIDATE_FOR_DRUG_STATUS_REVIEW,False,False,False,NO_US_REGULATORY_OR_TRIAL_EVIDENCE_FOUND,UNRESOLVED,True,CCC(CC)(CC(=O)NC1=CC=CC(=C1)C=CC2=NC(=CS2)C3CCC3)C(=O)O,CCC(CC)(CC(=O)NC1=CC=CC(=C1)/C=C/C2=NC(=CS2)C3CCC3)C(=O)O,BZMKNPGKXJAIDV-VAWYXSNFSA-N,C23H28N2O3S,675.0,41.0,464.0,95.0,505.0,0.08118811881188119,76.0,2.0,100135514.0 | 116160065.0 | 1544.0 | 1551.0 | 1559.0 | 1576.0 | 196.0 | 2100.0 | 4780.0 | 5468.0 | 8856.0,2O23_A | 2O23_B | AAA29795 | AAV31779 | AAY56401 | ABI96208 | ADZ17384 | AGS09764 | BAH02283 | EAL24281 | EAW99313 | NP_000756 | NP_006155 | NP_059488 | Q2NNR5,False,,,False,0,True,False,,4,3,GOOD,False,False,CAUTION_MANUAL_REVIEW,repeated active cytotoxicity/viability assays | elevated PubChem assay promiscuity
93,2,Tier 2 — Consistent reversal,3,BRD-K95885906,quercetagetin,-17.259623,-51.11901,-48.827953,3,3,0,-39.068862,-48.827953,-51.11901,-90.0,103,True,False,True,False,True,False,5281680,Quercetagetin,C15H10O8,318.23,C1=CC(=C(C=C1C2=C(C(=O)C3=C(O2)C=C(C(=C3O)O)O)O)O)O,C1=CC(=C(C=C1C2=C(C(=O)C3=C(O2)C=C(C(=C3O)O)O)O)O)O,"InChI=1S/C15H10O8/c16-6-2-1-5(3-7(6)17)15-14(22)13(21)10-9(23-15)4-8(18)11(19)12(10)20/h1-4,16-20,22H",ZVOLCUVKHLEPEV-UHFFFAOYSA-N,resolved,identified_compound,Compound identity and structure were resolved through PubChem.,NOT_VERIFIED,,,True,True,True,False,CANDIDATE_FOR_DRUG_STATUS_REVIEW,False,False,False,NO_US_REGULATORY_OR_TRIAL_EVIDENCE_FOUND,UNRESOLVED,True,C1=CC(=C(C=C1C2=C(C(=O)C3=C(O2)C=C(C(=C3O)O)O)O)O)O,C1=CC(=C(C=C1C2=C(C(=O)C3=C(O2)C=C(C(=C3O)O)O)O)O)O,ZVOLCUVKHLEPEV-UHFFFAOYSA-N,C15H10O8,68.0,25.0,8.0,1.0,33.0,0.7575757575757576,0.0,0.0,11040.0 | 26419.0 | 281510.0 | 5292.0 | 9212.0,3V3V_A | P0DTD1 | P11309 | P17599 | Q7ZJM1 | Q91Y86 | Q96GD4 | Q9P1W9,False,,,False,0,True,True,catechol_A(92),4,3,GOOD,False,False,CAUTION_MANUAL_REVIEW,high PubChem assay promiscuity | PAINS structural alert (assay-interference risk)
131,2,Tier 2 — Consistent reversal,3,BRD-K61496577,flumetasone,-0.563777,-62.43299,-40.765182,3,3,0,-34.587316,-40.765182,-62.43299,-90.0,141,True,False,True,False,True,False,16490,Flumethasone,C22H28F2O5,410.5,CC1CC2C3CC(C4=CC(=O)C=CC4(C3(C(CC2(C1(C(=O)CO)O)C)O)F)C)F,C[C@@H]1C[C@H]2[C@@H]3C[C@@H](C4=CC(=O)C=C[C@@]4([C@]3([C@H](C[C@@]2([C@]1(C(=O)CO)O)C)O)F)C)F,"InChI=1S/C22H28F2O5/c1-11-6-13-14-8-16(23)15-7-12(26)4-5-19(15,2)21(14,24)17(27)9-20(13,3)22(11,29)18(28)10-25/h4-5,7,11,13-14,16-17,25,27,29H,6,8-10H2,1-3H3/t11-,13+,14+,16+,17+,19+,20+,21+,22+/m1/s1",WXURHACBFYSXBI-GQKYHHCASA-N,resolved,identified_compound,Compound identity and structure were resolved through PubChem.,NOT_VERIFIED,,,True,True,True,False,CANDIDATE_FOR_DRUG_STATUS_REVIEW,False,False,False,NO_US_REGULATORY_OR_TRIAL_EVIDENCE_FOUND,UNRESOLVED,True,CC1CC2C3CC(C4=CC(=O)C=CC4(C3(C(CC2(C1(C(=O)CO)O)C)O)F)C)F,C[C@@H]1C[C@H]2[C@@H]3C[C@@H](C4=CC(=O)C=C[C@@]4([C@]3([C@H](C[C@@]2([C@]1(C(=O)CO)O)C)O)F)C)F,WXURHACBFYSXBI-GQKYHHCASA-N,C22H28F2O5,1553.0,33.0,1388.0,67.0,1421.0,0.0232230823363828,97.0,1.0,1080.0 | 1551.0 | 2737.0 | 2908.0 | 367.0 | 5241.0 | 5243.0 | 6850.0 | 7468.0 | 84385.0 | 8856.0,AAI13617 | AAI32976 | ABB72139 | ADP91253 | ADZ17384 | EDM11231 | NP_000483 | NP_000756 | NP_000918 | NP_001019265 | O96028 | P06401 | P10275 | P43405,True,H351,,True,10125,True,False,,4,4,GOOD,True,False,CAUTION_MANUAL_REVIEW,high-concern PubChem safety annotation text | active cytotoxicity/viability assay signal
133,2,Tier 2 — Consistent reversal,3,BRD-K57033106,tripelennamine,-0.070805,-68.27078,-40.512016,3,3,0,-36.284534,-40.512016,-68.27078,-90.0,143,True,False,True,False,True,False,5587,Tripelennamine,C16H21N3,255.36,CN(C)CCN(CC1=CC=CC=C1)C2=CC=CC=N2,CN(C)CCN(CC1=CC=CC=C1)C2=CC=CC=N2,"InChI=1S/C16H21N3/c1-18(2)12-13-19(16-10-6-7-11-17-16)14-15-8-4-3-5-9-15/h3-11H,12-14H2,1-2H3",UFLGIAIHIAPJJC-UHFFFAOYSA-N,resolved,identified_compound,Compound identity and structure were resolved through PubChem.,NOT_VERIFIED,,,True,True,True,False,CANDIDATE_FOR_DRUG_STATUS_REVIEW,False,False,True,CLINICAL_TRIAL_EVIDENCE_ONLY,CLINICAL_INVESTIGATION_EVIDENCE,True,CN(C)CCN(CC1=CC=CC=C1)C2=CC=CC=N2,CN(C)CCN(CC1=CC=CC=C1)C2=CC=CC=N2,UFLGIAIHIAPJJC-UHFFFAOYSA-N,C16H21N3,239.0,16.0,101.0,0.0,117.0,0.13675213675213677,66.0,0.0,1129.0 | 150.0 | 152.0 | 3269.0 | 3356.0 | 3757.0 | 4986.0 | 6530.0 | 6531.0 | 6532.0,NP_001091683 | P08172 | P08913 | P18825 | P23975 | P28223 | P31645 | P35367 | P41145 | Q01959 | Q12809,True,H302 | H318 | H331 | H361 | H373 | H411,H331,True,29402,True,False,,4,4,GOOD,True,False,CAUTION_MANUAL_REVIEW,acute-toxicity GHS annotation H331 | elevated PubChem assay promiscuity
85,2,Tier 2 — Consistent reversal,3,BRD-K60476892,YC-1,-4.049239,-81.12747,-50.677475,3,3,0,-45.284728,-50.677475,-81.12747,-90.0,95,True,False,True,False,True,False,5712,3-(5'-Hydroxymethyl-2'-furyl)-1-benzylindazole,C19H16N2O2,304.3,C1=CC=C(C=C1)CN2C3=CC=CC=C3C(=N2)C4=CC=C(O4)CO,C1=CC=C(C=C1)CN2C3=CC=CC=C3C(=N2)C4=CC=C(O4)CO,"InChI=1S/C19H16N2O2/c22-13-15-10-11-18(23-15)19-16-8-4-5-9-17(16)21(20-19)12-14-6-2-1-3-7-14/h1-11,22H,12-13H2",OQQVFCKUDYMWGV-UHFFFAOYSA-N,resolved,identified_compound,Compound identity and structure were resolved through PubChem.,NOT_VERIFIED,,,True,True,True,False,CANDIDATE_FOR_DRUG_STATUS_REVIEW,False,False,False,NO_US_REGULATORY_OR_TRIAL_EVIDENCE_FOUND,UNRESOLVED,True,C1=CC=C(C=C1)CN2C3=CC=CC=C3C(=N2)C4=CC=C(O4)CO,C1=CC=C(C=C1)CN2C3=CC=CC=C3C(=N2)C4=CC=C(O4)CO,OQQVFCKUDYMWGV-UHFFFAOYSA-N,C19H16N2O2,1472.0,160.0,1050.0,163.0,1210.0,0.1322314049586777,263.0,36.0,10951.0 | 110813108.0 | 1387.0 | 1544.0 | 1559.0 | 1576.0 | 2033.0 | 2034.0 | 2671.0 | 28989.0 | 2977.0 | 2982.0 | 2983.0 | 29994.0 | 3091.0 | 3783750.0 | 4088.0 | 4790.0 | 51053.0 | 54737.0 | 5999.0 | 6401.0 | 6622.0 | 6850.0 | 7468.0 | 856395.0 | 886474.0,2O23_A | 2O23_B | AAG24257 | AAH33210 | AAI07878 | AAL68976 | AAP88778 | ABC94591 | ACA62796 | B45705 | BAA89212 | CAD53472 | CAQ07474 | CDO16358 | CDO16711 | DAA06693 | NP_000441 | NP_000752 | NP_000762 | NP_001120700 | NP_001273728 | NP_005253 | NP_005604 | NP_056979 | NP_059488 | NP_059990 | NP_214877 | O75343 | O96028 | P00784 | P33402 | P37840 | P43405 | Q02108 | Q02153 | Q09472 | Q16665 | Q92793 | Q99814,False,,,False,0,True,False,,5,3,GOOD,False,False,CAUTION_MANUAL_REVIEW,multiple active cytotoxicity/viability assays | elevated PubChem assay promiscuity
106,2,Tier 2 — Consistent reversal,3,BRD-K84996949,sinensetin,-1.585624,-46.41908,-54.82087,3,3,0,-34.275191,-46.41908,-54.82087,-90.0,116,True,False,True,False,True,False,145659,Sinensetin,C20H20O7,372.4,COC1=C(C=C(C=C1)C2=CC(=O)C3=C(C(=C(C=C3O2)OC)OC)OC)OC,COC1=C(C=C(C=C1)C2=CC(=O)C3=C(C(=C(C=C3O2)OC)OC)OC)OC,"InChI=1S/C20H20O7/c1-22-13-7-6-11(8-15(13)23-2)14-9-12(21)18-16(27-14)10-17(24-3)19(25-4)20(18)26-5/h6-10H,1-5H3",LKMNXYDUQXAUCZ-UHFFFAOYSA-N,resolved,identified_compound,Compound identity and structure were resolved through PubChem.,NOT_VERIFIED,,,True,True,True,False,CANDIDATE_FOR_DRUG_STATUS_REVIEW,False,False,True,CLINICAL_TRIAL_EVIDENCE_ONLY,CLINICAL_INVESTIGATION_EVIDENCE,True,COC1=C(C=C(C=C1)C2=CC(=O)C3=C(C(=C(C=C3O2)OC)OC)OC)OC,COC1=C(C=C(C=C1)C2=CC(=O)C3=C(C(=C(C=C3O2)OC)OC)OC)OC,LKMNXYDUQXAUCZ-UHFFFAOYSA-N,C20H20O7,111.0,11.0,39.0,3.0,50.0,0.22,0.0,0.0,4221.0 | 4297.0 | 5243.0 | 9212.0,NP_000235 | NP_005924 | P04637 | P08183 | Q00987 | Q96GD4 | Q9UNQ0,True,H301,H301,True,5773,True,False,,5,4,GOOD,True,False,CAUTION_MANUAL_REVIEW,acute-toxicity GHS annotation H301 | moderate PubChem assay promiscuity
