priority_rank,priority_tier_number,priority_tier,cross_signature_consistency_score,pert_id,pert_iname,ATLAS_SIG_A_TOP150,ATLAS_SIG_B_TOP100,ATLAS_SIG_B_TOP150,n_signatures,n_negative,n_strong_negative,mean_tau,median_tau,minimum_tau,strong_negative_threshold,consensus_rank,A_TOP150_negative,A_TOP150_strong_negative,B_TOP100_negative,B_TOP100_strong_negative,B_TOP150_negative,B_TOP150_strong_negative
8,2,Tier 2 — Consistent reversal,4,BRD-K98372770,L-2167,-4.334038,-95.151430,-85.649376,3,3,1,-61.711615,-85.649376,-95.151430,-90.000000,8,True,False,True,True,True,False
9,2,Tier 2 — Consistent reversal,4,BRD-K13356952,methazolamide,-19.686787,-95.771670,-85.611694,3,3,1,-67.023384,-85.611694,-95.771670,-90.000000,9,True,False,True,True,True,False
10,2,Tier 2 — Consistent reversal,4,BRD-K22096725,ALW-II-49-7,-30.964382,-90.098976,-84.463036,3,3,1,-68.508798,-84.463036,-90.098976,-90.000000,10,True,False,True,True,True,False
11,2,Tier 2 — Consistent reversal,4,BRD-K09859624,methantheline,-5.637197,-93.909650,-83.348440,3,3,1,-60.965096,-83.348440,-93.909650,-90.000000,11,True,False,True,True,True,False
12,2,Tier 2 — Consistent reversal,4,BRD-K55420858,mirin,-17.979301,-91.832400,-80.718860,3,3,1,-63.510187,-80.718860,-91.832400,-90.000000,12,True,False,True,True,True,False
13,2,Tier 2 — Consistent reversal,4,BRD-K74236984,UNC-0321,-16.522942,-78.778690,-91.155310,3,3,1,-62.152314,-78.778690,-91.155310,-90.000000,13,True,False,True,False,True,True
14,2,Tier 2 — Consistent reversal,4,BRD-A48237631,mitomycin-c,-68.170520,-14.945600,-90.274840,3,3,1,-57.796987,-68.170520,-90.274840,-90.000000,14,True,False,True,False,True,True
15,2,Tier 2 — Consistent reversal,4,BRD-A30977374,nifedipine,-7.082452,-63.485985,-92.370224,3,3,1,-54.312887,-63.485985,-92.370224,-90.000000,15,True,False,True,False,True,True
16,2,Tier 2 — Consistent reversal,4,BRD-U73238814,QL-XI-92,-1.173027,-90.411026,-59.894768,3,3,1,-50.492940,-59.894768,-90.411026,-90.000000,16,True,False,True,True,True,False
17,2,Tier 2 — Consistent reversal,4,BRD-A82238138,budesonide,-2.043693,-51.701840,-93.930910,3,3,1,-49.225481,-51.701840,-93.930910,-90.000000,17,True,False,True,False,True,True
18,2,Tier 2 — Consistent reversal,4,BRD-K55930204,phenytoin,-37.665825,-91.621540,-43.434790,3,3,1,-57.574052,-43.434790,-91.621540,-90.000000,18,True,False,True,True,True,False
19,2,Tier 2 — Consistent reversal,4,BRD-A06352508,SB-218078,-2.396054,-33.465538,-92.218640,3,3,1,-42.693411,-33.465538,-92.218640,-90.000000,19,True,False,True,False,True,True
20,2,Tier 2 — Consistent reversal,3,BRD-K93188295,ARC-239,-3.623069,-86.813780,-89.505760,3,3,0,-59.980870,-86.813780,-89.505760,-90.000000,30,True,False,True,False,True,False
21,2,Tier 2 — Consistent reversal,3,BRD-K59222562,BRD-K59222562,-22.267956,-89.291270,-86.783050,3,3,0,-66.114092,-86.783050,-89.291270,-90.000000,31,True,False,True,False,True,False
22,2,Tier 2 — Consistent reversal,3,BRD-K52662033,lidocaine,-18.033361,-84.468930,-85.993546,3,3,0,-62.831946,-84.468930,-85.993546,-90.000000,32,True,False,True,False,True,False
23,2,Tier 2 — Consistent reversal,3,BRD-K84141129,VU-0400193-3,-75.512900,-85.439865,-81.856476,3,3,0,-80.936414,-81.856476,-85.439865,-90.000000,33,True,False,True,False,True,False
24,2,Tier 2 — Consistent reversal,3,BRD-K93095519,SJ-172550,-1.538687,-81.850030,-88.012360,3,3,0,-57.133692,-81.850030,-88.012360,-90.000000,34,True,False,True,False,True,False
25,2,Tier 2 — Consistent reversal,3,BRD-K94353609,fluocinolone,-77.690400,-79.709700,-63.414906,3,3,0,-73.605002,-77.690400,-79.709700,-90.000000,35,True,False,True,False,True,False
26,2,Tier 2 — Consistent reversal,3,BRD-K23875128,RHO-kinase-inhibitor-III[rockout],-39.115660,-75.695680,-82.661640,3,3,0,-65.824327,-75.695680,-82.661640,-90.000000,36,True,False,True,False,True,False
27,2,Tier 2 — Consistent reversal,3,BRD-K56343971,vemurafenib,-0.458069,-75.634640,-75.796540,3,3,0,-50.629750,-75.634640,-75.796540,-90.000000,37,True,False,True,False,True,False
28,2,Tier 2 — Consistent reversal,3,BRD-A36010170,amcinonide,-4.827343,-74.570600,-80.699104,3,3,0,-53.365682,-74.570600,-80.699104,-90.000000,38,True,False,True,False,True,False
29,2,Tier 2 — Consistent reversal,3,BRD-K48735772,PD-158780,-37.132057,-88.892075,-72.680610,3,3,0,-66.234914,-72.680610,-88.892075,-90.000000,39,True,False,True,False,True,False
30,2,Tier 2 — Consistent reversal,3,BRD-K88677950,PD-198306,-2.607470,-72.456375,-75.628550,3,3,0,-50.230798,-72.456375,-75.628550,-90.000000,40,True,False,True,False,True,False
31,2,Tier 2 — Consistent reversal,3,BRD-A22380646,pantoprazole,-7.723269,-83.766430,-71.785070,3,3,0,-54.424923,-71.785070,-83.766430,-90.000000,41,True,False,True,False,True,False
32,2,Tier 2 — Consistent reversal,3,BRD-K48923948,BMS-641988,-1.585624,-76.761620,-71.082730,3,3,0,-49.809991,-71.082730,-76.761620,-90.000000,42,True,False,True,False,True,False
33,2,Tier 2 — Consistent reversal,3,BRD-K22009844,phenprobamate,-1.585624,-70.626915,-74.363754,3,3,0,-48.858764,-70.626915,-74.363754,-90.000000,43,True,False,True,False,True,False
34,2,Tier 2 — Consistent reversal,3,BRD-K85603128,resorcinol,-1.127555,-80.631060,-70.198425,3,3,0,-50.652347,-70.198425,-80.631060,-90.000000,44,True,False,True,False,True,False
35,2,Tier 2 — Consistent reversal,3,BRD-K49865102,PD-0325901,-0.070472,-85.030550,-69.957410,3,3,0,-51.686144,-69.957410,-85.030550,-90.000000,45,True,False,True,False,True,False
36,2,Tier 2 — Consistent reversal,3,BRD-K16508793,diazepam,-18.388740,-68.466090,-76.202010,3,3,0,-54.352280,-68.466090,-76.202010,-90.000000,46,True,False,True,False,True,False
37,2,Tier 2 — Consistent reversal,3,BRD-K89046952,ciclacillin,-2.431290,-66.946300,-78.140590,3,3,0,-49.172727,-66.946300,-78.140590,-90.000000,47,True,False,True,False,True,False
38,2,Tier 2 — Consistent reversal,3,BRD-A17448384,beclometasone,-25.780113,-66.753970,-69.124970,3,3,0,-53.886351,-66.753970,-69.124970,-90.000000,48,True,False,True,False,True,False
39,2,Tier 2 — Consistent reversal,3,BRD-A94793051,gestrinone,-12.377667,-65.463090,-73.058800,3,3,0,-50.299852,-65.463090,-73.058800,-90.000000,49,True,False,True,False,True,False
40,2,Tier 2 — Consistent reversal,3,BRD-K68558722,deracoxib,-0.105708,-65.361244,-67.604760,3,3,0,-44.357237,-65.361244,-67.604760,-90.000000,50,True,False,True,False,True,False
41,2,Tier 2 — Consistent reversal,3,BRD-K55591206,epigallocatechin-gallate-(-),-0.916138,-80.946304,-64.109695,3,3,0,-48.657379,-64.109695,-80.946304,-90.000000,51,True,False,True,False,True,False
42,2,Tier 2 — Consistent reversal,3,BRD-K43164539,cholic-acid,-6.002546,-63.466003,-66.273590,3,3,0,-45.247380,-63.466003,-66.273590,-90.000000,52,True,False,True,False,True,False
43,2,Tier 2 — Consistent reversal,3,BRD-A62184259,cycloheximide,-5.144468,-83.094220,-63.263805,3,3,0,-50.500831,-63.263805,-83.094220,-90.000000,53,True,False,True,False,True,False
44,2,Tier 2 — Consistent reversal,3,BRD-K82143716,flucytosine,-62.447453,-1.303735,-83.539660,3,3,0,-49.096949,-62.447453,-83.539660,-90.000000,54,True,False,True,False,True,False
45,2,Tier 2 — Consistent reversal,3,BRD-A20589515,dihydroxyphenylglycine,-76.079926,-61.775390,-36.637940,3,3,0,-58.164419,-61.775390,-76.079926,-90.000000,55,True,False,True,False,True,False
46,2,Tier 2 — Consistent reversal,3,BRD-K37846922,"3,3'-diindolylmethane",-23.392363,-68.230576,-61.381847,3,3,0,-51.001595,-61.381847,-68.230576,-90.000000,56,True,False,True,False,True,False
47,2,Tier 2 — Consistent reversal,3,BRD-K46441700,GR-55562,-12.659220,-85.610060,-60.974052,3,3,0,-53.081111,-60.974052,-85.610060,-90.000000,57,True,False,True,False,True,False
48,2,Tier 2 — Consistent reversal,3,BRD-K77998258,ganglioside,-2.325581,-60.840630,-79.385666,3,3,0,-47.517292,-60.840630,-79.385666,-90.000000,58,True,False,True,False,True,False
49,2,Tier 2 — Consistent reversal,3,BRD-K40213712,SAL-1,-3.888400,-63.043133,-60.775375,3,3,0,-42.568969,-60.775375,-63.043133,-90.000000,59,True,False,True,False,True,False
50,2,Tier 2 — Consistent reversal,3,BRD-K86727142,embelin,-0.986610,-74.170980,-60.749107,3,3,0,-45.302232,-60.749107,-74.170980,-90.000000,60,True,False,True,False,True,False
51,2,Tier 2 — Consistent reversal,3,BRD-K54330070,SB-202190,-2.114165,-60.137074,-68.497460,3,3,0,-43.582900,-60.137074,-68.497460,-90.000000,61,True,False,True,False,True,False
52,2,Tier 2 — Consistent reversal,3,BRD-K41260949,valproic-acid,-2.255109,-77.664420,-59.897790,3,3,0,-46.605773,-59.897790,-77.664420,-90.000000,62,True,False,True,False,True,False
53,2,Tier 2 — Consistent reversal,3,BRD-K33425534,exemestane,-2.860011,-83.684010,-59.854805,3,3,0,-48.799609,-59.854805,-83.684010,-90.000000,63,True,False,True,False,True,False
54,2,Tier 2 — Consistent reversal,3,BRD-A57457122,VU-0400071-3,-4.157857,-66.112760,-59.715160,3,3,0,-43.328592,-59.715160,-66.112760,-90.000000,64,True,False,True,False,True,False
55,2,Tier 2 — Consistent reversal,3,BRD-K78838262,austricine,-0.895315,-78.118010,-59.665684,3,3,0,-46.226336,-59.665684,-78.118010,-90.000000,65,True,False,True,False,True,False
56,2,Tier 2 — Consistent reversal,3,BRD-A02180903,betamethasone,-1.233263,-59.548683,-63.418858,3,3,0,-41.400268,-59.548683,-63.418858,-90.000000,66,True,False,True,False,True,False
57,2,Tier 2 — Consistent reversal,3,BRD-K72816382,cinalukast,-2.396054,-59.528847,-63.261100,3,3,0,-41.728667,-59.528847,-63.261100,-90.000000,67,True,False,True,False,True,False
58,2,Tier 2 — Consistent reversal,3,BRD-K79511609,BRD-K79511609,-42.073154,-59.437984,-67.012020,3,3,0,-56.174386,-59.437984,-67.012020,-90.000000,68,True,False,True,False,True,False
59,2,Tier 2 — Consistent reversal,3,BRD-K02607075,tubocurarine,-2.713178,-75.779720,-58.916065,3,3,0,-45.802988,-58.916065,-75.779720,-90.000000,69,True,False,True,False,True,False
60,2,Tier 2 — Consistent reversal,3,BRD-K28137194,loreclezole,-65.618920,-58.125200,-48.364000,3,3,0,-57.369373,-58.125200,-65.618920,-90.000000,70,True,False,True,False,True,False
61,2,Tier 2 — Consistent reversal,3,BRD-K11107424,tiotidine,-3.488372,-58.090363,-64.547400,3,3,0,-42.042045,-58.090363,-64.547400,-90.000000,71,True,False,True,False,True,False
62,2,Tier 2 — Consistent reversal,3,BRD-K89708791,rifaximin,-4.756871,-57.855515,-79.764694,3,3,0,-47.459027,-57.855515,-79.764694,-90.000000,72,True,False,True,False,True,False
63,2,Tier 2 — Consistent reversal,3,BRD-K05804044,AZ-628,-0.951374,-65.108590,-57.723510,3,3,0,-41.261158,-57.723510,-65.108590,-90.000000,73,True,False,True,False,True,False
64,2,Tier 2 — Consistent reversal,3,BRD-K06878038,deferiprone,-4.720983,-60.271294,-57.334846,3,3,0,-40.775708,-57.334846,-60.271294,-90.000000,74,True,False,True,False,True,False
65,2,Tier 2 — Consistent reversal,3,BRD-K77133231,PD-169316,-26.292255,-69.042510,-57.065178,3,3,0,-50.799981,-57.065178,-69.042510,-90.000000,75,True,False,True,False,True,False
66,2,Tier 2 — Consistent reversal,3,BRD-K08109516,L-701324,-11.283772,-60.337547,-56.637703,3,3,0,-42.753007,-56.637703,-60.337547,-90.000000,76,True,False,True,False,True,False
67,2,Tier 2 — Consistent reversal,3,BRD-K08273968,griseofulvin,-7.751938,-66.579710,-56.205970,3,3,0,-43.512539,-56.205970,-66.579710,-90.000000,77,True,False,True,False,True,False
68,2,Tier 2 — Consistent reversal,3,BRD-K99107520,felbamate,-1.338971,-84.810130,-56.048110,3,3,0,-47.399070,-56.048110,-84.810130,-90.000000,78,True,False,True,False,True,False
69,2,Tier 2 — Consistent reversal,3,BRD-K35629949,SR-27897,-16.351130,-55.846756,-72.528700,3,3,0,-48.242195,-55.846756,-72.528700,-90.000000,79,True,False,True,False,True,False
70,2,Tier 2 — Consistent reversal,3,BRD-K62310379,fluticasone-propionate,-0.669486,-55.002747,-86.086210,3,3,0,-47.252814,-55.002747,-86.086210,-90.000000,80,True,False,True,False,True,False
71,2,Tier 2 — Consistent reversal,3,BRD-K08996725,zolantidine,-0.493305,-54.927390,-74.507706,3,3,0,-43.309467,-54.927390,-74.507706,-90.000000,81,True,False,True,False,True,False
72,2,Tier 2 — Consistent reversal,3,BRD-K33211335,dextromethorphan,-3.206483,-54.849370,-61.592020,3,3,0,-39.882624,-54.849370,-61.592020,-90.000000,82,True,False,True,False,True,False
73,2,Tier 2 — Consistent reversal,3,BRD-K34098590,tienilic-acid,-25.508522,-85.910190,-54.838802,3,3,0,-55.419171,-54.838802,-85.910190,-90.000000,83,True,False,True,False,True,False
74,2,Tier 2 — Consistent reversal,3,BRD-A77349281,RK-682,-14.212652,-63.022438,-54.574436,3,3,0,-43.936509,-54.574436,-63.022438,-90.000000,84,True,False,True,False,True,False
75,2,Tier 2 — Consistent reversal,3,BRD-K01638814,rilmenidine,-22.415075,-53.919815,-65.841150,3,3,0,-47.392013,-53.919815,-65.841150,-90.000000,85,True,False,True,False,True,False
76,2,Tier 2 — Consistent reversal,3,BRD-K05104363,PD-184352,-0.105708,-59.902153,-53.916405,3,3,0,-37.974755,-53.916405,-59.902153,-90.000000,86,True,False,True,False,True,False
77,2,Tier 2 — Consistent reversal,3,BRD-K04170657,psoromic-acid,-29.686283,-55.383244,-53.669380,3,3,0,-46.246302,-53.669380,-55.383244,-90.000000,87,True,False,True,False,True,False
78,2,Tier 2 — Consistent reversal,3,BRD-K09991945,GSK-3-inhibitor-II,-13.116282,-56.040085,-53.212753,3,3,0,-40.789707,-53.212753,-56.040085,-90.000000,88,True,False,True,False,True,False
79,2,Tier 2 — Consistent reversal,3,BRD-K37720887,SB-525334,-7.751938,-61.006596,-52.980200,3,3,0,-40.579578,-52.980200,-61.006596,-90.000000,89,True,False,True,False,True,False
80,2,Tier 2 — Consistent reversal,3,BRD-K67439147,SIB-1893,-63.677235,-52.958440,-41.334583,3,3,0,-52.656753,-52.958440,-63.677235,-90.000000,90,True,False,True,False,True,False
81,2,Tier 2 — Consistent reversal,3,BRD-K56450366,NSC-94258,-15.000443,-52.920273,-79.571350,3,3,0,-49.164022,-52.920273,-79.571350,-90.000000,91,True,False,True,False,True,False
82,2,Tier 2 — Consistent reversal,3,BRD-K08924299,palonosetron,-30.217133,-57.430390,-52.885070,3,3,0,-46.844198,-52.885070,-57.430390,-90.000000,92,True,False,True,False,True,False
83,2,Tier 2 — Consistent reversal,3,BRD-K07872006,BRD-K07872006,-51.266876,-6.900154,-82.795120,3,3,0,-46.987383,-51.266876,-82.795120,-90.000000,93,True,False,True,False,True,False
84,2,Tier 2 — Consistent reversal,3,BRD-K23566484,nilutamide,-2.818887,-83.799420,-50.825092,3,3,0,-45.814466,-50.825092,-83.799420,-90.000000,94,True,False,True,False,True,False
85,2,Tier 2 — Consistent reversal,3,BRD-K60476892,YC-1,-4.049239,-81.127470,-50.677475,3,3,0,-45.284728,-50.677475,-81.127470,-90.000000,95,True,False,True,False,True,False
86,2,Tier 2 — Consistent reversal,3,BRD-K61217870,N-(3-acetamidophenyl)-3-chlorobenzamide,-3.206483,-68.567320,-50.307100,3,3,0,-40.693634,-50.307100,-68.567320,-90.000000,96,True,False,True,False,True,False
87,2,Tier 2 — Consistent reversal,3,BRD-K23984367,sorafenib,-2.927481,-60.261590,-50.119583,3,3,0,-37.769551,-50.119583,-60.261590,-90.000000,97,True,False,True,False,True,False
88,2,Tier 2 — Consistent reversal,3,BRD-K98769987,flumazenil,-1.057082,-56.787212,-50.033222,3,3,0,-35.959172,-50.033222,-56.787212,-90.000000,98,True,False,True,False,True,False
89,2,Tier 2 — Consistent reversal,3,BRD-K64835161,ML-167,-54.915535,-49.800385,-30.280620,3,3,0,-44.998847,-49.800385,-54.915535,-90.000000,99,True,False,True,False,True,False
90,2,Tier 2 — Consistent reversal,3,BRD-K44094599,tacrolimus,-29.489483,-56.313520,-49.776443,3,3,0,-45.193149,-49.776443,-56.313520,-90.000000,100,True,False,True,False,True,False
91,2,Tier 2 — Consistent reversal,3,BRD-K84266862,BRL-50481,-4.510219,-49.732970,-72.243620,3,3,0,-42.162270,-49.732970,-72.243620,-90.000000,101,True,False,True,False,True,False
92,2,Tier 2 — Consistent reversal,3,BRD-K16621777,enobosarm,-30.569885,-64.935570,-48.973648,3,3,0,-48.159701,-48.973648,-64.935570,-90.000000,102,True,False,True,False,True,False
93,2,Tier 2 — Consistent reversal,3,BRD-K95885906,quercetagetin,-17.259623,-51.119010,-48.827953,3,3,0,-39.068862,-48.827953,-51.119010,-90.000000,103,True,False,True,False,True,False
94,2,Tier 2 — Consistent reversal,3,BRD-A30815329,felodipine,-8.237680,-76.980530,-48.651047,3,3,0,-44.623086,-48.651047,-76.980530,-90.000000,104,True,False,True,False,True,False
95,2,Tier 2 — Consistent reversal,3,BRD-K45446451,JZL-184,-48.527770,-44.276490,-72.791770,3,3,0,-55.198677,-48.527770,-72.791770,-90.000000,105,True,False,True,False,True,False
96,2,Tier 2 — Consistent reversal,3,BRD-K56596464,QX-314,-22.732267,-60.439064,-48.513380,3,3,0,-43.894904,-48.513380,-60.439064,-90.000000,106,True,False,True,False,True,False
97,2,Tier 2 — Consistent reversal,3,BRD-K55034111,pefloxacin,-7.658445,-48.287518,-68.915590,3,3,0,-41.620518,-48.287518,-68.915590,-90.000000,107,True,False,True,False,True,False
98,2,Tier 2 — Consistent reversal,3,BRD-K08619838,tremorine,-0.704722,-48.214430,-49.423393,3,3,0,-32.780848,-48.214430,-49.423393,-90.000000,108,True,False,True,False,True,False
99,2,Tier 2 — Consistent reversal,3,BRD-K06902185,minoxidil,-13.948819,-55.676000,-47.861732,3,3,0,-39.162184,-47.861732,-55.676000,-90.000000,109,True,False,True,False,True,False
100,2,Tier 2 — Consistent reversal,3,BRD-K83636919,entacapone,-13.299369,-53.776943,-47.762390,3,3,0,-38.279567,-47.762390,-53.776943,-90.000000,110,True,False,True,False,True,False
101,2,Tier 2 — Consistent reversal,3,BRD-K48970916,danazol,-0.246653,-50.152992,-47.451973,3,3,0,-32.617206,-47.451973,-50.152992,-90.000000,111,True,False,True,False,True,False
102,2,Tier 2 — Consistent reversal,3,BRD-K84895041,BMY-45778,-27.080841,-47.964830,-47.346344,3,3,0,-40.797338,-47.346344,-47.964830,-90.000000,112,True,False,True,False,True,False
103,2,Tier 2 — Consistent reversal,3,BRD-K84639753,safinamide,-29.833880,-67.803150,-47.324500,3,3,0,-48.320510,-47.324500,-67.803150,-90.000000,113,True,False,True,False,True,False
104,2,Tier 2 — Consistent reversal,3,BRD-K06234293,LY-364947,-27.714294,-47.234467,-57.265730,3,3,0,-44.071497,-47.234467,-57.265730,-90.000000,114,True,False,True,False,True,False
105,2,Tier 2 — Consistent reversal,3,BRD-K59184148,SB-216763,-46.452076,-44.115448,-82.625700,3,3,0,-57.731075,-46.452076,-82.625700,-90.000000,115,True,False,True,False,True,False
106,2,Tier 2 — Consistent reversal,3,BRD-K84996949,sinensetin,-1.585624,-46.419080,-54.820870,3,3,0,-34.275191,-46.419080,-54.820870,-90.000000,116,True,False,True,False,True,False
107,2,Tier 2 — Consistent reversal,3,BRD-A38898897,GW-311616,-23.704390,-74.871720,-46.099236,3,3,0,-48.225115,-46.099236,-74.871720,-90.000000,117,True,False,True,False,True,False
108,2,Tier 2 — Consistent reversal,3,BRD-A67438293,treprostinil,-2.818887,-45.901474,-62.502026,3,3,0,-37.074129,-45.901474,-62.502026,-90.000000,118,True,False,True,False,True,False
109,2,Tier 2 — Consistent reversal,3,BRD-A82096673,KU-C103428N,-36.451416,-48.500320,-45.783127,3,3,0,-43.578288,-45.783127,-48.500320,-90.000000,119,True,False,True,False,True,False
110,2,Tier 2 — Consistent reversal,3,BRD-K76425766,BRD-K76425766,-52.625637,-36.890010,-45.384200,3,3,0,-44.966616,-45.384200,-52.625637,-90.000000,120,True,False,True,False,True,False
111,2,Tier 2 — Consistent reversal,3,BRD-K74117820,nelfinavir,-1.761804,-60.501200,-44.470250,3,3,0,-35.577751,-44.470250,-60.501200,-90.000000,121,True,False,True,False,True,False
112,2,Tier 2 — Consistent reversal,3,BRD-A23637604,oxymetholone,-3.634064,-44.341537,-64.549930,3,3,0,-37.508510,-44.341537,-64.549930,-90.000000,122,True,False,True,False,True,False
113,2,Tier 2 — Consistent reversal,3,BRD-K99260425,etodolac,-5.069735,-44.321022,-85.115630,3,3,0,-44.835462,-44.321022,-85.115630,-90.000000,123,True,False,True,False,True,False
114,2,Tier 2 — Consistent reversal,3,BRD-K19525698,ozagrel,-5.250176,-57.993020,-43.884445,3,3,0,-35.709214,-43.884445,-57.993020,-90.000000,124,True,False,True,False,True,False
115,2,Tier 2 — Consistent reversal,3,BRD-A10188456,dexamethasone,-18.115908,-43.598267,-87.669980,3,3,0,-49.794718,-43.598267,-87.669980,-90.000000,125,True,False,True,False,True,False
116,2,Tier 2 — Consistent reversal,3,BRD-K54472332,elvitegravir,-19.859804,-70.963490,-43.578730,3,3,0,-44.800675,-43.578730,-70.963490,-90.000000,126,True,False,True,False,True,False
117,2,Tier 2 — Consistent reversal,3,BRD-A09533288,verapamil,-1.479915,-43.123230,-56.672924,3,3,0,-33.758690,-43.123230,-56.672924,-90.000000,127,True,False,True,False,True,False
118,2,Tier 2 — Consistent reversal,3,BRD-K32584078,BML-257,-3.946441,-43.091830,-43.417810,3,3,0,-30.152027,-43.091830,-43.417810,-90.000000,128,True,False,True,False,True,False
119,2,Tier 2 — Consistent reversal,3,BRD-A61189834,BRD-A61189834,-53.654625,-42.752600,-10.253700,3,3,0,-35.553642,-42.752600,-53.654625,-90.000000,129,True,False,True,False,True,False
120,2,Tier 2 — Consistent reversal,3,BRD-K61106942,BRD-K61106942,-42.608530,-71.335480,-33.971480,3,3,0,-49.305163,-42.608530,-71.335480,-90.000000,130,True,False,True,False,True,False
121,2,Tier 2 — Consistent reversal,3,BRD-K50720187,flupirtine,-3.664553,-64.430565,-42.167107,3,3,0,-36.754075,-42.167107,-64.430565,-90.000000,131,True,False,True,False,True,False
122,2,Tier 2 — Consistent reversal,3,BRD-K28680267,BRD-K28680267,-1.317400,-71.556180,-42.157875,3,3,0,-38.343818,-42.157875,-71.556180,-90.000000,132,True,False,True,False,True,False
123,2,Tier 2 — Consistent reversal,3,BRD-K94841585,emodic-acid,-42.155396,-21.892303,-72.561070,3,3,0,-45.536256,-42.155396,-72.561070,-90.000000,133,True,False,True,False,True,False
124,2,Tier 2 — Consistent reversal,3,BRD-K51575138,TPCA-1,-12.225554,-43.639847,-41.933490,3,3,0,-32.599630,-41.933490,-43.639847,-90.000000,134,True,False,True,False,True,False
125,2,Tier 2 — Consistent reversal,3,BRD-A17411484,carprofen,-2.519264,-41.674980,-42.432450,3,3,0,-28.875565,-41.674980,-42.432450,-90.000000,135,True,False,True,False,True,False
126,2,Tier 2 — Consistent reversal,3,BRD-K53545112,CNQX,-3.259492,-41.653446,-46.320240,3,3,0,-30.411059,-41.653446,-46.320240,-90.000000,136,True,False,True,False,True,False
127,2,Tier 2 — Consistent reversal,3,BRD-K25650355,physostigmine,-1.515151,-45.902008,-41.340645,3,3,0,-29.585935,-41.340645,-45.902008,-90.000000,137,True,False,True,False,True,False
128,2,Tier 2 — Consistent reversal,3,BRD-K61269089,daphnetin,-12.690028,-43.496720,-40.864350,3,3,0,-32.350366,-40.864350,-43.496720,-90.000000,138,True,False,True,False,True,False
129,2,Tier 2 — Consistent reversal,3,BRD-K56509348,BMS-182874,-4.455877,-45.299522,-40.859880,3,3,0,-30.205093,-40.859880,-45.299522,-90.000000,139,True,False,True,False,True,False
130,2,Tier 2 — Consistent reversal,3,BRD-K95921201,reserpine,-1.268499,-40.846580,-50.608970,3,3,0,-30.908016,-40.846580,-50.608970,-90.000000,140,True,False,True,False,True,False
131,2,Tier 2 — Consistent reversal,3,BRD-K61496577,flumetasone,-0.563777,-62.432990,-40.765182,3,3,0,-34.587316,-40.765182,-62.432990,-90.000000,141,True,False,True,False,True,False
132,2,Tier 2 — Consistent reversal,3,BRD-U44700465,HG-5-88-01,-7.883725,-53.115890,-40.756770,3,3,0,-33.918795,-40.756770,-53.115890,-90.000000,142,True,False,True,False,True,False
133,2,Tier 2 — Consistent reversal,3,BRD-K57033106,tripelennamine,-0.070805,-68.270780,-40.512016,3,3,0,-36.284534,-40.512016,-68.270780,-90.000000,143,True,False,True,False,True,False
134,2,Tier 2 — Consistent reversal,3,BRD-K01624546,docosatrienoic-acid,-1.338971,-53.905750,-39.821594,3,3,0,-31.688772,-39.821594,-53.905750,-90.000000,144,True,False,True,False,True,False
135,2,Tier 2 — Consistent reversal,3,BRD-A92826379,lupanine,-7.263977,-39.714430,-55.897270,3,3,0,-34.291892,-39.714430,-55.897270,-90.000000,145,True,False,True,False,True,False
136,2,Tier 2 — Consistent reversal,3,BRD-K49657628,tyrphostin-AG-18,-0.563777,-55.329500,-39.462765,3,3,0,-31.785347,-39.462765,-55.329500,-90.000000,146,True,False,True,False,True,False
137,2,Tier 2 — Consistent reversal,3,BRD-A42628519,iopanoic-acid,-11.715203,-39.386900,-39.321740,3,3,0,-30.141281,-39.321740,-39.386900,-90.000000,147,True,False,True,False,True,False
138,2,Tier 2 — Consistent reversal,3,BRD-A74771556,nikkomycin,-38.985767,-38.023070,-39.525238,3,3,0,-38.844692,-38.985767,-39.525238,-90.000000,148,True,False,True,False,True,False
139,2,Tier 2 — Consistent reversal,3,BRD-K46766488,S-14506,-26.859728,-40.854560,-38.579390,3,3,0,-35.431226,-38.579390,-40.854560,-90.000000,149,True,False,True,False,True,False
140,2,Tier 2 — Consistent reversal,3,BRD-A82307304,atorvastatin,-6.160251,-38.053806,-54.711390,3,3,0,-32.975149,-38.053806,-54.711390,-90.000000,150,True,False,True,False,True,False
141,2,Tier 2 — Consistent reversal,3,BRD-K29530284,amlexanox,-1.092318,-37.853880,-56.696934,3,3,0,-31.881044,-37.853880,-56.696934,-90.000000,151,True,False,True,False,True,False
142,2,Tier 2 — Consistent reversal,3,BRD-K26160755,RS-45041-190,-1.127555,-37.746723,-43.400898,3,3,0,-27.425059,-37.746723,-43.400898,-90.000000,152,True,False,True,False,True,False
143,2,Tier 2 — Consistent reversal,3,BRD-K03406345,azacitidine,-10.888996,-37.281746,-66.732770,3,3,0,-38.301171,-37.281746,-66.732770,-90.000000,153,True,False,True,False,True,False
144,2,Tier 2 — Consistent reversal,3,BRD-K60218670,BRD-K60218670,-4.369274,-36.972008,-56.505604,3,3,0,-32.615629,-36.972008,-56.505604,-90.000000,154,True,False,True,False,True,False
145,2,Tier 2 — Consistent reversal,3,BRD-A04352665,maraviroc,-16.223822,-36.880947,-40.240036,3,3,0,-31.114935,-36.880947,-40.240036,-90.000000,155,True,False,True,False,True,False
146,2,Tier 2 — Consistent reversal,3,BRD-K82109576,vincristine,-1.057082,-46.407450,-36.340630,3,3,0,-27.935054,-36.340630,-46.407450,-90.000000,156,True,False,True,False,True,False
147,2,Tier 2 — Consistent reversal,3,BRD-K88871508,lisuride,-26.793684,-45.959305,-36.301353,3,3,0,-36.351447,-36.301353,-45.959305,-90.000000,157,True,False,True,False,True,False
148,2,Tier 2 — Consistent reversal,3,BRD-K96134740,kitasamycin,-13.241172,-64.564070,-36.098610,3,3,0,-37.967951,-36.098610,-64.564070,-90.000000,158,True,False,True,False,True,False
149,2,Tier 2 — Consistent reversal,3,BRD-K85383046,IAA-94,-10.394644,-35.592094,-46.634995,3,3,0,-30.873911,-35.592094,-46.634995,-90.000000,159,True,False,True,False,True,False
150,2,Tier 2 — Consistent reversal,3,BRD-K82865713,prostaglandin-b2,-7.285403,-35.398230,-45.280960,3,3,0,-29.321531,-35.398230,-45.280960,-90.000000,160,True,False,True,False,True,False
151,2,Tier 2 — Consistent reversal,3,BRD-A52282606,lacidipine,-0.658742,-35.356766,-37.658325,3,3,0,-24.557944,-35.356766,-37.658325,-90.000000,161,True,False,True,False,True,False
152,2,Tier 2 — Consistent reversal,3,BRD-K53570330,carbofuran,-1.691332,-40.464893,-35.344093,3,3,0,-25.833439,-35.344093,-40.464893,-90.000000,162,True,False,True,False,True,False
153,2,Tier 2 — Consistent reversal,3,BRD-K85503079,perospirone,-16.530361,-35.251150,-52.139710,3,3,0,-34.640407,-35.251150,-52.139710,-90.000000,163,True,False,True,False,True,False
154,2,Tier 2 — Consistent reversal,3,BRD-K96354014,nifedipine,-0.176180,-35.130684,-75.309105,3,3,0,-36.871990,-35.130684,-75.309105,-90.000000,164,True,False,True,False,True,False
155,2,Tier 2 — Consistent reversal,3,BRD-K07888196,tyrphostin-AG-538,-23.730103,-34.374477,-58.618176,3,3,0,-38.907585,-34.374477,-58.618176,-90.000000,165,True,False,True,False,True,False
156,2,Tier 2 — Consistent reversal,3,BRD-A62890442,3-methyl-GABA,-7.988093,-57.628640,-34.085876,3,3,0,-33.234203,-34.085876,-57.628640,-90.000000,166,True,False,True,False,True,False
157,2,Tier 2 — Consistent reversal,3,BRD-K52640952,BRD-K52640952,-48.073890,-33.945350,-28.508207,3,3,0,-36.842482,-33.945350,-48.073890,-90.000000,167,True,False,True,False,True,False
158,2,Tier 2 — Consistent reversal,3,BRD-K19295594,gossypol,-0.775194,-33.311750,-36.674946,3,3,0,-23.587297,-33.311750,-36.674946,-90.000000,168,True,False,True,False,True,False
159,2,Tier 2 — Consistent reversal,3,BRD-K50388907,fenofibrate,-73.489560,-32.965202,-26.333110,3,3,0,-44.262624,-32.965202,-73.489560,-90.000000,169,True,False,True,False,True,False
160,2,Tier 2 — Consistent reversal,3,BRD-K56301217,ABT-737,-0.422833,-36.547043,-32.866710,3,3,0,-23.278862,-32.866710,-36.547043,-90.000000,170,True,False,True,False,True,False
161,2,Tier 2 — Consistent reversal,3,BRD-K72093121,vidarabine,-53.227310,-21.591793,-32.559970,3,3,0,-35.793024,-32.559970,-53.227310,-90.000000,171,True,False,True,False,True,False
162,2,Tier 2 — Consistent reversal,3,BRD-A07395371,esmolol,-1.680367,-89.372710,-32.521656,3,3,0,-41.191578,-32.521656,-89.372710,-90.000000,172,True,False,True,False,True,False
163,2,Tier 2 — Consistent reversal,3,BRD-K34441861,moexipril,-3.735025,-46.457344,-32.428318,3,3,0,-27.540229,-32.428318,-46.457344,-90.000000,173,True,False,True,False,True,False
164,2,Tier 2 — Consistent reversal,3,BRD-A35108200,dexamethasone,-5.038760,-32.249184,-68.558846,3,3,0,-35.282263,-32.249184,-68.558846,-90.000000,174,True,False,True,False,True,False
165,2,Tier 2 — Consistent reversal,3,BRD-A46186775,hydrocortisone-phosphate,-1.409443,-32.219177,-42.112267,3,3,0,-25.246962,-32.219177,-42.112267,-90.000000,175,True,False,True,False,True,False
166,2,Tier 2 — Consistent reversal,3,BRD-K54316499,tolterodine,-3.100775,-32.154175,-63.322610,3,3,0,-32.859187,-32.154175,-63.322610,-90.000000,176,True,False,True,False,True,False
167,2,Tier 2 — Consistent reversal,3,BRD-A19195498,trimipramine,-0.070472,-31.977860,-50.759808,3,3,0,-27.602713,-31.977860,-50.759808,-90.000000,177,True,False,True,False,True,False
168,2,Tier 2 — Consistent reversal,3,BRD-K03642198,AY-9944,-1.610121,-31.601030,-34.168293,3,3,0,-22.459815,-31.601030,-34.168293,-90.000000,178,True,False,True,False,True,False
169,2,Tier 2 — Consistent reversal,3,BRD-K95609758,BMS-191011,-1.162791,-31.584824,-33.578430,3,3,0,-22.108682,-31.584824,-33.578430,-90.000000,179,True,False,True,False,True,False
170,2,Tier 2 — Consistent reversal,3,BRD-K49685476,TTNPB,-9.250669,-31.450481,-63.046185,3,3,0,-34.582445,-31.450481,-63.046185,-90.000000,180,True,False,True,False,True,False
171,2,Tier 2 — Consistent reversal,3,BRD-K59597909,phenothiazine,-2.501762,-59.962017,-31.325861,3,3,0,-31.263213,-31.325861,-59.962017,-90.000000,181,True,False,True,False,True,False
172,2,Tier 2 — Consistent reversal,3,BRD-U33728988,QL-X-138,-20.950630,-31.034119,-47.547672,3,3,0,-33.177474,-31.034119,-47.547672,-90.000000,182,True,False,True,False,True,False
173,2,Tier 2 — Consistent reversal,3,BRD-K14329163,BAY-K-8644-(S)-(-),-16.649986,-30.917566,-41.347267,3,3,0,-29.638273,-30.917566,-41.347267,-90.000000,183,True,False,True,False,True,False
174,2,Tier 2 — Consistent reversal,3,BRD-K32330832,VER-155008,-30.576506,-13.693678,-59.729347,3,3,0,-34.666510,-30.576506,-59.729347,-90.000000,184,True,False,True,False,True,False
175,2,Tier 2 — Consistent reversal,3,BRD-A55393291,testosterone,-11.373262,-73.701614,-30.358640,3,3,0,-38.477839,-30.358640,-73.701614,-90.000000,185,True,False,True,False,True,False
176,2,Tier 2 — Consistent reversal,3,BRD-K63089472,farnesylthioacetic-acid,-5.073996,-30.302850,-34.177850,3,3,0,-23.184899,-30.302850,-34.177850,-90.000000,186,True,False,True,False,True,False
177,2,Tier 2 — Consistent reversal,3,BRD-A51393488,noscapine,-19.657667,-53.561920,-30.125640,3,3,0,-34.448409,-30.125640,-53.561920,-90.000000,187,True,False,True,False,True,False
178,2,Tier 2 — Consistent reversal,3,BRD-K08547377,irinotecan,-24.767004,-29.981533,-58.411037,3,3,0,-37.719858,-29.981533,-58.411037,-90.000000,188,True,False,True,False,True,False
179,2,Tier 2 — Consistent reversal,3,BRD-A78391468,prednisolone-hemisuccinate,-0.317125,-29.831142,-46.899296,3,3,0,-25.682521,-29.831142,-46.899296,-90.000000,189,True,False,True,False,True,False
180,2,Tier 2 — Consistent reversal,3,BRD-K74430258,"1,2-dichlorobenzene",-3.320158,-38.904310,-29.807420,3,3,0,-24.010629,-29.807420,-38.904310,-90.000000,190,True,False,True,False,True,False
181,2,Tier 2 — Consistent reversal,3,BRD-A70083328,secnidazole,-2.043693,-36.271267,-29.795912,3,3,0,-22.703624,-29.795912,-36.271267,-90.000000,191,True,False,True,False,True,False
182,2,Tier 2 — Consistent reversal,3,BRD-K22385716,LY-303511,-12.634334,-72.031510,-29.741180,3,3,0,-38.135675,-29.741180,-72.031510,-90.000000,192,True,False,True,False,True,False
183,2,Tier 2 — Consistent reversal,3,BRD-A80775386,hyperforin,-2.290345,-33.404470,-29.564384,3,3,0,-21.753066,-29.564384,-33.404470,-90.000000,193,True,False,True,False,True,False
184,2,Tier 2 — Consistent reversal,3,BRD-K12244279,MEK1-2-inhibitor,-0.916138,-29.543999,-61.761710,3,3,0,-30.740616,-29.543999,-61.761710,-90.000000,194,True,False,True,False,True,False
185,2,Tier 2 — Consistent reversal,3,BRD-K14643723,4-(2-amino-ethyl)-benzenesulfonamide,-5.673009,-35.121520,-29.435863,3,3,0,-23.410131,-29.435863,-35.121520,-90.000000,195,True,False,True,False,True,False
186,2,Tier 2 — Consistent reversal,3,BRD-A83937277,mephenytoin,-42.435665,-24.267750,-29.380884,3,3,0,-32.028100,-29.380884,-42.435665,-90.000000,196,True,False,True,False,True,False
187,2,Tier 2 — Consistent reversal,3,BRD-K64785675,TG-100115,-4.819319,-48.762486,-29.358997,3,3,0,-27.646934,-29.358997,-48.762486,-90.000000,197,True,False,True,False,True,False
188,2,Tier 2 — Consistent reversal,3,BRD-K51751936,alfadolone-acetate,-35.844765,-29.176336,-22.785673,3,3,0,-29.268925,-29.176336,-35.844765,-90.000000,198,True,False,True,False,True,False
189,2,Tier 2 — Consistent reversal,3,BRD-K14791739,fluticasone,-5.817693,-29.090864,-43.501984,3,3,0,-26.136847,-29.090864,-43.501984,-90.000000,199,True,False,True,False,True,False
190,2,Tier 2 — Consistent reversal,3,BRD-K88741031,"methyl-2,5-dihydroxycinnamate",-0.281889,-53.608790,-28.986156,3,3,0,-27.625612,-28.986156,-53.608790,-90.000000,200,True,False,True,False,True,False
191,2,Tier 2 — Consistent reversal,3,BRD-K19894101,MST-312,-25.640945,-43.040028,-28.781364,3,3,0,-32.487446,-28.781364,-43.040028,-90.000000,201,True,False,True,False,True,False
192,2,Tier 2 — Consistent reversal,3,BRD-A48570745,ivermectin,-29.961630,-28.742260,-28.262648,3,3,0,-28.988846,-28.742260,-29.961630,-90.000000,202,True,False,True,False,True,False
193,2,Tier 2 — Consistent reversal,3,BRD-A53952395,prilocaine,-28.468613,-28.609875,-51.230255,3,3,0,-36.102914,-28.609875,-51.230255,-90.000000,203,True,False,True,False,True,False
194,2,Tier 2 — Consistent reversal,3,BRD-K37312348,kenpaullone,-2.325581,-28.590410,-35.725500,3,3,0,-22.213830,-28.590410,-35.725500,-90.000000,204,True,False,True,False,True,False
195,2,Tier 2 — Consistent reversal,3,BRD-K86301799,dipyridamole,-12.494594,-28.443674,-32.105556,3,3,0,-24.347941,-28.443674,-32.105556,-90.000000,205,True,False,True,False,True,False
196,2,Tier 2 — Consistent reversal,3,BRD-K00206590,P-1075,-2.078929,-28.362492,-34.816856,3,3,0,-21.752759,-28.362492,-34.816856,-90.000000,206,True,False,True,False,True,False
197,2,Tier 2 — Consistent reversal,3,BRD-K18757346,U-46619,-1.303735,-28.234930,-33.373863,3,3,0,-20.970843,-28.234930,-33.373863,-90.000000,207,True,False,True,False,True,False
198,2,Tier 2 — Consistent reversal,3,BRD-K18250272,propoxycaine,-10.503379,-38.969124,-27.952797,3,3,0,-25.808433,-27.952797,-38.969124,-90.000000,208,True,False,True,False,True,False
199,2,Tier 2 — Consistent reversal,3,BRD-K70693222,BRD-K70693222,-1.133989,-43.522636,-27.844193,3,3,0,-24.166939,-27.844193,-43.522636,-90.000000,209,True,False,True,False,True,False
200,2,Tier 2 — Consistent reversal,3,BRD-A91699651,chloroquine,-1.198027,-27.812600,-29.676746,3,3,0,-19.562458,-27.812600,-29.676746,-90.000000,210,True,False,True,False,True,False
201,2,Tier 2 — Consistent reversal,3,BRD-A02710418,meptazinol,-10.324172,-27.789557,-38.478477,3,3,0,-25.530735,-27.789557,-38.478477,-90.000000,211,True,False,True,False,True,False
202,2,Tier 2 — Consistent reversal,3,BRD-A31800922,procyclidine,-37.517710,-24.923943,-27.465975,3,3,0,-29.969209,-27.465975,-37.517710,-90.000000,212,True,False,True,False,True,False
203,2,Tier 2 — Consistent reversal,3,BRD-K73589491,nizatidine,-0.281889,-86.640810,-27.410349,3,3,0,-38.111016,-27.410349,-86.640810,-90.000000,213,True,False,True,False,True,False
204,2,Tier 2 — Consistent reversal,3,BRD-K28183345,proguanil,-0.246653,-32.122334,-27.257803,3,3,0,-19.875597,-27.257803,-32.122334,-90.000000,214,True,False,True,False,True,False
205,2,Tier 2 — Consistent reversal,3,BRD-K65786282,CGP-7930,-2.396054,-38.213150,-27.210901,3,3,0,-22.606702,-27.210901,-38.213150,-90.000000,215,True,False,True,False,True,False
206,2,Tier 2 — Consistent reversal,3,BRD-A98702003,carbenoxolone,-2.008457,-27.150024,-33.811080,3,3,0,-20.989854,-27.150024,-33.811080,-90.000000,216,True,False,True,False,True,False
207,2,Tier 2 — Consistent reversal,3,BRD-A69951442,dexamethasone,-1.518718,-26.880026,-63.263280,3,3,0,-30.554008,-26.880026,-63.263280,-90.000000,217,True,False,True,False,True,False
208,2,Tier 2 — Consistent reversal,3,BRD-A48430263,pioglitazone,-0.019861,-26.866491,-36.784634,3,3,0,-21.223662,-26.866491,-36.784634,-90.000000,218,True,False,True,False,True,False
209,2,Tier 2 — Consistent reversal,3,BRD-K67261995,adipiodone,-0.246653,-89.485275,-26.708424,3,3,0,-38.813451,-26.708424,-89.485275,-90.000000,219,True,False,True,False,True,False
210,2,Tier 2 — Consistent reversal,3,BRD-K77171813,proxyfan,-0.775194,-50.090206,-26.502000,3,3,0,-25.789133,-26.502000,-50.090206,-90.000000,220,True,False,True,False,True,False
211,2,Tier 2 — Consistent reversal,3,BRD-K48168960,propylthiouracil,-3.195206,-26.345710,-49.481160,3,3,0,-26.340692,-26.345710,-49.481160,-90.000000,221,True,False,True,False,True,False
212,2,Tier 2 — Consistent reversal,3,BRD-K13872703,BRD-K13872703,-44.363820,-26.296307,-12.425304,3,3,0,-27.695144,-26.296307,-44.363820,-90.000000,222,True,False,True,False,True,False
213,2,Tier 2 — Consistent reversal,3,BRD-A97454584,nadolol,-8.067474,-35.551544,-25.962315,3,3,0,-23.193778,-25.962315,-35.551544,-90.000000,223,True,False,True,False,True,False
214,2,Tier 2 — Consistent reversal,3,BRD-A65739223,ramipril,-3.523608,-25.663988,-50.957882,3,3,0,-26.715159,-25.663988,-50.957882,-90.000000,224,True,False,True,False,True,False
215,2,Tier 2 — Consistent reversal,3,BRD-A29426959,carbinoxamine,-0.563777,-25.495083,-51.292380,3,3,0,-25.783747,-25.495083,-51.292380,-90.000000,225,True,False,True,False,True,False
216,2,Tier 2 — Consistent reversal,3,BRD-K02953697,naringin,-22.209127,-31.235346,-25.480282,3,3,0,-26.308252,-25.480282,-31.235346,-90.000000,226,True,False,True,False,True,False
217,2,Tier 2 — Consistent reversal,3,BRD-K33396764,alpha-linolenic-acid,-1.888230,-25.443546,-46.210857,3,3,0,-24.514211,-25.443546,-46.210857,-90.000000,227,True,False,True,False,True,False
218,2,Tier 2 — Consistent reversal,3,BRD-K77690805,BRD-K77690805,-1.726568,-52.502760,-25.429200,3,3,0,-26.552843,-25.429200,-52.502760,-90.000000,228,True,False,True,False,True,False
219,2,Tier 2 — Consistent reversal,3,BRD-A22256192,terazosin,-1.832276,-32.487250,-25.293695,3,3,0,-19.871074,-25.293695,-32.487250,-90.000000,229,True,False,True,False,True,False
220,2,Tier 2 — Consistent reversal,3,BRD-A20131130,"2',5'-dideoxyadenosine",-26.151047,-25.192337,-11.648531,3,3,0,-20.997305,-25.192337,-26.151047,-90.000000,230,True,False,True,False,True,False
221,2,Tier 2 — Consistent reversal,3,BRD-K74913225,brinzolamide,-0.317125,-25.046082,-27.541878,3,3,0,-17.635028,-25.046082,-27.541878,-90.000000,231,True,False,True,False,True,False
222,2,Tier 2 — Consistent reversal,3,BRD-K83322645,L-693403,-20.509268,-43.357353,-24.734047,3,3,0,-29.533556,-24.734047,-43.357353,-90.000000,232,True,False,True,False,True,False
223,2,Tier 2 — Consistent reversal,3,BRD-K88761633,BRD-K88761633,-16.914759,-70.868250,-24.508900,3,3,0,-37.430636,-24.508900,-70.868250,-90.000000,233,True,False,True,False,True,False
224,2,Tier 2 — Consistent reversal,3,BRD-K73285375,BRD-K73285375,-2.607470,-56.528816,-24.497684,3,3,0,-27.877990,-24.497684,-56.528816,-90.000000,234,True,False,True,False,True,False
225,2,Tier 2 — Consistent reversal,3,BRD-K00610438,altanserin,-1.268499,-24.189026,-29.787619,3,3,0,-18.415048,-24.189026,-29.787619,-90.000000,235,True,False,True,False,True,False
226,2,Tier 2 — Consistent reversal,3,BRD-K19360254,ergocornine,-2.889359,-43.981503,-24.147800,3,3,0,-23.672887,-24.147800,-43.981503,-90.000000,236,True,False,True,False,True,False
227,2,Tier 2 — Consistent reversal,3,BRD-K57304726,PRE-084,-32.055430,-24.128910,-19.416977,3,3,0,-25.200439,-24.128910,-32.055430,-90.000000,237,True,False,True,False,True,False
228,2,Tier 2 — Consistent reversal,3,BRD-K11158509,tyrphostin-B44,-42.065100,-24.039783,-2.642706,3,3,0,-22.915863,-24.039783,-42.065100,-90.000000,238,True,False,True,False,True,False
229,2,Tier 2 — Consistent reversal,3,BRD-A15070535,bucladesine,-8.866414,-48.353860,-24.015038,3,3,0,-27.078437,-24.015038,-48.353860,-90.000000,239,True,False,True,False,True,False
230,2,Tier 2 — Consistent reversal,3,BRD-K64052750,gefitinib,-0.246653,-23.987715,-28.309679,3,3,0,-17.514682,-23.987715,-28.309679,-90.000000,240,True,False,True,False,True,False
231,2,Tier 2 — Consistent reversal,3,BRD-K32412559,morphothebaine,-12.646565,-36.976660,-23.855549,3,3,0,-24.492925,-23.855549,-36.976660,-90.000000,241,True,False,True,False,True,False
232,2,Tier 2 — Consistent reversal,3,BRD-K29905972,axitinib,-23.636223,-24.478056,-15.838995,3,3,0,-21.317758,-23.636223,-24.478056,-90.000000,242,True,False,True,False,True,False
233,2,Tier 2 — Consistent reversal,3,BRD-K91900765,VX-745,-3.506191,-50.101020,-23.507390,3,3,0,-25.704867,-23.507390,-50.101020,-90.000000,243,True,False,True,False,True,False
234,2,Tier 2 — Consistent reversal,3,BRD-A93659613,GR-89696,-0.176180,-28.498250,-23.491217,3,3,0,-17.388549,-23.491217,-28.498250,-90.000000,244,True,False,True,False,True,False
235,2,Tier 2 — Consistent reversal,3,BRD-K76810206,nicergoline,-0.352361,-23.314870,-34.184980,3,3,0,-19.284070,-23.314870,-34.184980,-90.000000,245,True,False,True,False,True,False
236,2,Tier 2 — Consistent reversal,3,BRD-K34415467,trimethobenzamide,-0.739958,-47.280365,-23.117010,3,3,0,-23.712444,-23.117010,-47.280365,-90.000000,246,True,False,True,False,True,False
237,2,Tier 2 — Consistent reversal,3,BRD-K67017579,cilostazol,-0.211417,-36.568356,-22.951760,3,3,0,-19.910511,-22.951760,-36.568356,-90.000000,247,True,False,True,False,True,False
238,2,Tier 2 — Consistent reversal,3,BRD-K40758068,efavirenz,-0.105708,-35.422207,-22.948090,3,3,0,-19.492002,-22.948090,-35.422207,-90.000000,248,True,False,True,False,True,False
239,2,Tier 2 — Consistent reversal,3,BRD-K69032158,diprotin-a,-54.488186,-13.800956,-22.888230,3,3,0,-30.392457,-22.888230,-54.488186,-90.000000,249,True,False,True,False,True,False
240,2,Tier 2 — Consistent reversal,3,BRD-A26845397,isamoltane,-22.871426,-23.398657,-14.201612,3,3,0,-20.157232,-22.871426,-23.398657,-90.000000,250,True,False,True,False,True,False
241,2,Tier 2 — Consistent reversal,3,BRD-K88429204,pyrimethamine,-0.810430,-40.721493,-22.615700,3,3,0,-21.382541,-22.615700,-40.721493,-90.000000,251,True,False,True,False,True,False
242,2,Tier 2 — Consistent reversal,3,BRD-K73290745,ICI-199441,-29.123062,-22.577028,-2.219873,3,3,0,-17.973321,-22.577028,-29.123062,-90.000000,252,True,False,True,False,True,False
243,2,Tier 2 — Consistent reversal,3,BRD-K34995470,SU-1498,-13.426502,-22.293472,-42.485855,3,3,0,-26.068610,-22.293472,-42.485855,-90.000000,253,True,False,True,False,True,False
244,2,Tier 2 — Consistent reversal,3,BRD-K69470111,montelukast,-57.386080,-18.616861,-22.124363,3,3,0,-32.709101,-22.124363,-57.386080,-90.000000,254,True,False,True,False,True,False
245,2,Tier 2 — Consistent reversal,3,BRD-K66019333,oxantel,-0.634249,-56.577790,-22.064173,3,3,0,-26.425404,-22.064173,-56.577790,-90.000000,255,True,False,True,False,True,False
246,2,Tier 2 — Consistent reversal,3,BRD-K97181089,amiloride,-0.211417,-21.814112,-25.152254,3,3,0,-15.725927,-21.814112,-25.152254,-90.000000,256,True,False,True,False,True,False
247,2,Tier 2 — Consistent reversal,3,BRD-A64092382,mexiletine,-0.026619,-21.536064,-26.785965,3,3,0,-16.116216,-21.536064,-26.785965,-90.000000,257,True,False,True,False,True,False
248,2,Tier 2 — Consistent reversal,3,BRD-K91691979,BRD-K91691979,-23.076328,-21.416920,-3.065539,3,3,0,-15.852929,-21.416920,-23.076328,-90.000000,258,True,False,True,False,True,False
249,2,Tier 2 — Consistent reversal,3,BRD-A62434282,goserelin,-2.396054,-21.244648,-38.874107,3,3,0,-20.838270,-21.244648,-38.874107,-90.000000,259,True,False,True,False,True,False
250,2,Tier 2 — Consistent reversal,3,BRD-A00993607,alprenolol,-6.438649,-25.744873,-21.190912,3,3,0,-17.791478,-21.190912,-25.744873,-90.000000,260,True,False,True,False,True,False
251,2,Tier 2 — Consistent reversal,3,BRD-K59650319,YM-298198,-2.642706,-27.541283,-21.123638,3,3,0,-17.102542,-21.123638,-27.541283,-90.000000,261,True,False,True,False,True,False
252,2,Tier 2 — Consistent reversal,3,BRD-A67862938,naftidrofuryl,-0.246653,-21.861070,-20.998476,3,3,0,-14.368733,-20.998476,-21.861070,-90.000000,262,True,False,True,False,True,False
253,2,Tier 2 — Consistent reversal,3,BRD-K66766661,17-beta-estradiol,-19.438934,-47.582447,-20.952120,3,3,0,-29.324500,-20.952120,-47.582447,-90.000000,263,True,False,True,False,True,False
254,2,Tier 2 — Consistent reversal,3,BRD-K61192372,capecitabine,-20.727330,-18.568151,-25.382187,3,3,0,-21.559223,-20.727330,-25.382187,-90.000000,264,True,False,True,False,True,False
255,2,Tier 2 — Consistent reversal,3,BRD-K35377380,I-OMe-AG-538,-20.671190,-3.235872,-28.822933,3,3,0,-17.576665,-20.671190,-28.822933,-90.000000,265,True,False,True,False,True,False
256,2,Tier 2 — Consistent reversal,3,BRD-K64402243,ivachtin,-12.131063,-20.589695,-37.968860,3,3,0,-23.563206,-20.589695,-37.968860,-90.000000,266,True,False,True,False,True,False
257,2,Tier 2 — Consistent reversal,3,BRD-K09255212,clioquinol,-20.524092,-28.100351,-0.246653,3,3,0,-16.290365,-20.524092,-28.100351,-90.000000,267,True,False,True,False,True,False
258,2,Tier 2 — Consistent reversal,3,BRD-K55889443,rifapentine,-20.363806,-39.359016,-6.507782,3,3,0,-22.076868,-20.363806,-39.359016,-90.000000,268,True,False,True,False,True,False
259,2,Tier 2 — Consistent reversal,3,BRD-K01493881,apigenin,-20.269176,-5.087570,-38.934540,3,3,0,-21.430429,-20.269176,-38.934540,-90.000000,269,True,False,True,False,True,False
260,2,Tier 2 — Consistent reversal,3,BRD-K97440753,dihydroergocristine,-6.131078,-43.774242,-20.199110,3,3,0,-23.368143,-20.199110,-43.774242,-90.000000,270,True,False,True,False,True,False
261,2,Tier 2 — Consistent reversal,3,BRD-K98763141,niflumic-acid,-2.255109,-31.422790,-20.082914,3,3,0,-17.920271,-20.082914,-31.422790,-90.000000,271,True,False,True,False,True,False
262,2,Tier 2 — Consistent reversal,3,BRD-K89237706,noscapine,-11.301954,-29.520351,-19.943844,3,3,0,-20.255383,-19.943844,-29.520351,-90.000000,272,True,False,True,False,True,False
263,2,Tier 2 — Consistent reversal,3,BRD-A13133631,fluorometholone,-3.382664,-19.840298,-86.329124,3,3,0,-36.517362,-19.840298,-86.329124,-90.000000,273,True,False,True,False,True,False
264,2,Tier 2 — Consistent reversal,3,BRD-K32107296,temozolomide,-2.501762,-19.772045,-34.350536,3,3,0,-18.874781,-19.772045,-34.350536,-90.000000,274,True,False,True,False,True,False
265,2,Tier 2 — Consistent reversal,3,BRD-K71289571,zafirlukast,-0.211417,-19.616613,-32.971027,3,3,0,-17.599685,-19.616613,-32.971027,-90.000000,275,True,False,True,False,True,False
266,2,Tier 2 — Consistent reversal,3,BRD-K37848908,ceforanide,-8.058926,-19.586256,-27.514320,3,3,0,-18.386501,-19.586256,-27.514320,-90.000000,276,True,False,True,False,True,False
267,2,Tier 2 — Consistent reversal,3,BRD-K10098805,rhapontin,-9.251698,-22.798767,-19.577702,3,3,0,-17.209389,-19.577702,-22.798767,-90.000000,277,True,False,True,False,True,False
268,2,Tier 2 — Consistent reversal,3,BRD-K72024482,MRS-1754,-14.682419,-23.594890,-19.559725,3,3,0,-19.279011,-19.559725,-23.594890,-90.000000,278,True,False,True,False,True,False
269,2,Tier 2 — Consistent reversal,3,BRD-A65440446,cimaterol,-9.597921,-19.553513,-45.703537,3,3,0,-24.951657,-19.553513,-45.703537,-90.000000,279,True,False,True,False,True,False
270,2,Tier 2 — Consistent reversal,3,BRD-K46435977,valaciclovir,-0.032529,-19.488544,-33.788160,3,3,0,-17.769744,-19.488544,-33.788160,-90.000000,280,True,False,True,False,True,False
271,2,Tier 2 — Consistent reversal,3,BRD-K61737877,VEGF-receptor-2-kinase-inhibitor-IV,-41.095596,-19.329592,-15.621565,3,3,0,-25.348918,-19.329592,-41.095596,-90.000000,281,True,False,True,False,True,False
272,2,Tier 2 — Consistent reversal,3,BRD-K68103045,CGS-20625,-1.409443,-19.064957,-23.834904,3,3,0,-14.769768,-19.064957,-23.834904,-90.000000,282,True,False,True,False,True,False
273,2,Tier 2 — Consistent reversal,3,BRD-A80151636,bromocriptine,-0.458069,-25.077732,-18.926039,3,3,0,-14.820613,-18.926039,-25.077732,-90.000000,283,True,False,True,False,True,False
274,2,Tier 2 — Consistent reversal,3,BRD-K66093087,FGIN-1-43,-6.880393,-29.967308,-18.738186,3,3,0,-18.528629,-18.738186,-29.967308,-90.000000,284,True,False,True,False,True,False
275,2,Tier 2 — Consistent reversal,3,BRD-K07691486,roscovitine,-1.198027,-18.553024,-21.839210,3,3,0,-13.863420,-18.553024,-21.839210,-90.000000,285,True,False,True,False,True,False
276,2,Tier 2 — Consistent reversal,3,BRD-K02965346,SU-11274,-9.081675,-18.510520,-48.262688,3,3,0,-25.284961,-18.510520,-48.262688,-90.000000,286,True,False,True,False,True,False
277,2,Tier 2 — Consistent reversal,3,BRD-A20239487,atenolol-(+/-),-18.498348,-9.315193,-19.777353,3,3,0,-15.863631,-18.498348,-19.777353,-90.000000,287,True,False,True,False,True,False
278,2,Tier 2 — Consistent reversal,3,BRD-K16444452,ibudilast,-3.100775,-18.393906,-48.769560,3,3,0,-23.421414,-18.393906,-48.769560,-90.000000,288,True,False,True,False,True,False
279,2,Tier 2 — Consistent reversal,3,BRD-A11170096,pravastatin,-26.371996,-4.404510,-18.381556,3,3,0,-16.386021,-18.381556,-26.371996,-90.000000,289,True,False,True,False,True,False
280,2,Tier 2 — Consistent reversal,3,BRD-K64514229,toltrazuril,-0.035656,-18.241253,-23.031767,3,3,0,-13.769559,-18.241253,-23.031767,-90.000000,290,True,False,True,False,True,False
281,2,Tier 2 — Consistent reversal,3,BRD-K24538644,KU-C104502N,-45.365192,-12.755462,-18.196653,3,3,0,-25.439102,-18.196653,-45.365192,-90.000000,291,True,False,True,False,True,False
282,2,Tier 2 — Consistent reversal,3,BRD-K02265150,amoxapine,-0.070472,-21.397915,-18.027267,3,3,0,-13.165218,-18.027267,-21.397915,-90.000000,292,True,False,True,False,True,False
283,2,Tier 2 — Consistent reversal,3,BRD-K87991767,umbelliferone,-2.043693,-17.899122,-35.406200,3,3,0,-18.449672,-17.899122,-35.406200,-90.000000,293,True,False,True,False,True,False
284,2,Tier 2 — Consistent reversal,3,BRD-A35588707,teniposide,-0.176180,-17.689169,-31.638176,3,3,0,-16.501175,-17.689169,-31.638176,-90.000000,294,True,False,True,False,True,False
285,2,Tier 2 — Consistent reversal,3,BRD-K68144790,glycodeoxycholic-acid,-16.216640,-17.645040,-20.719955,3,3,0,-18.193878,-17.645040,-20.719955,-90.000000,295,True,False,True,False,True,False
286,2,Tier 2 — Consistent reversal,3,BRD-A69815203,cyclosporin-a,-5.964047,-60.424280,-17.577848,3,3,0,-27.988725,-17.577848,-60.424280,-90.000000,296,True,False,True,False,True,False
287,2,Tier 2 — Consistent reversal,3,BRD-K97951054,BRD-K97951054,-3.981677,-41.229424,-17.495960,3,3,0,-20.902354,-17.495960,-41.229424,-90.000000,297,True,False,True,False,True,False
288,2,Tier 2 — Consistent reversal,3,BRD-K43796186,benzyl-quinazolin-4-yl-amine,-15.994439,-17.422342,-26.949821,3,3,0,-20.122201,-17.422342,-26.949821,-90.000000,298,True,False,True,False,True,False
289,2,Tier 2 — Consistent reversal,3,BRD-K34157611,cimetidine,-17.354698,-12.151534,-27.200666,3,3,0,-18.902299,-17.354698,-27.200666,-90.000000,299,True,False,True,False,True,False
290,2,Tier 2 — Consistent reversal,3,BRD-K07220430,cinnarizine,-37.458992,-10.807158,-17.294180,3,3,0,-21.853443,-17.294180,-37.458992,-90.000000,300,True,False,True,False,True,False
291,2,Tier 2 — Consistent reversal,3,BRD-K44876623,zolpidem,-3.594080,-42.208298,-17.248924,3,3,0,-21.017101,-17.248924,-42.208298,-90.000000,301,True,False,True,False,True,False
292,2,Tier 2 — Consistent reversal,3,BRD-K47717570,NBQX,-24.722570,-5.914675,-17.204040,3,3,0,-15.947095,-17.204040,-24.722570,-90.000000,302,True,False,True,False,True,False
293,2,Tier 2 — Consistent reversal,3,BRD-A24429032,BE-2254,-1.268499,-17.184492,-23.671690,3,3,0,-14.041560,-17.184492,-23.671690,-90.000000,303,True,False,True,False,True,False
294,2,Tier 2 — Consistent reversal,3,BRD-K83010055,VU-0415374-1,-42.715720,-12.876731,-16.890469,3,3,0,-24.160973,-16.890469,-42.715720,-90.000000,304,True,False,True,False,True,False
295,2,Tier 2 — Consistent reversal,3,BRD-A20968261,WAY-213613,-2.043693,-31.797865,-16.754532,3,3,0,-16.865363,-16.754532,-31.797865,-90.000000,305,True,False,True,False,True,False
296,2,Tier 2 — Consistent reversal,3,BRD-A97674275,ranolazine,-18.882723,-12.796988,-16.434448,3,3,0,-16.038053,-16.434448,-18.882723,-90.000000,306,True,False,True,False,True,False
297,2,Tier 2 — Consistent reversal,3,BRD-K41445866,alfaxalone,-11.669247,-16.301176,-22.055264,3,3,0,-16.675229,-16.301176,-22.055264,-90.000000,307,True,False,True,False,True,False
298,2,Tier 2 — Consistent reversal,3,BRD-K16977723,PP-3,-16.185818,-17.984653,-6.344736,3,3,0,-13.505069,-16.185818,-17.984653,-90.000000,308,True,False,True,False,True,False
299,2,Tier 2 — Consistent reversal,3,BRD-K87696786,LY-456236,-1.444679,-16.076168,-32.944610,3,3,0,-16.821819,-16.076168,-32.944610,-90.000000,309,True,False,True,False,True,False
300,2,Tier 2 — Consistent reversal,3,BRD-A03359064,ICI-89406,-24.370798,-15.774468,-14.047446,3,3,0,-18.064237,-15.774468,-24.370798,-90.000000,310,True,False,True,False,True,False
301,2,Tier 2 — Consistent reversal,3,BRD-K63150726,JTE-907,-15.621770,-15.621337,-26.528410,3,3,0,-19.257172,-15.621770,-26.528410,-90.000000,311,True,False,True,False,True,False
302,2,Tier 2 — Consistent reversal,3,BRD-K97810537,beclomethasone-dipropionate,-0.105708,-15.490071,-48.801193,3,3,0,-21.465657,-15.490071,-48.801193,-90.000000,312,True,False,True,False,True,False
303,2,Tier 2 — Consistent reversal,3,BRD-K88560311,rucaparib,-15.364149,-23.761574,-5.343648,3,3,0,-14.823124,-15.364149,-23.761574,-90.000000,313,True,False,True,False,True,False
304,2,Tier 2 — Consistent reversal,3,BRD-K42260897,ezetimibe,-0.317125,-15.270478,-16.500273,3,3,0,-10.695959,-15.270478,-16.500273,-90.000000,314,True,False,True,False,True,False
305,2,Tier 2 — Consistent reversal,3,BRD-A69917777,aminopentamide,-13.492756,-17.044273,-15.264025,3,3,0,-15.267018,-15.264025,-17.044273,-90.000000,315,True,False,True,False,True,False
306,2,Tier 2 — Consistent reversal,3,BRD-K31342827,bisindolylmaleimide,-15.214352,-3.664553,-76.460430,3,3,0,-31.779778,-15.214352,-76.460430,-90.000000,316,True,False,True,False,True,False
307,2,Tier 2 — Consistent reversal,3,BRD-K93034159,cladribine,-2.043693,-21.410267,-15.133574,3,3,0,-12.862511,-15.133574,-21.410267,-90.000000,317,True,False,True,False,True,False
308,2,Tier 2 — Consistent reversal,3,BRD-K93325701,damnacanthal,-2.966405,-34.372550,-15.114130,3,3,0,-17.484362,-15.114130,-34.372550,-90.000000,318,True,False,True,False,True,False
309,2,Tier 2 — Consistent reversal,3,BRD-A46179541,doxapram,-1.832276,-61.557808,-15.051449,3,3,0,-26.147178,-15.051449,-61.557808,-90.000000,319,True,False,True,False,True,False
310,2,Tier 2 — Consistent reversal,3,BRD-K72726508,arcyriaflavin-a,-7.379813,-14.720276,-18.317348,3,3,0,-13.472479,-14.720276,-18.317348,-90.000000,320,True,False,True,False,True,False
311,2,Tier 2 — Consistent reversal,3,BRD-K70241288,L-692585,-1.284729,-14.556169,-15.408955,3,3,0,-10.416618,-14.556169,-15.408955,-90.000000,321,True,False,True,False,True,False
312,2,Tier 2 — Consistent reversal,3,BRD-K61177364,NBI-27914,-17.473166,-2.360817,-14.545511,3,3,0,-11.459831,-14.545511,-17.473166,-90.000000,322,True,False,True,False,True,False
313,2,Tier 2 — Consistent reversal,3,BRD-K29582677,flunarizine,-2.668301,-33.007893,-14.531105,3,3,0,-16.735766,-14.531105,-33.007893,-90.000000,323,True,False,True,False,True,False
314,2,Tier 2 — Consistent reversal,3,BRD-A23290232,westcort,-14.501814,-46.316273,-6.609221,3,3,0,-22.475769,-14.501814,-46.316273,-90.000000,324,True,False,True,False,True,False
315,2,Tier 2 — Consistent reversal,3,BRD-K64236792,austricine,-8.745742,-24.391335,-14.414523,3,3,0,-15.850533,-14.414523,-24.391335,-90.000000,325,True,False,True,False,True,False
316,2,Tier 2 — Consistent reversal,3,BRD-A97479839,piperidolate,-14.390360,-55.930256,-12.989431,3,3,0,-27.770016,-14.390360,-55.930256,-90.000000,326,True,False,True,False,True,False
317,2,Tier 2 — Consistent reversal,3,BRD-K91243525,SR-142948,-0.986610,-14.385587,-42.233430,3,3,0,-19.201876,-14.385587,-42.233430,-90.000000,327,True,False,True,False,True,False
318,2,Tier 2 — Consistent reversal,3,BRD-A10523515,GSK-429286A,-34.725510,-13.516853,-14.321780,3,3,0,-20.854714,-14.321780,-34.725510,-90.000000,328,True,False,True,False,True,False
319,2,Tier 2 — Consistent reversal,3,BRD-K01507359,rifampicin,-5.849190,-69.727005,-14.030865,3,3,0,-29.869020,-14.030865,-69.727005,-90.000000,329,True,False,True,False,True,False
320,2,Tier 2 — Consistent reversal,3,BRD-A67373739,AICA-ribonucleotide,-0.916138,-30.752850,-14.009844,3,3,0,-15.226277,-14.009844,-30.752850,-90.000000,330,True,False,True,False,True,False
321,2,Tier 2 — Consistent reversal,3,BRD-A37704979,SB-203580,-0.563777,-13.999083,-34.745995,3,3,0,-16.436285,-13.999083,-34.745995,-90.000000,331,True,False,True,False,True,False
322,2,Tier 2 — Consistent reversal,3,BRD-K23922020,arecaidine-propargyl-ester,-2.607470,-13.829285,-48.350830,3,3,0,-21.595862,-13.829285,-48.350830,-90.000000,332,True,False,True,False,True,False
323,2,Tier 2 — Consistent reversal,3,BRD-K92428153,mycophenolate-mofetil,-1.166700,-13.803356,-34.606598,3,3,0,-16.525551,-13.803356,-34.606598,-90.000000,333,True,False,True,False,True,False
324,2,Tier 2 — Consistent reversal,3,BRD-K68507560,dicycloverine,-8.949965,-13.759909,-34.653595,3,3,0,-19.121156,-13.759909,-34.653595,-90.000000,334,True,False,True,False,True,False
325,2,Tier 2 — Consistent reversal,3,BRD-K18816859,L-694247,-0.105708,-13.702893,-36.244717,3,3,0,-16.684439,-13.702893,-36.244717,-90.000000,335,True,False,True,False,True,False
326,2,Tier 2 — Consistent reversal,3,BRD-K33193182,methylnorlichexanthone,-0.464199,-14.184134,-13.678592,3,3,0,-9.442308,-13.678592,-14.184134,-90.000000,336,True,False,True,False,True,False
327,2,Tier 2 — Consistent reversal,3,BRD-K48059230,YM-298198,-11.752985,-14.460903,-13.347243,3,3,0,-13.187044,-13.347243,-14.460903,-90.000000,337,True,False,True,False,True,False
328,2,Tier 2 — Consistent reversal,3,BRD-K68341547,W-9,-0.986610,-13.177183,-48.258358,3,3,0,-20.807384,-13.177183,-48.258358,-90.000000,338,True,False,True,False,True,False
329,2,Tier 2 — Consistent reversal,3,BRD-K71731651,PNU-120596,-3.875969,-13.077063,-23.132885,3,3,0,-13.361972,-13.077063,-23.132885,-90.000000,339,True,False,True,False,True,False
330,2,Tier 2 — Consistent reversal,3,BRD-K00313977,BRD-K00313977,-3.220379,-13.046007,-15.848743,3,3,0,-10.705043,-13.046007,-15.848743,-90.000000,340,True,False,True,False,True,False
331,2,Tier 2 — Consistent reversal,3,BRD-K57080016,selumetinib,-0.986610,-13.033357,-26.820774,3,3,0,-13.613580,-13.033357,-26.820774,-90.000000,341,True,False,True,False,True,False
332,2,Tier 2 — Consistent reversal,3,BRD-A37837077,cyclazosin,-13.009496,-1.021846,-14.538468,3,3,0,-9.523270,-13.009496,-14.538468,-90.000000,342,True,False,True,False,True,False
333,2,Tier 2 — Consistent reversal,3,BRD-K35430135,SR-59230A,-12.853776,-25.260170,-1.338971,3,3,0,-13.150972,-12.853776,-25.260170,-90.000000,343,True,False,True,False,True,False
334,2,Tier 2 — Consistent reversal,3,BRD-A87606379,nadolol,-2.536998,-13.381566,-12.836651,3,3,0,-9.585072,-12.836651,-13.381566,-90.000000,344,True,False,True,False,True,False
335,2,Tier 2 — Consistent reversal,3,BRD-A80641450,FR-139317,-0.845666,-12.818225,-21.881973,3,3,0,-11.848621,-12.818225,-21.881973,-90.000000,345,True,False,True,False,True,False
336,2,Tier 2 — Consistent reversal,3,BRD-K18135438,chenodeoxycholic-acid,-12.403101,-18.583965,-2.959831,3,3,0,-11.315632,-12.403101,-18.583965,-90.000000,346,True,False,True,False,True,False
337,2,Tier 2 — Consistent reversal,3,BRD-A18620900,estriol,-3.953820,-12.397411,-22.592964,3,3,0,-12.981398,-12.397411,-22.592964,-90.000000,347,True,False,True,False,True,False
338,2,Tier 2 — Consistent reversal,3,BRD-K04010869,prostaglandin-a1,-1.127555,-12.389999,-28.559423,3,3,0,-14.025659,-12.389999,-28.559423,-90.000000,348,True,False,True,False,True,False
339,2,Tier 2 — Consistent reversal,3,BRD-K63954456,BRD-K63954456,-14.619130,-6.096643,-12.342458,3,3,0,-11.019410,-12.342458,-14.619130,-90.000000,349,True,False,True,False,True,False
340,2,Tier 2 — Consistent reversal,3,BRD-K99818283,PIK-90,-1.268499,-12.302413,-15.883277,3,3,0,-9.818063,-12.302413,-15.883277,-90.000000,350,True,False,True,False,True,False
341,2,Tier 2 — Consistent reversal,3,BRD-K87048468,RS-102221,-25.745722,-12.222409,-1.233263,3,3,0,-13.067131,-12.222409,-25.745722,-90.000000,351,True,False,True,False,True,False
342,2,Tier 2 — Consistent reversal,3,BRD-K22828899,TUL-XXI039,-9.114861,-23.666769,-11.903160,3,3,0,-14.894930,-11.903160,-23.666769,-90.000000,352,True,False,True,False,True,False
343,2,Tier 2 — Consistent reversal,3,BRD-A78303415,hyoscyamine,-11.666001,-5.461593,-14.947844,3,3,0,-10.691813,-11.666001,-14.947844,-90.000000,353,True,False,True,False,True,False
344,2,Tier 2 — Consistent reversal,3,BRD-A56892734,esomeprazole,-54.606840,-11.556303,-2.043693,3,3,0,-22.735612,-11.556303,-54.606840,-90.000000,354,True,False,True,False,True,False
345,2,Tier 2 — Consistent reversal,3,BRD-K63945320,dihydrosamidin,-61.922634,-11.459940,-6.297504,3,3,0,-26.560026,-11.459940,-61.922634,-90.000000,355,True,False,True,False,True,False
346,2,Tier 2 — Consistent reversal,3,BRD-A12016240,LY-278584,-1.162791,-23.849854,-11.232839,3,3,0,-12.081828,-11.232839,-23.849854,-90.000000,356,True,False,True,False,True,False
347,2,Tier 2 — Consistent reversal,3,BRD-K04853698,LDN-193189,-0.077463,-15.436676,-11.193589,3,3,0,-8.902576,-11.193589,-15.436676,-90.000000,357,True,False,True,False,True,False
348,2,Tier 2 — Consistent reversal,3,BRD-K20287671,SU-4312,-14.358621,-11.037466,-9.921326,3,3,0,-11.772471,-11.037466,-14.358621,-90.000000,358,True,False,True,False,True,False
349,2,Tier 2 — Consistent reversal,3,BRD-A42571354,cetirizine,-0.070472,-22.151243,-11.020118,3,3,0,-11.080611,-11.020118,-22.151243,-90.000000,359,True,False,True,False,True,False
350,2,Tier 2 — Consistent reversal,3,BRD-K20285085,fostamatinib,-0.775194,-11.014312,-21.788822,3,3,0,-11.192776,-11.014312,-21.788822,-90.000000,360,True,False,True,False,True,False
351,2,Tier 2 — Consistent reversal,3,BRD-A73368467,fexofenadine,-0.281889,-10.973228,-11.514895,3,3,0,-7.590004,-10.973228,-11.514895,-90.000000,361,True,False,True,False,True,False
352,2,Tier 2 — Consistent reversal,3,BRD-K16195444,oxymetazoline,-1.937984,-10.878237,-10.941659,3,3,0,-7.919293,-10.878237,-10.941659,-90.000000,362,True,False,True,False,True,False
353,2,Tier 2 — Consistent reversal,3,BRD-A33084410,5'-guanidinonaltrindole,-26.713211,-0.458069,-10.804523,3,3,0,-12.658601,-10.804523,-26.713211,-90.000000,363,True,False,True,False,True,False
354,2,Tier 2 — Consistent reversal,3,BRD-K19136521,indirubin-3-monoxime,-0.498513,-19.154495,-10.780946,3,3,0,-10.144651,-10.780946,-19.154495,-90.000000,364,True,False,True,False,True,False
355,2,Tier 2 — Consistent reversal,3,BRD-A42759514,ornidazole,-0.070472,-10.729706,-17.330334,3,3,0,-9.376837,-10.729706,-17.330334,-90.000000,365,True,False,True,False,True,False
356,2,Tier 2 — Consistent reversal,3,BRD-K48692744,NU-1025,-9.885911,-29.447258,-10.676533,3,3,0,-16.669901,-10.676533,-29.447258,-90.000000,366,True,False,True,False,True,False
357,2,Tier 2 — Consistent reversal,3,BRD-A36318220,necrostatin-1,-10.576480,-3.403516,-13.795343,3,3,0,-9.258446,-10.576480,-13.795343,-90.000000,367,True,False,True,False,True,False
358,2,Tier 2 — Consistent reversal,3,BRD-K35723520,darinaparsin,-0.190177,-13.327713,-10.510445,3,3,0,-8.009445,-10.510445,-13.327713,-90.000000,368,True,False,True,False,True,False
359,2,Tier 2 — Consistent reversal,3,BRD-K14204120,ranitidine,-1.550388,-10.462521,-11.990046,3,3,0,-8.000985,-10.462521,-11.990046,-90.000000,369,True,False,True,False,True,False
360,2,Tier 2 — Consistent reversal,3,BRD-K81916719,triclabendazole,-2.536998,-34.245327,-10.443499,3,3,0,-15.741941,-10.443499,-34.245327,-90.000000,370,True,False,True,False,True,False
361,2,Tier 2 — Consistent reversal,3,BRD-K32696739,noreleagnine,-0.634249,-19.274137,-10.416553,3,3,0,-10.108313,-10.416553,-19.274137,-90.000000,371,True,False,True,False,True,False
362,2,Tier 2 — Consistent reversal,3,BRD-K80451230,zamifenacin,-3.336862,-10.398222,-33.455620,3,3,0,-15.730235,-10.398222,-33.455620,-90.000000,372,True,False,True,False,True,False
363,2,Tier 2 — Consistent reversal,3,BRD-K31920458,mestranol,-0.199200,-15.287923,-10.282350,3,3,0,-8.589824,-10.282350,-15.287923,-90.000000,373,True,False,True,False,True,False
364,2,Tier 2 — Consistent reversal,3,BRD-A27887842,prednisolone,-0.352361,-11.571449,-10.235664,3,3,0,-7.386491,-10.235664,-11.571449,-90.000000,374,True,False,True,False,True,False
365,2,Tier 2 — Consistent reversal,3,BRD-K49456190,prima-1-met,-1.902748,-10.859811,-10.217801,3,3,0,-7.660120,-10.217801,-10.859811,-90.000000,375,True,False,True,False,True,False
366,2,Tier 2 — Consistent reversal,3,BRD-K04218075,clomifene,-0.070472,-10.192813,-18.766533,3,3,0,-9.676606,-10.192813,-18.766533,-90.000000,376,True,False,True,False,True,False
367,2,Tier 2 — Consistent reversal,3,BRD-K77695569,tiabendazole,-0.281889,-26.844849,-10.157458,3,3,0,-12.428065,-10.157458,-26.844849,-90.000000,377,True,False,True,False,True,False
368,2,Tier 2 — Consistent reversal,3,BRD-A71157293,fursultiamine,-9.957019,-5.254379,-13.954142,3,3,0,-9.721847,-9.957019,-13.954142,-90.000000,378,True,False,True,False,True,False
369,2,Tier 2 — Consistent reversal,3,BRD-A65449987,flunisolide,-1.832276,-9.925619,-39.384895,3,3,0,-17.047597,-9.925619,-39.384895,-90.000000,379,True,False,True,False,True,False
370,2,Tier 2 — Consistent reversal,3,BRD-K54462405,doxepin,-0.246653,-19.363598,-9.923738,3,3,0,-9.844663,-9.923738,-19.363598,-90.000000,380,True,False,True,False,True,False
371,2,Tier 2 — Consistent reversal,3,BRD-K04710043,hexamethylenebisacetamide,-0.863248,-9.752680,-23.044321,3,3,0,-11.220083,-9.752680,-23.044321,-90.000000,381,True,False,True,False,True,False
372,2,Tier 2 — Consistent reversal,3,BRD-A30590053,MR-16728,-0.705081,-34.168110,-9.710159,3,3,0,-14.861117,-9.710159,-34.168110,-90.000000,382,True,False,True,False,True,False
373,2,Tier 2 — Consistent reversal,3,BRD-K32247306,primidone,-1.484545,-9.584214,-13.406431,3,3,0,-8.158397,-9.584214,-13.406431,-90.000000,383,True,False,True,False,True,False
374,2,Tier 2 — Consistent reversal,3,BRD-A41995253,brucine,-0.352361,-20.868662,-9.475518,3,3,0,-10.232180,-9.475518,-20.868662,-90.000000,384,True,False,True,False,True,False
375,2,Tier 2 — Consistent reversal,3,BRD-A50684349,fenoldopam,-0.458069,-9.446781,-18.401314,3,3,0,-9.435388,-9.446781,-18.401314,-90.000000,385,True,False,True,False,True,False
376,2,Tier 2 — Consistent reversal,3,BRD-K89923877,scopolamine,-0.105708,-30.219748,-9.397966,3,3,0,-13.241141,-9.397966,-30.219748,-90.000000,386,True,False,True,False,True,False
377,2,Tier 2 — Consistent reversal,3,BRD-K68332390,ponalrestat,-33.503174,-9.385057,-1.409443,3,3,0,-14.765891,-9.385057,-33.503174,-90.000000,387,True,False,True,False,True,False
378,2,Tier 2 — Consistent reversal,3,BRD-K99174507,cardiogenol-c,-1.691332,-56.559334,-9.339630,3,3,0,-22.530099,-9.339630,-56.559334,-90.000000,388,True,False,True,False,True,False
379,2,Tier 2 — Consistent reversal,3,BRD-K55468218,spiperone,-0.281889,-29.854490,-9.332719,3,3,0,-13.156366,-9.332719,-29.854490,-90.000000,389,True,False,True,False,True,False
380,2,Tier 2 — Consistent reversal,3,BRD-K50214219,CS-1657,-18.957315,-5.842337,-9.308505,3,3,0,-11.369386,-9.308505,-18.957315,-90.000000,390,True,False,True,False,True,False
381,2,Tier 2 — Consistent reversal,3,BRD-K93658967,aloisine,-9.308266,-11.564771,-5.320648,3,3,0,-8.731228,-9.308266,-11.564771,-90.000000,391,True,False,True,False,True,False
382,2,Tier 2 — Consistent reversal,3,BRD-K38323065,phenacetin,-31.631142,-9.102650,-9.307935,3,3,0,-16.680576,-9.307935,-31.631142,-90.000000,392,True,False,True,False,True,False
383,2,Tier 2 — Consistent reversal,3,BRD-K18678457,ZD-7288,-9.230704,-21.758482,-2.114165,3,3,0,-11.034450,-9.230704,-21.758482,-90.000000,393,True,False,True,False,True,False
384,2,Tier 2 — Consistent reversal,3,BRD-K09635134,L-erythro-MAPP,-1.624795,-18.328423,-9.127342,3,3,0,-9.693520,-9.127342,-18.328423,-90.000000,394,True,False,True,False,True,False
385,2,Tier 2 — Consistent reversal,3,BRD-A60197193,amisulpride,-7.152925,-9.104758,-9.054271,3,3,0,-8.437318,-9.054271,-9.104758,-90.000000,395,True,False,True,False,True,False
386,2,Tier 2 — Consistent reversal,3,BRD-K21450440,benzthiazide,-0.140163,-27.125336,-8.960535,3,3,0,-12.075345,-8.960535,-27.125336,-90.000000,396,True,False,True,False,True,False
387,2,Tier 2 — Consistent reversal,3,BRD-K39915878,loxapine,-0.317125,-8.951166,-34.779903,3,3,0,-14.682731,-8.951166,-34.779903,-90.000000,397,True,False,True,False,True,False
388,2,Tier 2 — Consistent reversal,3,BRD-A87387433,cefpodoxime,-0.739958,-16.166328,-8.876680,3,3,0,-8.594322,-8.876680,-16.166328,-90.000000,398,True,False,True,False,True,False
389,2,Tier 2 — Consistent reversal,3,BRD-K27351809,nomegestrol-acetate,-1.740576,-8.865608,-14.262863,3,3,0,-8.289682,-8.865608,-14.262863,-90.000000,399,True,False,True,False,True,False
390,2,Tier 2 — Consistent reversal,3,BRD-K17823458,danoprevir,-8.511022,-10.097717,-4.093266,3,3,0,-7.567335,-8.511022,-10.097717,-90.000000,400,True,False,True,False,True,False
391,2,Tier 2 — Consistent reversal,3,BRD-A85025557,NCS-382,-2.396054,-9.261505,-8.409338,3,3,0,-6.688966,-8.409338,-9.261505,-90.000000,401,True,False,True,False,True,False
392,2,Tier 2 — Consistent reversal,3,BRD-A80793822,pemoline,-1.761804,-23.855093,-8.332139,3,3,0,-11.316345,-8.332139,-23.855093,-90.000000,402,True,False,True,False,True,False
393,2,Tier 2 — Consistent reversal,3,BRD-A07440155,labetalol,-0.028737,-10.806827,-8.260821,3,3,0,-6.365462,-8.260821,-10.806827,-90.000000,403,True,False,True,False,True,False
394,2,Tier 2 — Consistent reversal,3,BRD-K91733562,secoisolariciresinol,-2.184637,-8.029334,-19.182842,3,3,0,-9.798938,-8.029334,-19.182842,-90.000000,404,True,False,True,False,True,False
395,2,Tier 2 — Consistent reversal,3,BRD-K78959463,FPL-64176,-1.369436,-18.324192,-7.965750,3,3,0,-9.219793,-7.965750,-18.324192,-90.000000,405,True,False,True,False,True,False
396,2,Tier 2 — Consistent reversal,3,BRD-K19277754,paroxetine,-0.211417,-11.568109,-7.912635,3,3,0,-6.564053,-7.912635,-11.568109,-90.000000,406,True,False,True,False,True,False
397,2,Tier 2 — Consistent reversal,3,BRD-K29582115,ziprasidone,-6.677304,-28.143295,-7.836301,3,3,0,-14.218967,-7.836301,-28.143295,-90.000000,407,True,False,True,False,True,False
398,2,Tier 2 — Consistent reversal,3,BRD-A16444946,acarbose,-0.704722,-28.852951,-7.731301,3,3,0,-12.429658,-7.731301,-28.852951,-90.000000,408,True,False,True,False,True,False
399,2,Tier 2 — Consistent reversal,3,BRD-K63923597,barasertib-HQPA,-0.042677,-13.783743,-7.721090,3,3,0,-7.182503,-7.721090,-13.783743,-90.000000,409,True,False,True,False,True,False
400,2,Tier 2 — Consistent reversal,3,BRD-A79981887,midodrine,-0.105708,-18.945356,-7.577555,3,3,0,-8.876206,-7.577555,-18.945356,-90.000000,410,True,False,True,False,True,False
401,2,Tier 2 — Consistent reversal,3,BRD-K67511046,naloxone,-0.140944,-25.201134,-7.480270,3,3,0,-10.940783,-7.480270,-25.201134,-90.000000,411,True,False,True,False,True,False
402,2,Tier 2 — Consistent reversal,3,BRD-K75089421,procainamide,-0.035236,-21.946564,-7.133111,3,3,0,-9.704970,-7.133111,-21.946564,-90.000000,412,True,False,True,False,True,False
403,2,Tier 2 — Consistent reversal,3,BRD-K43887077,dopamine,-2.783650,-7.117415,-24.478298,3,3,0,-11.459788,-7.117415,-24.478298,-90.000000,413,True,False,True,False,True,False
404,2,Tier 2 — Consistent reversal,3,BRD-K70557564,zosuquidar,-2.115319,-11.002165,-6.945890,3,3,0,-6.687791,-6.945890,-11.002165,-90.000000,414,True,False,True,False,True,False
405,2,Tier 2 — Consistent reversal,3,BRD-K39983086,loteprednol,-0.634249,-6.885658,-29.205853,3,3,0,-12.241920,-6.885658,-29.205853,-90.000000,415,True,False,True,False,True,False
406,2,Tier 2 — Consistent reversal,3,BRD-K82746043,navitoclax,-0.563777,-26.469765,-6.873467,3,3,0,-11.302337,-6.873467,-26.469765,-90.000000,416,True,False,True,False,True,False
407,2,Tier 2 — Consistent reversal,3,BRD-K76205745,losartan,-0.140944,-6.800564,-18.416800,3,3,0,-8.452769,-6.800564,-18.416800,-90.000000,417,True,False,True,False,True,False
408,2,Tier 2 — Consistent reversal,3,BRD-K15502390,nevirapine,-6.714054,-42.020172,-4.840589,3,3,0,-17.858272,-6.714054,-42.020172,-90.000000,418,True,False,True,False,True,False
409,2,Tier 2 — Consistent reversal,3,BRD-A34751532,homosalate,-6.694856,-63.235043,-5.877579,3,3,0,-25.269159,-6.694856,-63.235043,-90.000000,419,True,False,True,False,True,False
410,2,Tier 2 — Consistent reversal,3,BRD-K76908866,CP-724714,-0.028026,-20.324330,-6.694856,3,3,0,-9.015737,-6.694856,-20.324330,-90.000000,420,True,False,True,False,True,False
411,2,Tier 2 — Consistent reversal,3,BRD-K92138166,mammea-a,-6.694583,-0.775194,-18.354614,3,3,0,-8.608130,-6.694583,-18.354614,-90.000000,421,True,False,True,False,True,False
412,2,Tier 2 — Consistent reversal,3,BRD-K49577446,flunisolide,-0.305077,-6.570120,-8.007929,3,3,0,-4.961042,-6.570120,-8.007929,-90.000000,422,True,False,True,False,True,False
413,2,Tier 2 — Consistent reversal,3,BRD-A75478957,PD-166793,-6.349758,-4.580691,-14.769991,3,3,0,-8.566813,-6.349758,-14.769991,-90.000000,423,True,False,True,False,True,False
414,2,Tier 2 — Consistent reversal,3,BRD-M41783010,acamprosate,-1.101382,-6.300859,-59.036920,3,3,0,-22.146387,-6.300859,-59.036920,-90.000000,424,True,False,True,False,True,False
415,2,Tier 2 — Consistent reversal,3,BRD-K71430621,clobenpropit,-0.033664,-40.338066,-6.109602,3,3,0,-15.493777,-6.109602,-40.338066,-90.000000,425,True,False,True,False,True,False
416,2,Tier 2 — Consistent reversal,3,BRD-K07117950,imperatorin,-4.545454,-13.379837,-6.095842,3,3,0,-8.007045,-6.095842,-13.379837,-90.000000,426,True,False,True,False,True,False
417,2,Tier 2 — Consistent reversal,3,BRD-A60571864,budesonide,-0.105708,-20.022762,-6.076979,3,3,0,-8.735150,-6.076979,-20.022762,-90.000000,427,True,False,True,False,True,False
418,2,Tier 2 — Consistent reversal,3,BRD-K17110974,aristolochic-acid,-0.528541,-5.956943,-7.371377,3,3,0,-4.618954,-5.956943,-7.371377,-90.000000,428,True,False,True,False,True,False
419,2,Tier 2 — Consistent reversal,3,BRD-K63151507,MNITMT,-0.951374,-6.507770,-5.946446,3,3,0,-4.468530,-5.946446,-6.507770,-90.000000,429,True,False,True,False,True,False
420,2,Tier 2 — Consistent reversal,3,BRD-K99451608,lopinavir,-4.519183,-64.136940,-5.884426,3,3,0,-24.846849,-5.884426,-64.136940,-90.000000,430,True,False,True,False,True,False
421,2,Tier 2 — Consistent reversal,3,BRD-K23369905,oxiconazole,-1.581956,-5.826497,-18.390210,3,3,0,-8.599554,-5.826497,-18.390210,-90.000000,431,True,False,True,False,True,False
422,2,Tier 2 — Consistent reversal,3,BRD-K97061094,azacyclonol,-0.951374,-18.948906,-5.694738,3,3,0,-8.531673,-5.694738,-18.948906,-90.000000,432,True,False,True,False,True,False
423,2,Tier 2 — Consistent reversal,3,BRD-K81169441,cerivastatin,-7.339175,-4.249021,-5.673009,3,3,0,-5.753735,-5.673009,-7.339175,-90.000000,433,True,False,True,False,True,False
424,2,Tier 2 — Consistent reversal,3,BRD-K33572481,taurodeoxycholic-acid,-5.572911,-32.672960,-3.347428,3,3,0,-13.864433,-5.572911,-32.672960,-90.000000,434,True,False,True,False,True,False
425,2,Tier 2 — Consistent reversal,3,BRD-A51714012,venlafaxine,-9.251589,-5.425160,-2.485295,3,3,0,-5.720682,-5.425160,-9.251589,-90.000000,435,True,False,True,False,True,False
426,2,Tier 2 — Consistent reversal,3,BRD-K69763916,LY-341495,-0.458069,-5.883958,-5.240237,3,3,0,-3.860755,-5.240237,-5.883958,-90.000000,436,True,False,True,False,True,False
427,2,Tier 2 — Consistent reversal,3,BRD-A80017228,bendroflumethiazide,-0.028480,-9.727403,-4.862579,3,3,0,-4.872821,-4.862579,-9.727403,-90.000000,437,True,False,True,False,True,False
428,2,Tier 2 — Consistent reversal,3,BRD-A54236247,ephedrine-(racemic),-4.729257,-2.997605,-6.318149,3,3,0,-4.681670,-4.729257,-6.318149,-90.000000,438,True,False,True,False,True,False
429,2,Tier 2 — Consistent reversal,3,BRD-A77299732,salubrinal,-2.149401,-4.721911,-13.145877,3,3,0,-6.672396,-4.721911,-13.145877,-90.000000,439,True,False,True,False,True,False
430,2,Tier 2 — Consistent reversal,3,BRD-K32795028,1-benzylimidazole,-0.880902,-80.626370,-4.712332,3,3,0,-28.739868,-4.712332,-80.626370,-90.000000,440,True,False,True,False,True,False
431,2,Tier 2 — Consistent reversal,3,BRD-K32398298,alprazolam,-4.030535,-23.497576,-4.574969,3,3,0,-10.701027,-4.574969,-23.497576,-90.000000,441,True,False,True,False,True,False
432,2,Tier 2 — Consistent reversal,3,BRD-K30240666,clemastine,-0.176180,-4.496823,-5.175590,3,3,0,-3.282865,-4.496823,-5.175590,-90.000000,442,True,False,True,False,True,False
433,2,Tier 2 — Consistent reversal,3,BRD-K60511616,pravastatin,-0.317125,-26.212505,-4.474982,3,3,0,-10.334871,-4.474982,-26.212505,-90.000000,443,True,False,True,False,True,False
434,2,Tier 2 — Consistent reversal,3,BRD-K81209512,AG-494,-4.434355,-10.792690,-3.417900,3,3,0,-6.214982,-4.434355,-10.792690,-90.000000,444,True,False,True,False,True,False
435,2,Tier 2 — Consistent reversal,3,BRD-K88568253,iproniazid,-2.352598,-22.940119,-4.298802,3,3,0,-9.863840,-4.298802,-22.940119,-90.000000,445,True,False,True,False,True,False
436,2,Tier 2 — Consistent reversal,3,BRD-A03216249,mepivacaine,-4.228330,-8.787447,-1.130045,3,3,0,-4.715274,-4.228330,-8.787447,-90.000000,446,True,False,True,False,True,False
437,2,Tier 2 — Consistent reversal,3,BRD-K14965640,ibuprofen-(S),-0.905265,-44.165680,-4.034568,3,3,0,-16.368504,-4.034568,-44.165680,-90.000000,447,True,False,True,False,True,False
438,2,Tier 2 — Consistent reversal,3,BRD-K30197592,5-methoxytryptamine,-4.016913,-2.360817,-19.323694,3,3,0,-8.567142,-4.016913,-19.323694,-90.000000,448,True,False,True,False,True,False
439,2,Tier 2 — Consistent reversal,3,BRD-U82589721,HG-5-113-01,-3.023195,-6.871036,-3.950710,3,3,0,-4.614980,-3.950710,-6.871036,-90.000000,449,True,False,True,False,True,False
440,2,Tier 2 — Consistent reversal,3,BRD-K83597974,pargyline,-1.829230,-3.864361,-18.930563,3,3,0,-8.208051,-3.864361,-18.930563,-90.000000,450,True,False,True,False,True,False
441,2,Tier 2 — Consistent reversal,3,BRD-K16554956,PTB1,-0.951374,-3.855321,-17.302746,3,3,0,-7.369814,-3.855321,-17.302746,-90.000000,451,True,False,True,False,True,False
442,2,Tier 2 — Consistent reversal,3,BRD-A02759312,betaxolol,-1.902748,-7.713075,-3.699789,3,3,0,-4.438537,-3.699789,-7.713075,-90.000000,452,True,False,True,False,True,False
443,2,Tier 2 — Consistent reversal,3,BRD-K53061490,ozagrel,-0.028287,-3.592205,-26.293758,3,3,0,-9.971417,-3.592205,-26.293758,-90.000000,453,True,False,True,False,True,False
444,2,Tier 2 — Consistent reversal,3,BRD-K11540476,EMF-BCA1-64,-0.775194,-15.317196,-3.558844,3,3,0,-6.550411,-3.558844,-15.317196,-90.000000,454,True,False,True,False,True,False
445,2,Tier 2 — Consistent reversal,3,BRD-A41304429,practolol,-0.528541,-28.036680,-3.524417,3,3,0,-10.696546,-3.524417,-28.036680,-90.000000,455,True,False,True,False,True,False
446,2,Tier 2 — Consistent reversal,3,BRD-K62810658,PD-98059,-0.422833,-3.488372,-25.219040,3,3,0,-9.710082,-3.488372,-25.219040,-90.000000,456,True,False,True,False,True,False
447,2,Tier 2 — Consistent reversal,3,BRD-K59197931,naproxen,-15.772676,-2.649660,-3.453136,3,3,0,-7.291824,-3.453136,-15.772676,-90.000000,457,True,False,True,False,True,False
448,2,Tier 2 — Consistent reversal,3,BRD-K06221026,DUP-697,-1.937984,-5.178769,-3.403794,3,3,0,-3.506849,-3.403794,-5.178769,-90.000000,458,True,False,True,False,True,False
449,2,Tier 2 — Consistent reversal,3,BRD-K78278890,NM-PP1,-2.341226,-3.370225,-3.911205,3,3,0,-3.207552,-3.370225,-3.911205,-90.000000,459,True,False,True,False,True,False
450,2,Tier 2 — Consistent reversal,3,BRD-A49172652,lansoprazole,-0.065247,-27.459686,-3.347428,3,3,0,-10.290787,-3.347428,-27.459686,-90.000000,460,True,False,True,False,True,False
451,2,Tier 2 — Consistent reversal,3,BRD-K21565985,xylazine,-1.691332,-3.243056,-41.327095,3,3,0,-15.420494,-3.243056,-41.327095,-90.000000,461,True,False,True,False,True,False
452,2,Tier 2 — Consistent reversal,3,BRD-K43764301,dexketoprofen,-2.818887,-3.126845,-15.281195,3,3,0,-7.075642,-3.126845,-15.281195,-90.000000,462,True,False,True,False,True,False
453,2,Tier 2 — Consistent reversal,3,BRD-A26384407,chlorthalidone,-0.105708,-3.107218,-3.542242,3,3,0,-2.251723,-3.107218,-3.542242,-90.000000,463,True,False,True,False,True,False
454,2,Tier 2 — Consistent reversal,3,BRD-K12932420,YM-976,-1.546496,-3.761257,-3.030303,3,3,0,-2.779352,-3.030303,-3.761257,-90.000000,464,True,False,True,False,True,False
455,2,Tier 2 — Consistent reversal,3,BRD-K46937689,phenazone,-0.281889,-13.856799,-3.029123,3,3,0,-5.722604,-3.029123,-13.856799,-90.000000,465,True,False,True,False,True,False
456,2,Tier 2 — Consistent reversal,3,BRD-K01253243,SB-590885,-42.173264,-1.620860,-2.681111,3,3,0,-15.491745,-2.681111,-42.173264,-90.000000,466,True,False,True,False,True,False
457,2,Tier 2 — Consistent reversal,3,BRD-K17894950,indirubin,-0.599013,-5.864889,-2.675087,3,3,0,-3.046330,-2.675087,-5.864889,-90.000000,467,True,False,True,False,True,False
458,2,Tier 2 — Consistent reversal,3,BRD-K90333595,phentolamine,-0.246653,-12.187764,-2.501762,3,3,0,-4.978726,-2.501762,-12.187764,-90.000000,468,True,False,True,False,True,False
459,2,Tier 2 — Consistent reversal,3,BRD-K03557653,sappanone-a,-0.775194,-5.954838,-2.501762,3,3,0,-3.077265,-2.501762,-5.954838,-90.000000,469,True,False,True,False,True,False
460,2,Tier 2 — Consistent reversal,3,BRD-A94756469,digoxin,-2.491618,-8.538326,-0.916138,3,3,0,-3.982027,-2.491618,-8.538326,-90.000000,470,True,False,True,False,True,False
461,2,Tier 2 — Consistent reversal,3,BRD-A29644307,nomifensine,-2.432513,-15.169184,-1.920936,3,3,0,-6.507544,-2.432513,-15.169184,-90.000000,471,True,False,True,False,True,False
462,2,Tier 2 — Consistent reversal,3,BRD-A33168282,sotalol,-0.422833,-2.431290,-3.284186,3,3,0,-2.046103,-2.431290,-3.284186,-90.000000,472,True,False,True,False,True,False
463,2,Tier 2 — Consistent reversal,3,BRD-K04111260,raclopride,-0.176180,-2.386272,-5.810175,3,3,0,-2.790876,-2.386272,-5.810175,-90.000000,473,True,False,True,False,True,False
464,2,Tier 2 — Consistent reversal,3,BRD-K53123955,niridazole,-0.387597,-13.515702,-2.360817,3,3,0,-5.421372,-2.360817,-13.515702,-90.000000,474,True,False,True,False,True,False
465,2,Tier 2 — Consistent reversal,3,BRD-K10042277,desmethylclozapine,-0.704722,-2.325581,-3.945267,3,3,0,-2.325190,-2.325581,-3.945267,-90.000000,475,True,False,True,False,True,False
466,2,Tier 2 — Consistent reversal,3,BRD-K13032584,procarbazine,-0.009607,-8.236534,-2.219873,3,3,0,-3.488671,-2.219873,-8.236534,-90.000000,476,True,False,True,False,True,False
467,2,Tier 2 — Consistent reversal,3,BRD-A31227688,kynuramine,-1.726568,-71.302460,-2.184637,3,3,0,-25.071222,-2.184637,-71.302460,-90.000000,477,True,False,True,False,True,False
468,2,Tier 2 — Consistent reversal,3,BRD-K40901640,cinanserin,-0.246653,-2.149401,-12.168979,3,3,0,-4.855011,-2.149401,-12.168979,-90.000000,478,True,False,True,False,True,False
469,2,Tier 2 — Consistent reversal,3,BRD-K36638830,anabasine,-1.656096,-28.719646,-2.078929,3,3,0,-10.818224,-2.078929,-28.719646,-90.000000,479,True,False,True,False,True,False
470,2,Tier 2 — Consistent reversal,3,BRD-K53972329,ruxolitinib,-0.422833,-2.018300,-2.456859,3,3,0,-1.632664,-2.018300,-2.456859,-90.000000,480,True,False,True,False,True,False
471,2,Tier 2 — Consistent reversal,3,BRD-A28856712,tetrahydrozoline,-0.880902,-2.008457,-24.070486,3,3,0,-8.986615,-2.008457,-24.070486,-90.000000,481,True,False,True,False,True,False
472,2,Tier 2 — Consistent reversal,3,BRD-A22707317,SB-205384,-1.943212,-1.761804,-2.255109,3,3,0,-1.986709,-1.943212,-2.255109,-90.000000,482,True,False,True,False,True,False
473,2,Tier 2 — Consistent reversal,3,BRD-K87049188,fusaric-acid,-19.109642,-1.933463,-1.338971,3,3,0,-7.460692,-1.933463,-19.109642,-90.000000,483,True,False,True,False,True,False
474,2,Tier 2 — Consistent reversal,3,BRD-K67043667,altretamine,-0.352361,-2.008457,-1.902748,3,3,0,-1.421189,-1.902748,-2.008457,-90.000000,484,True,False,True,False,True,False
475,2,Tier 2 — Consistent reversal,3,BRD-K56614220,clofazimine,-0.070472,-2.106664,-1.902748,3,3,0,-1.359962,-1.902748,-2.106664,-90.000000,485,True,False,True,False,True,False
476,2,Tier 2 — Consistent reversal,3,BRD-K74133369,oligomycin-a,-7.457300,-1.797040,-1.268499,3,3,0,-3.507613,-1.797040,-7.457300,-90.000000,486,True,False,True,False,True,False
477,2,Tier 2 — Consistent reversal,3,BRD-K92049597,triamterene,-0.387597,-1.691332,-38.992195,3,3,0,-13.690375,-1.691332,-38.992195,-90.000000,487,True,False,True,False,True,False
478,2,Tier 2 — Consistent reversal,3,BRD-K03319035,maprotiline,-0.845666,-16.991045,-1.620860,3,3,0,-6.485857,-1.620860,-16.991045,-90.000000,488,True,False,True,False,True,False
479,2,Tier 2 — Consistent reversal,3,BRD-A17655518,ibuprofen,-0.528541,-1.444679,-3.461138,3,3,0,-1.811453,-1.444679,-3.461138,-90.000000,489,True,False,True,False,True,False
480,2,Tier 2 — Consistent reversal,3,BRD-K63913457,eicosatrienoic-acid,-12.478835,-0.845666,-1.374207,3,3,0,-4.899569,-1.374207,-12.478835,-90.000000,490,True,False,True,False,True,False
481,2,Tier 2 — Consistent reversal,3,BRD-K40624912,ZM-39923,-1.338971,-24.799952,-1.198027,3,3,0,-9.112317,-1.338971,-24.799952,-90.000000,491,True,False,True,False,True,False
482,2,Tier 2 — Consistent reversal,3,BRD-K31792052,pifithrin,-1.303735,-39.911304,-0.845666,3,3,0,-14.020235,-1.303735,-39.911304,-90.000000,492,True,False,True,False,True,False
483,2,Tier 2 — Consistent reversal,3,BRD-K60274257,dephostatin,-0.140944,-1.303735,-1.303735,3,3,0,-0.916138,-1.303735,-1.303735,-90.000000,493,True,False,True,False,True,False
484,2,Tier 2 — Consistent reversal,3,BRD-K98490050,amsacrine,-19.323400,-1.268499,-1.057082,3,3,0,-7.216327,-1.268499,-19.323400,-90.000000,494,True,False,True,False,True,False
485,2,Tier 2 — Consistent reversal,3,BRD-K23583188,lavendustin-a,-1.479915,-0.599013,-1.233263,3,3,0,-1.104064,-1.233263,-1.479915,-90.000000,495,True,False,True,False,True,False
486,2,Tier 2 — Consistent reversal,3,BRD-K69690935,curcumin,-1.198027,-3.472203,-0.387597,3,3,0,-1.685942,-1.198027,-3.472203,-90.000000,496,True,False,True,False,True,False
487,2,Tier 2 — Consistent reversal,3,BRD-A70268693,PG-9,-1.162791,-11.596447,-1.092318,3,3,0,-4.617185,-1.162791,-11.596447,-90.000000,497,True,False,True,False,True,False
488,2,Tier 2 — Consistent reversal,3,BRD-A84045418,calpeptin,-3.180014,-0.810430,-1.091988,3,3,0,-1.694144,-1.091988,-3.180014,-90.000000,498,True,False,True,False,True,False
489,2,Tier 2 — Consistent reversal,3,BRD-K89210380,biotin,-0.845666,-1.233263,-1.021846,3,3,0,-1.033592,-1.021846,-1.233263,-90.000000,499,True,False,True,False,True,False
490,2,Tier 2 — Consistent reversal,3,BRD-K79116891,proxymetacaine,-0.880902,-6.888521,-0.997629,3,3,0,-2.922350,-0.997629,-6.888521,-90.000000,500,True,False,True,False,True,False
491,2,Tier 2 — Consistent reversal,3,BRD-K01192156,tyrphostin-AG-112,-72.906950,-0.986610,-0.970951,3,3,0,-24.954837,-0.986610,-72.906950,-90.000000,501,True,False,True,False,True,False
492,2,Tier 2 — Consistent reversal,3,BRD-A13084692,troglitazone,-0.986610,-0.563777,-3.604356,3,3,0,-1.718248,-0.986610,-3.604356,-90.000000,502,True,False,True,False,True,False
493,2,Tier 2 — Consistent reversal,3,BRD-K44442813,pidotimod,-0.816573,-15.768085,-0.951374,3,3,0,-5.845344,-0.951374,-15.768085,-90.000000,503,True,False,True,False,True,False
494,2,Tier 2 — Consistent reversal,3,BRD-A15131297,benazepril,-0.422833,-0.880902,-12.412520,3,3,0,-4.572085,-0.880902,-12.412520,-90.000000,504,True,False,True,False,True,False
495,2,Tier 2 — Consistent reversal,3,BRD-K65285700,GP-1a,-0.739556,-0.853048,-27.417057,3,3,0,-9.669887,-0.853048,-27.417057,-90.000000,505,True,False,True,False,True,False
496,2,Tier 2 — Consistent reversal,3,BRD-A20527803,IB-MECA,-9.279743,-0.669486,-0.845666,3,3,0,-3.598298,-0.845666,-9.279743,-90.000000,506,True,False,True,False,True,False
497,2,Tier 2 — Consistent reversal,3,BRD-A02006392,nitrendipine,-0.176180,-0.845666,-1.726568,3,3,0,-0.916138,-0.845666,-1.726568,-90.000000,507,True,False,True,False,True,False
498,2,Tier 2 — Consistent reversal,3,BRD-K71726959,BRD-K71726959,-0.105708,-3.488372,-0.669486,3,3,0,-1.421189,-0.669486,-3.488372,-90.000000,508,True,False,True,False,True,False
499,2,Tier 2 — Consistent reversal,3,BRD-K21733600,rofecoxib,-0.366735,-1.515151,-0.669486,3,3,0,-0.850457,-0.669486,-1.515151,-90.000000,509,True,False,True,False,True,False
500,2,Tier 2 — Consistent reversal,3,BRD-K52219182,ICI-63197,-0.493305,-0.634249,-1.021846,3,3,0,-0.716467,-0.634249,-1.021846,-90.000000,510,True,False,True,False,True,False
501,2,Tier 2 — Consistent reversal,3,BRD-K31542390,mycophenolic-acid,-0.317125,-6.129409,-0.387597,3,3,0,-2.278044,-0.387597,-6.129409,-90.000000,511,True,False,True,False,True,False
502,2,Tier 2 — Consistent reversal,3,BRD-K50311478,tosyl-phenylalanyl-chloromethyl-ketone,-0.211417,-0.317125,-45.972115,3,3,0,-15.500219,-0.317125,-45.972115,-90.000000,512,True,False,True,False,True,False
503,2,Tier 2 — Consistent reversal,3,BRD-A41451487,PK-11195,-0.070472,-0.317125,-0.422833,3,3,0,-0.270143,-0.317125,-0.422833,-90.000000,513,True,False,True,False,True,False
504,2,Tier 2 — Consistent reversal,3,BRD-K30867024,SB-216641,-0.247042,-0.140944,-0.951374,3,3,0,-0.446454,-0.247042,-0.951374,-90.000000,514,True,False,True,False,True,False
