priority_rank,priority_tier_number,priority_tier,cross_signature_consistency_score,pert_id,pert_iname,ATLAS_SIG_A_TOP150,ATLAS_SIG_B_TOP100,ATLAS_SIG_B_TOP150,n_signatures,n_negative,n_strong_negative,mean_tau,median_tau,minimum_tau,strong_negative_threshold,consensus_rank,A_TOP150_negative,A_TOP150_strong_negative,B_TOP100_negative,B_TOP100_strong_negative,B_TOP150_negative,B_TOP150_strong_negative,pubchem_cid,pubchem_title,molecular_formula,molecular_weight,canonical_smiles,isomeric_smiles,inchi,inchikey,pubchem_status,compound_classification,classification_reason,regulatory_status,regulatory_source,regulatory_verification_date,has_pubchem_identity,has_structure,multi_signature_negative,strong_cmap_support,downstream_status
8,2,Tier 2 — Consistent reversal,4,BRD-K98372770,L-2167,-4.334038,-95.151430,-85.649376,3,3,1,-61.711615,-85.649376,-95.151430,-90.000000,8,True,False,True,True,True,False,,,,,,,,,not_found,manual_identity_review,No confident PubChem identity was found from the CMap perturbagen name.,NOT_VERIFIED,,,False,False,True,True,MANUAL_IDENTITY_REVIEW
26,2,Tier 2 — Consistent reversal,3,BRD-K23875128,RHO-kinase-inhibitor-III[rockout],-39.115660,-75.695680,-82.661640,3,3,0,-65.824327,-75.695680,-82.661640,-90.000000,36,True,False,True,False,True,False,,,,,,,,,not_found,manual_identity_review,No confident PubChem identity was found from the CMap perturbagen name.,NOT_VERIFIED,,,False,False,True,False,MANUAL_IDENTITY_REVIEW
49,2,Tier 2 — Consistent reversal,3,BRD-K40213712,SAL-1,-3.888400,-63.043133,-60.775375,3,3,0,-42.568969,-60.775375,-63.043133,-90.000000,59,True,False,True,False,True,False,,,,,,,,,not_found,manual_identity_review,No confident PubChem identity was found from the CMap perturbagen name.,NOT_VERIFIED,,,False,False,True,False,MANUAL_IDENTITY_REVIEW
109,2,Tier 2 — Consistent reversal,3,BRD-A82096673,KU-C103428N,-36.451416,-48.500320,-45.783127,3,3,0,-43.578288,-45.783127,-48.500320,-90.000000,119,True,False,True,False,True,False,,,,,,,,,not_found,manual_identity_review,No confident PubChem identity was found from the CMap perturbagen name.,NOT_VERIFIED,,,False,False,True,False,MANUAL_IDENTITY_REVIEW
118,2,Tier 2 — Consistent reversal,3,BRD-K32584078,BML-257,-3.946441,-43.091830,-43.417810,3,3,0,-30.152027,-43.091830,-43.417810,-90.000000,128,True,False,True,False,True,False,,,,,,,,,not_found,manual_identity_review,No confident PubChem identity was found from the CMap perturbagen name.,NOT_VERIFIED,,,False,False,True,False,MANUAL_IDENTITY_REVIEW
148,2,Tier 2 — Consistent reversal,3,BRD-K96134740,kitasamycin,-13.241172,-64.564070,-36.098610,3,3,0,-37.967951,-36.098610,-64.564070,-90.000000,158,True,False,True,False,True,False,,,,,,,,,not_found,manual_identity_review,No confident PubChem identity was found from the CMap perturbagen name.,NOT_VERIFIED,,,False,False,True,False,MANUAL_IDENTITY_REVIEW
155,2,Tier 2 — Consistent reversal,3,BRD-K07888196,tyrphostin-AG-538,-23.730103,-34.374477,-58.618176,3,3,0,-38.907585,-34.374477,-58.618176,-90.000000,165,True,False,True,False,True,False,,,,,,,,,not_found,manual_identity_review,No confident PubChem identity was found from the CMap perturbagen name.,NOT_VERIFIED,,,False,False,True,False,MANUAL_IDENTITY_REVIEW
192,2,Tier 2 — Consistent reversal,3,BRD-A48570745,ivermectin,-29.961630,-28.742260,-28.262648,3,3,0,-28.988846,-28.742260,-29.961630,-90.000000,202,True,False,True,False,True,False,,,,,,,,,not_found,manual_identity_review,No confident PubChem identity was found from the CMap perturbagen name.,NOT_VERIFIED,,,False,False,True,False,MANUAL_IDENTITY_REVIEW
255,2,Tier 2 — Consistent reversal,3,BRD-K35377380,I-OMe-AG-538,-20.671190,-3.235872,-28.822933,3,3,0,-17.576665,-20.671190,-28.822933,-90.000000,265,True,False,True,False,True,False,,,,,,,,,not_found,manual_identity_review,No confident PubChem identity was found from the CMap perturbagen name.,NOT_VERIFIED,,,False,False,True,False,MANUAL_IDENTITY_REVIEW
271,2,Tier 2 — Consistent reversal,3,BRD-K61737877,VEGF-receptor-2-kinase-inhibitor-IV,-41.095596,-19.329592,-15.621565,3,3,0,-25.348918,-19.329592,-41.095596,-90.000000,281,True,False,True,False,True,False,,,,,,,,,not_found,manual_identity_review,No confident PubChem identity was found from the CMap perturbagen name.,NOT_VERIFIED,,,False,False,True,False,MANUAL_IDENTITY_REVIEW
277,2,Tier 2 — Consistent reversal,3,BRD-A20239487,atenolol-(+/-),-18.498348,-9.315193,-19.777353,3,3,0,-15.863631,-18.498348,-19.777353,-90.000000,287,True,False,True,False,True,False,,,,,,,,,not_found,manual_identity_review,No confident PubChem identity was found from the CMap perturbagen name.,NOT_VERIFIED,,,False,False,True,False,MANUAL_IDENTITY_REVIEW
281,2,Tier 2 — Consistent reversal,3,BRD-K24538644,KU-C104502N,-45.365192,-12.755462,-18.196653,3,3,0,-25.439102,-18.196653,-45.365192,-90.000000,291,True,False,True,False,True,False,,,,,,,,,not_found,manual_identity_review,No confident PubChem identity was found from the CMap perturbagen name.,NOT_VERIFIED,,,False,False,True,False,MANUAL_IDENTITY_REVIEW
298,2,Tier 2 — Consistent reversal,3,BRD-K16977723,PP-3,-16.185818,-17.984653,-6.344736,3,3,0,-13.505069,-16.185818,-17.984653,-90.000000,308,True,False,True,False,True,False,,,,,,,,,not_found,manual_identity_review,No confident PubChem identity was found from the CMap perturbagen name.,NOT_VERIFIED,,,False,False,True,False,MANUAL_IDENTITY_REVIEW
328,2,Tier 2 — Consistent reversal,3,BRD-K68341547,W-9,-0.986610,-13.177183,-48.258358,3,3,0,-20.807384,-13.177183,-48.258358,-90.000000,338,True,False,True,False,True,False,,,,,,,,,not_found,manual_identity_review,No confident PubChem identity was found from the CMap perturbagen name.,NOT_VERIFIED,,,False,False,True,False,MANUAL_IDENTITY_REVIEW
338,2,Tier 2 — Consistent reversal,3,BRD-K04010869,prostaglandin-a1,-1.127555,-12.389999,-28.559423,3,3,0,-14.025659,-12.389999,-28.559423,-90.000000,348,True,False,True,False,True,False,,,,,,,,,not_found,manual_identity_review,No confident PubChem identity was found from the CMap perturbagen name.,NOT_VERIFIED,,,False,False,True,False,MANUAL_IDENTITY_REVIEW
342,2,Tier 2 — Consistent reversal,3,BRD-K22828899,TUL-XXI039,-9.114861,-23.666769,-11.903160,3,3,0,-14.894930,-11.903160,-23.666769,-90.000000,352,True,False,True,False,True,False,,,,,,,,,not_found,manual_identity_review,No confident PubChem identity was found from the CMap perturbagen name.,NOT_VERIFIED,,,False,False,True,False,MANUAL_IDENTITY_REVIEW
383,2,Tier 2 — Consistent reversal,3,BRD-K18678457,ZD-7288,-9.230704,-21.758482,-2.114165,3,3,0,-11.034450,-9.230704,-21.758482,-90.000000,393,True,False,True,False,True,False,,,,,,,,,not_found,manual_identity_review,No confident PubChem identity was found from the CMap perturbagen name.,NOT_VERIFIED,,,False,False,True,False,MANUAL_IDENTITY_REVIEW
384,2,Tier 2 — Consistent reversal,3,BRD-K09635134,L-erythro-MAPP,-1.624795,-18.328423,-9.127342,3,3,0,-9.693520,-9.127342,-18.328423,-90.000000,394,True,False,True,False,True,False,,,,,,,,,not_found,manual_identity_review,No confident PubChem identity was found from the CMap perturbagen name.,NOT_VERIFIED,,,False,False,True,False,MANUAL_IDENTITY_REVIEW
411,2,Tier 2 — Consistent reversal,3,BRD-K92138166,mammea-a,-6.694583,-0.775194,-18.354614,3,3,0,-8.608130,-6.694583,-18.354614,-90.000000,421,True,False,True,False,True,False,,,,,,,,,not_found,manual_identity_review,No confident PubChem identity was found from the CMap perturbagen name.,NOT_VERIFIED,,,False,False,True,False,MANUAL_IDENTITY_REVIEW
441,2,Tier 2 — Consistent reversal,3,BRD-K16554956,PTB1,-0.951374,-3.855321,-17.302746,3,3,0,-7.369814,-3.855321,-17.302746,-90.000000,451,True,False,True,False,True,False,,,,,,,,,not_found,manual_identity_review,No confident PubChem identity was found from the CMap perturbagen name.,NOT_VERIFIED,,,False,False,True,False,MANUAL_IDENTITY_REVIEW
444,2,Tier 2 — Consistent reversal,3,BRD-K11540476,EMF-BCA1-64,-0.775194,-15.317196,-3.558844,3,3,0,-6.550411,-3.558844,-15.317196,-90.000000,454,True,False,True,False,True,False,,,,,,,,,not_found,manual_identity_review,No confident PubChem identity was found from the CMap perturbagen name.,NOT_VERIFIED,,,False,False,True,False,MANUAL_IDENTITY_REVIEW
491,2,Tier 2 — Consistent reversal,3,BRD-K01192156,tyrphostin-AG-112,-72.906950,-0.986610,-0.970951,3,3,0,-24.954837,-0.986610,-72.906950,-90.000000,501,True,False,True,False,True,False,,,,,,,,,not_found,manual_identity_review,No confident PubChem identity was found from the CMap perturbagen name.,NOT_VERIFIED,,,False,False,True,False,MANUAL_IDENTITY_REVIEW
521,3,Tier 3 — Partial reversal,2,BRD-K47328134,lysylphenylalanyl-tyrosine,0.000000,-88.278960,-79.226550,3,2,0,-55.835170,-79.226550,-88.278960,-90.000000,521,False,False,True,False,True,False,,,,,,,,,not_found,manual_identity_review,No confident PubChem identity was found from the CMap perturbagen name.,NOT_VERIFIED,,,False,False,True,False,MANUAL_IDENTITY_REVIEW
523,3,Tier 3 — Partial reversal,2,BRD-A14985772,L-ascorbyl-6-palmitate,0.000000,-77.968750,-83.937530,3,2,0,-53.968760,-77.968750,-83.937530,-90.000000,523,False,False,True,False,True,False,,,,,,,,,not_found,manual_identity_review,No confident PubChem identity was found from the CMap perturbagen name.,NOT_VERIFIED,,,False,False,True,False,MANUAL_IDENTITY_REVIEW
527,3,Tier 3 — Partial reversal,2,BRD-K55991774,BAS-09104376,0.000000,-75.299180,-76.458496,3,2,0,-50.585892,-75.299180,-76.458496,-90.000000,527,False,False,True,False,True,False,,,,,,,,,not_found,manual_identity_review,No confident PubChem identity was found from the CMap perturbagen name.,NOT_VERIFIED,,,False,False,True,False,MANUAL_IDENTITY_REVIEW
528,3,Tier 3 — Partial reversal,2,BRD-K94070024,depomedrol,0.000000,-74.272580,-88.007034,3,2,0,-54.093205,-74.272580,-88.007034,-90.000000,528,False,False,True,False,True,False,,,,,,,,,not_found,manual_identity_review,No confident PubChem identity was found from the CMap perturbagen name.,NOT_VERIFIED,,,False,False,True,False,MANUAL_IDENTITY_REVIEW
599,3,Tier 3 — Partial reversal,2,BRD-K17349619,HLI-373,1.550388,-45.576640,-59.431763,3,2,0,-34.486005,-45.576640,-59.431763,-90.000000,599,False,False,True,False,True,False,,,,,,,,,not_found,manual_identity_review,No confident PubChem identity was found from the CMap perturbagen name.,NOT_VERIFIED,,,False,False,True,False,MANUAL_IDENTITY_REVIEW
622,3,Tier 3 — Partial reversal,2,BRD-K00317371,RITA,0.000000,-45.818420,-41.050040,3,2,0,-28.956153,-41.050040,-45.818420,-90.000000,622,False,False,True,False,True,False,,,,,,,,,not_found,manual_identity_review,No confident PubChem identity was found from the CMap perturbagen name.,NOT_VERIFIED,,,False,False,True,False,MANUAL_IDENTITY_REVIEW
627,3,Tier 3 — Partial reversal,2,BRD-K02715688,"hydrastine-(1r,-9s)",0.000000,-40.054710,-42.078842,3,2,0,-27.377851,-40.054710,-42.078842,-90.000000,627,False,False,True,False,True,False,,,,,,,,,not_found,manual_identity_review,No confident PubChem identity was found from the CMap perturbagen name.,NOT_VERIFIED,,,False,False,True,False,MANUAL_IDENTITY_REVIEW
631,3,Tier 3 — Partial reversal,2,BRD-K97330509,SRC-kinase-inhibitor-II,0.000000,-49.818542,-38.740005,3,2,0,-29.519516,-38.740005,-49.818542,-90.000000,631,False,False,True,False,True,False,,,,,,,,,not_found,manual_identity_review,No confident PubChem identity was found from the CMap perturbagen name.,NOT_VERIFIED,,,False,False,True,False,MANUAL_IDENTITY_REVIEW
689,3,Tier 3 — Partial reversal,2,BRD-K75181824,acetyl-geranygeranyl-cysteine,0.000000,-29.757202,-49.917940,3,2,0,-26.558381,-29.757202,-49.917940,-90.000000,689,False,False,True,False,True,False,,,,,,,,,not_found,manual_identity_review,No confident PubChem identity was found from the CMap perturbagen name.,NOT_VERIFIED,,,False,False,True,False,MANUAL_IDENTITY_REVIEW
716,3,Tier 3 — Partial reversal,2,BRD-A71009679,KU-C103420N,0.000000,-55.458280,-25.512250,3,2,0,-26.990177,-25.512250,-55.458280,-90.000000,716,False,False,True,False,True,False,,,,,,,,,not_found,manual_identity_review,No confident PubChem identity was found from the CMap perturbagen name.,NOT_VERIFIED,,,False,False,True,False,MANUAL_IDENTITY_REVIEW
725,3,Tier 3 — Partial reversal,2,BRD-A33833419,TER-14687,2.043693,-38.197998,-24.588995,3,2,0,-20.247767,-24.588995,-38.197998,-90.000000,725,False,False,True,False,True,False,,,,,,,,,not_found,manual_identity_review,No confident PubChem identity was found from the CMap perturbagen name.,NOT_VERIFIED,,,False,False,True,False,MANUAL_IDENTITY_REVIEW
733,3,Tier 3 — Partial reversal,2,BRD-K03670461,tyrphostin-AG-82,0.000000,-40.599100,-22.547417,3,2,0,-21.048839,-22.547417,-40.599100,-90.000000,733,False,False,True,False,True,False,,,,,,,,,not_found,manual_identity_review,No confident PubChem identity was found from the CMap perturbagen name.,NOT_VERIFIED,,,False,False,True,False,MANUAL_IDENTITY_REVIEW
758,3,Tier 3 — Partial reversal,2,BRD-K83289131,CAY-10618,1.761804,-19.009396,-53.057034,3,2,0,-23.434875,-19.009396,-53.057034,-90.000000,758,False,False,True,False,True,False,,,,,,,,,not_found,manual_identity_review,No confident PubChem identity was found from the CMap perturbagen name.,NOT_VERIFIED,,,False,False,True,False,MANUAL_IDENTITY_REVIEW
767,3,Tier 3 — Partial reversal,2,BRD-K16233984,eriochrome-black-t,0.000000,-17.544893,-28.738140,3,2,0,-15.427678,-17.544893,-28.738140,-90.000000,767,False,False,True,False,True,False,,,,,,,,,not_found,manual_identity_review,No confident PubChem identity was found from the CMap perturbagen name.,NOT_VERIFIED,,,False,False,True,False,MANUAL_IDENTITY_REVIEW
769,3,Tier 3 — Partial reversal,2,BRD-K64610608,EMF-BCA1-57,0.528541,-17.123022,-30.978567,3,2,0,-15.857683,-17.123022,-30.978567,-90.000000,769,False,False,True,False,True,False,,,,,,,,,not_found,manual_identity_review,No confident PubChem identity was found from the CMap perturbagen name.,NOT_VERIFIED,,,False,False,True,False,MANUAL_IDENTITY_REVIEW
792,3,Tier 3 — Partial reversal,2,BRD-A56245458,reichstein,0.000000,-21.196735,-15.324914,3,2,0,-12.173883,-15.324914,-21.196735,-90.000000,792,False,False,True,False,True,False,,,,,,,,,not_found,manual_identity_review,No confident PubChem identity was found from the CMap perturbagen name.,NOT_VERIFIED,,,False,False,True,False,MANUAL_IDENTITY_REVIEW
795,3,Tier 3 — Partial reversal,2,BRD-K26979635,NS-3694,0.000000,-30.994476,-15.185964,3,2,0,-15.393480,-15.185964,-30.994476,-90.000000,795,False,False,True,False,True,False,,,,,,,,,not_found,manual_identity_review,No confident PubChem identity was found from the CMap perturbagen name.,NOT_VERIFIED,,,False,False,True,False,MANUAL_IDENTITY_REVIEW
797,3,Tier 3 — Partial reversal,2,BRD-A75517195,thiazolopyrimidine,-15.152716,5.240394,-26.256615,3,2,0,-12.056312,-15.152716,-26.256615,-90.000000,797,True,False,False,False,True,False,,,,,,,,,not_found,manual_identity_review,No confident PubChem identity was found from the CMap perturbagen name.,NOT_VERIFIED,,,False,False,True,False,MANUAL_IDENTITY_REVIEW
799,3,Tier 3 — Partial reversal,2,BRD-K10573841,tunicamycin,12.512357,-15.148933,-38.239430,3,2,0,-13.625335,-15.148933,-38.239430,-90.000000,799,False,False,True,False,True,False,,,,,,,,,not_found,manual_identity_review,No confident PubChem identity was found from the CMap perturbagen name.,NOT_VERIFIED,,,False,False,True,False,MANUAL_IDENTITY_REVIEW
806,3,Tier 3 — Partial reversal,2,BRD-K48115423,2-(4-methoxybenzylthio)-6-methylpyrimidin-4-ol,0.000000,-37.311516,-14.541876,3,2,0,-17.284464,-14.541876,-37.311516,-90.000000,806,False,False,True,False,True,False,,,,,,,,,not_found,manual_identity_review,No confident PubChem identity was found from the CMap perturbagen name.,NOT_VERIFIED,,,False,False,True,False,MANUAL_IDENTITY_REVIEW
846,3,Tier 3 — Partial reversal,2,BRD-K64857848,XMD-885,0.000000,-23.223192,-11.512903,3,2,0,-11.578698,-11.512903,-23.223192,-90.000000,846,False,False,True,False,True,False,,,,,,,,,not_found,manual_identity_review,No confident PubChem identity was found from the CMap perturbagen name.,NOT_VERIFIED,,,False,False,True,False,MANUAL_IDENTITY_REVIEW
855,3,Tier 3 — Partial reversal,2,BRD-K30189597,SYK-inhibitor,0.000000,-31.987823,-10.815294,3,2,0,-14.267706,-10.815294,-31.987823,-90.000000,855,False,False,True,False,True,False,,,,,,,,,not_found,manual_identity_review,No confident PubChem identity was found from the CMap perturbagen name.,NOT_VERIFIED,,,False,False,True,False,MANUAL_IDENTITY_REVIEW
857,3,Tier 3 — Partial reversal,2,BRD-K10136726,tosyllysyl-chloromethyl-ketone,0.739958,-10.793091,-17.156162,3,2,0,-9.069765,-10.793091,-17.156162,-90.000000,857,False,False,True,False,True,False,,,,,,,,,not_found,manual_identity_review,No confident PubChem identity was found from the CMap perturbagen name.,NOT_VERIFIED,,,False,False,True,False,MANUAL_IDENTITY_REVIEW
872,3,Tier 3 — Partial reversal,2,BRD-A41145729,methoprene-acid,0.000000,-9.909597,-15.044142,3,2,0,-8.317913,-9.909597,-15.044142,-90.000000,872,False,False,True,False,True,False,,,,,,,,,not_found,manual_identity_review,No confident PubChem identity was found from the CMap perturbagen name.,NOT_VERIFIED,,,False,False,True,False,MANUAL_IDENTITY_REVIEW
892,3,Tier 3 — Partial reversal,2,BRD-K72541103,JAK3-inhibitor-I,7.175425,-8.558803,-18.520750,3,2,0,-6.634709,-8.558803,-18.520750,-90.000000,892,False,False,True,False,True,False,,,,,,,,,not_found,manual_identity_review,No confident PubChem identity was found from the CMap perturbagen name.,NOT_VERIFIED,,,False,False,True,False,MANUAL_IDENTITY_REVIEW
918,3,Tier 3 — Partial reversal,2,BRD-K39569857,avrainvillamide-analog-3,0.000000,-17.715800,-7.610994,3,2,0,-8.442265,-7.610994,-17.715800,-90.000000,918,False,False,True,False,True,False,,,,,,,,,not_found,manual_identity_review,No confident PubChem identity was found from the CMap perturbagen name.,NOT_VERIFIED,,,False,False,True,False,MANUAL_IDENTITY_REVIEW
929,3,Tier 3 — Partial reversal,2,BRD-K57926513,tyrphostin-AG-1295,0.000000,-7.079002,-45.033310,3,2,0,-17.370771,-7.079002,-45.033310,-90.000000,929,False,False,True,False,True,False,,,,,,,,,not_found,manual_identity_review,No confident PubChem identity was found from the CMap perturbagen name.,NOT_VERIFIED,,,False,False,True,False,MANUAL_IDENTITY_REVIEW
956,3,Tier 3 — Partial reversal,2,BRD-K09436313,prostaglandin,2.501762,-20.770996,-5.532065,3,2,0,-7.933766,-5.532065,-20.770996,-90.000000,956,False,False,True,False,True,False,,,,,,,,,not_found,manual_identity_review,No confident PubChem identity was found from the CMap perturbagen name.,NOT_VERIFIED,,,False,False,True,False,MANUAL_IDENTITY_REVIEW
965,3,Tier 3 — Partial reversal,2,BRD-A36707673,hydroxycholesterol,0.000000,-7.623876,-5.144468,3,2,0,-4.256115,-5.144468,-7.623876,-90.000000,965,False,False,True,False,True,False,,,,,,,,,not_found,manual_identity_review,No confident PubChem identity was found from the CMap perturbagen name.,NOT_VERIFIED,,,False,False,True,False,MANUAL_IDENTITY_REVIEW
972,3,Tier 3 — Partial reversal,2,BRD-K61691971,avrainvillamide-analog-1,3.136011,-8.854360,-4.862579,3,2,0,-3.526976,-4.862579,-8.854360,-90.000000,972,False,False,True,False,True,False,,,,,,,,,not_found,manual_identity_review,No confident PubChem identity was found from the CMap perturbagen name.,NOT_VERIFIED,,,False,False,True,False,MANUAL_IDENTITY_REVIEW
1031,3,Tier 3 — Partial reversal,2,BRD-U44618005,WH-4023,-6.044242,3.746501,-3.100775,3,2,0,-1.799505,-3.100775,-6.044242,-90.000000,1031,True,False,False,False,True,False,,,,,,,,,not_found,manual_identity_review,No confident PubChem identity was found from the CMap perturbagen name.,NOT_VERIFIED,,,False,False,True,False,MANUAL_IDENTITY_REVIEW
1051,3,Tier 3 — Partial reversal,2,BRD-K65910366,KU-C103904N,33.283127,-4.052149,-2.519432,3,2,0,8.903849,-2.519432,-4.052149,-90.000000,1051,False,False,True,False,True,False,,,,,,,,,not_found,manual_identity_review,No confident PubChem identity was found from the CMap perturbagen name.,NOT_VERIFIED,,,False,False,True,False,MANUAL_IDENTITY_REVIEW
1056,3,Tier 3 — Partial reversal,2,BRD-K80672993,M2-PK-activator,-2.431290,6.741989,-25.700344,3,2,0,-7.129882,-2.431290,-25.700344,-90.000000,1056,True,False,False,False,True,False,,,,,,,,,not_found,manual_identity_review,No confident PubChem identity was found from the CMap perturbagen name.,NOT_VERIFIED,,,False,False,True,False,MANUAL_IDENTITY_REVIEW
1128,3,Tier 3 — Partial reversal,2,BRD-A68929948,DAPT-GSI-IX,-54.058712,5.948895,-1.208082,3,2,0,-16.439299,-1.208082,-54.058712,-90.000000,1128,True,False,False,False,True,False,,,,,,,,,not_found,manual_identity_review,No confident PubChem identity was found from the CMap perturbagen name.,NOT_VERIFIED,,,False,False,True,False,MANUAL_IDENTITY_REVIEW
1139,3,Tier 3 — Partial reversal,2,BRD-A75769826,SDM-25N,0.023043,-57.412000,-1.105789,3,2,0,-19.498249,-1.105789,-57.412000,-90.000000,1139,False,False,True,False,True,False,,,,,,,,,not_found,manual_identity_review,No confident PubChem identity was found from the CMap perturbagen name.,NOT_VERIFIED,,,False,False,True,False,MANUAL_IDENTITY_REVIEW
1144,3,Tier 3 — Partial reversal,2,BRD-K32645441,dipropyl-5ct,-1.057082,-31.211550,13.196514,3,2,0,-6.357373,-1.057082,-31.211550,-90.000000,1144,True,False,True,False,False,False,,,,,,,,,not_found,manual_identity_review,No confident PubChem identity was found from the CMap perturbagen name.,NOT_VERIFIED,,,False,False,True,False,MANUAL_IDENTITY_REVIEW
1156,3,Tier 3 — Partial reversal,2,BRD-K05396879,15-delta-prostaglandin-j2,0.140944,-0.986610,-5.094526,3,2,0,-1.980064,-0.986610,-5.094526,-90.000000,1156,False,False,True,False,True,False,,,,,,,,,not_found,manual_identity_review,No confident PubChem identity was found from the CMap perturbagen name.,NOT_VERIFIED,,,False,False,True,False,MANUAL_IDENTITY_REVIEW
1187,3,Tier 3 — Partial reversal,2,BRD-A81402010,KU-C103443N,0.000000,-0.634249,-6.628996,3,2,0,-2.421082,-0.634249,-6.628996,-90.000000,1187,False,False,True,False,True,False,,,,,,,,,not_found,manual_identity_review,No confident PubChem identity was found from the CMap perturbagen name.,NOT_VERIFIED,,,False,False,True,False,MANUAL_IDENTITY_REVIEW
1250,4,Tier 4 — Weak/single-signature,1,BRD-K50387473,XMD-892,0.000000,0.000000,-49.975890,3,1,0,-16.658630,0.000000,-49.975890,-90.000000,1250,False,False,False,False,True,False,,,,,,,,,not_found,manual_identity_review,No confident PubChem identity was found from the CMap perturbagen name.,NOT_VERIFIED,,,False,False,False,False,MANUAL_IDENTITY_REVIEW
1257,4,Tier 4 — Weak/single-signature,1,BRD-K32836707,CAY-10577,0.000000,-42.265990,8.085797,3,1,0,-11.393398,0.000000,-42.265990,-90.000000,1257,False,False,True,False,False,False,,,,,,,,,not_found,manual_identity_review,No confident PubChem identity was found from the CMap perturbagen name.,NOT_VERIFIED,,,False,False,False,False,MANUAL_IDENTITY_REVIEW
1264,4,Tier 4 — Weak/single-signature,1,BRD-K02581333,protein-tyrosine-phosphatase-inhibitor-IV,0.000000,21.180607,-45.259373,3,1,0,-8.026255,0.000000,-45.259373,-90.000000,1264,False,False,False,False,True,False,,,,,,,,,not_found,manual_identity_review,No confident PubChem identity was found from the CMap perturbagen name.,NOT_VERIFIED,,,False,False,False,False,MANUAL_IDENTITY_REVIEW
1266,4,Tier 4 — Weak/single-signature,1,BRD-U25771771,WZ-4-145,0.000000,5.965100,-29.281155,3,1,0,-7.772018,0.000000,-29.281155,-90.000000,1266,False,False,False,False,True,False,,,,,,,,,not_found,manual_identity_review,No confident PubChem identity was found from the CMap perturbagen name.,NOT_VERIFIED,,,False,False,False,False,MANUAL_IDENTITY_REVIEW
1286,4,Tier 4 — Weak/single-signature,1,BRD-A74904029,EI-231,0.000000,7.223397,-19.456318,3,1,0,-4.077640,0.000000,-19.456318,-90.000000,1286,False,False,False,False,True,False,,,,,,,,,not_found,manual_identity_review,No confident PubChem identity was found from the CMap perturbagen name.,NOT_VERIFIED,,,False,False,False,False,MANUAL_IDENTITY_REVIEW
1316,4,Tier 4 — Weak/single-signature,1,BRD-K26863634,BIX-01338,0.000000,-6.661896,0.986610,3,1,0,-1.891762,0.000000,-6.661896,-90.000000,1316,False,False,True,False,False,False,,,,,,,,,not_found,manual_identity_review,No confident PubChem identity was found from the CMap perturbagen name.,NOT_VERIFIED,,,False,False,False,False,MANUAL_IDENTITY_REVIEW
1337,4,Tier 4 — Weak/single-signature,1,BRD-K32710582,EI-247,0.000000,2.114165,-4.388732,3,1,0,-0.758189,0.000000,-4.388732,-90.000000,1337,False,False,False,False,True,False,,,,,,,,,not_found,manual_identity_review,No confident PubChem identity was found from the CMap perturbagen name.,NOT_VERIFIED,,,False,False,False,False,MANUAL_IDENTITY_REVIEW
1382,4,Tier 4 — Weak/single-signature,1,BRD-K29313308,HDAC3-selective,0.000000,-0.035173,0.563777,3,1,0,0.176202,0.000000,-0.035173,-90.000000,1382,False,False,True,False,False,False,,,,,,,,,not_found,manual_identity_review,No confident PubChem identity was found from the CMap perturbagen name.,NOT_VERIFIED,,,False,False,False,False,MANUAL_IDENTITY_REVIEW
1395,4,Tier 4 — Weak/single-signature,1,BRD-K95992530,cyclo-[Arg-Gly-Asp-D-Phe-Val],0.000000,6.971788,-3.875969,3,1,0,1.031940,0.000000,-3.875969,-90.000000,1395,False,False,False,False,True,False,,,,,,,,,not_found,manual_identity_review,No confident PubChem identity was found from the CMap perturbagen name.,NOT_VERIFIED,,,False,False,False,False,MANUAL_IDENTITY_REVIEW
1418,4,Tier 4 — Weak/single-signature,1,BRD-K40619305,larixinic-acid,0.000000,-3.488372,11.176847,3,1,0,2.562825,0.000000,-3.488372,-90.000000,1418,False,False,True,False,False,False,,,,,,,,,not_found,manual_identity_review,No confident PubChem identity was found from the CMap perturbagen name.,NOT_VERIFIED,,,False,False,False,False,MANUAL_IDENTITY_REVIEW
1421,4,Tier 4 — Weak/single-signature,1,BRD-K08132273,tyrphostin,0.000000,-7.271594,15.784987,3,1,0,2.837798,0.000000,-7.271594,-90.000000,1421,False,False,True,False,False,False,,,,,,,,,not_found,manual_identity_review,No confident PubChem identity was found from the CMap perturbagen name.,NOT_VERIFIED,,,False,False,False,False,MANUAL_IDENTITY_REVIEW
1444,4,Tier 4 — Weak/single-signature,1,BRD-K34508425,KU-C103898N,0.000000,-3.911205,24.148716,3,1,0,6.745837,0.000000,-3.911205,-90.000000,1444,False,False,True,False,False,False,,,,,,,,,not_found,manual_identity_review,No confident PubChem identity was found from the CMap perturbagen name.,NOT_VERIFIED,,,False,False,False,False,MANUAL_IDENTITY_REVIEW
1470,4,Tier 4 — Weak/single-signature,1,BRD-K14221570,benzopurpurin-4b,0.105708,-0.317125,1.148580,3,1,0,0.312388,0.105708,-0.317125,-90.000000,1470,False,False,True,False,False,False,,,,,,,,,not_found,manual_identity_review,No confident PubChem identity was found from the CMap perturbagen name.,NOT_VERIFIED,,,False,False,False,False,MANUAL_IDENTITY_REVIEW
1515,4,Tier 4 — Weak/single-signature,1,BRD-K68437527,EMF-BCA1-60,0.704722,-1.726568,21.967512,3,1,0,6.981889,0.704722,-1.726568,-90.000000,1515,False,False,True,False,False,False,,,,,,,,,not_found,manual_identity_review,No confident PubChem identity was found from the CMap perturbagen name.,NOT_VERIFIED,,,False,False,False,False,MANUAL_IDENTITY_REVIEW
1538,4,Tier 4 — Weak/single-signature,1,BRD-A65671304,candesartan-cilextil,1.162791,7.694764,-2.114165,3,1,0,2.247797,1.162791,-2.114165,-90.000000,1538,False,False,False,False,True,False,,,,,,,,,not_found,manual_identity_review,No confident PubChem identity was found from the CMap perturbagen name.,NOT_VERIFIED,,,False,False,False,False,MANUAL_IDENTITY_REVIEW
1606,4,Tier 4 — Weak/single-signature,1,BRD-U08759356,EI-346-erlotinib-analog,2.924595,20.093979,-3.065539,3,1,0,6.651012,2.924595,-3.065539,-90.000000,1606,False,False,False,False,True,False,,,,,,,,,not_found,manual_identity_review,No confident PubChem identity was found from the CMap perturbagen name.,NOT_VERIFIED,,,False,False,False,False,MANUAL_IDENTITY_REVIEW
1621,4,Tier 4 — Weak/single-signature,1,BRD-K01436366,XMD-1150,3.735025,4.402099,-31.397861,3,1,0,-7.753579,3.735025,-31.397861,-90.000000,1621,False,False,False,False,True,False,,,,,,,,,not_found,manual_identity_review,No confident PubChem identity was found from the CMap perturbagen name.,NOT_VERIFIED,,,False,False,False,False,MANUAL_IDENTITY_REVIEW
1630,4,Tier 4 — Weak/single-signature,1,BRD-K41996876,tyrphostin-1,-0.140944,4.721635,7.223203,3,1,0,3.934631,4.721635,-0.140944,-90.000000,1630,True,False,False,False,False,False,,,,,,,,,not_found,manual_identity_review,No confident PubChem identity was found from the CMap perturbagen name.,NOT_VERIFIED,,,False,False,False,False,MANUAL_IDENTITY_REVIEW
1632,4,Tier 4 — Weak/single-signature,1,BRD-M45964048,verteporfin,-0.211417,4.791438,14.410336,3,1,0,6.330119,4.791438,-0.211417,-90.000000,1632,True,False,False,False,False,False,,,,,,,,,not_found,manual_identity_review,No confident PubChem identity was found from the CMap perturbagen name.,NOT_VERIFIED,,,False,False,False,False,MANUAL_IDENTITY_REVIEW
1649,4,Tier 4 — Weak/single-signature,1,BRD-A42831637,tetrahydrocannabinol-7-oic-acid,-2.626916,6.114819,8.742410,3,1,0,4.076771,6.114819,-2.626916,-90.000000,1649,True,False,False,False,False,False,,,,,,,,,not_found,manual_identity_review,No confident PubChem identity was found from the CMap perturbagen name.,NOT_VERIFIED,,,False,False,False,False,MANUAL_IDENTITY_REVIEW
1652,4,Tier 4 — Weak/single-signature,1,BRD-A06726973,dibutyrylcyclic-gmp,-0.739958,6.341721,19.942040,3,1,0,8.514601,6.341721,-0.739958,-90.000000,1652,True,False,False,False,False,False,,,,,,,,,not_found,manual_identity_review,No confident PubChem identity was found from the CMap perturbagen name.,NOT_VERIFIED,,,False,False,False,False,MANUAL_IDENTITY_REVIEW
1673,4,Tier 4 — Weak/single-signature,1,BRD-K54987996,CAY-10578,7.804648,-31.307970,33.192955,3,1,0,3.229878,7.804648,-31.307970,-90.000000,1673,False,False,True,False,False,False,,,,,,,,,not_found,manual_identity_review,No confident PubChem identity was found from the CMap perturbagen name.,NOT_VERIFIED,,,False,False,False,False,MANUAL_IDENTITY_REVIEW
1681,4,Tier 4 — Weak/single-signature,1,BRD-K13544237,r(-)-propylnorapomorphine,-0.070472,8.672297,23.234810,3,1,0,10.612212,8.672297,-0.070472,-90.000000,1681,True,False,False,False,False,False,,,,,,,,,not_found,manual_identity_review,No confident PubChem identity was found from the CMap perturbagen name.,NOT_VERIFIED,,,False,False,False,False,MANUAL_IDENTITY_REVIEW
1686,4,Tier 4 — Weak/single-signature,1,BRD-K46678324,RHO-kinase-inhibitor-II,-5.673009,23.144753,8.986190,3,1,0,8.819311,8.986190,-5.673009,-90.000000,1686,True,False,False,False,False,False,,,,,,,,,not_found,manual_identity_review,No confident PubChem identity was found from the CMap perturbagen name.,NOT_VERIFIED,,,False,False,False,False,MANUAL_IDENTITY_REVIEW
1716,4,Tier 4 — Weak/single-signature,1,BRD-K80970344,pyrrolidine-dithiocarbamate,65.933930,13.857103,-1.657065,3,1,0,26.044656,13.857103,-1.657065,-90.000000,1716,False,False,False,False,True,False,,,,,,,,,not_found,manual_identity_review,No confident PubChem identity was found from the CMap perturbagen name.,NOT_VERIFIED,,,False,False,False,False,MANUAL_IDENTITY_REVIEW
1748,4,Tier 4 — Weak/single-signature,1,BRD-K94919853,10H-phenothiazin-10-yl)(p-tolyl)methanone,-15.768282,25.398825,20.279013,3,1,0,9.969852,20.279013,-15.768282,-90.000000,1748,True,False,False,False,False,False,,,,,,,,,not_found,manual_identity_review,No confident PubChem identity was found from the CMap perturbagen name.,NOT_VERIFIED,,,False,False,False,False,MANUAL_IDENTITY_REVIEW
1771,4,Tier 4 — Weak/single-signature,1,BRD-K51816706,oxindole-I,-0.634249,25.253262,37.657135,3,1,0,20.758716,25.253262,-0.634249,-90.000000,1771,True,False,False,False,False,False,,,,,,,,,not_found,manual_identity_review,No confident PubChem identity was found from the CMap perturbagen name.,NOT_VERIFIED,,,False,False,False,False,MANUAL_IDENTITY_REVIEW
1780,4,Tier 4 — Weak/single-signature,1,BRD-K04877770,FTase-inhibitor-B581,-0.422833,27.008500,26.509722,3,1,0,17.698463,26.509722,-0.422833,-90.000000,1780,True,False,False,False,False,False,,,,,,,,,not_found,manual_identity_review,No confident PubChem identity was found from the CMap perturbagen name.,NOT_VERIFIED,,,False,False,False,False,MANUAL_IDENTITY_REVIEW
1782,4,Tier 4 — Weak/single-signature,1,BRD-K68873215,phosphodiesterase-V-inhibitor-II,-0.916138,44.286064,26.593737,3,1,0,23.321221,26.593737,-0.916138,-90.000000,1782,True,False,False,False,False,False,,,,,,,,,not_found,manual_identity_review,No confident PubChem identity was found from the CMap perturbagen name.,NOT_VERIFIED,,,False,False,False,False,MANUAL_IDENTITY_REVIEW
1793,4,Tier 4 — Weak/single-signature,1,BRD-K07303502,arachidonyl-trifluoro-methane,-0.281889,32.854065,30.138954,3,1,0,20.903710,30.138954,-0.281889,-90.000000,1793,True,False,False,False,False,False,,,,,,,,,not_found,manual_identity_review,No confident PubChem identity was found from the CMap perturbagen name.,NOT_VERIFIED,,,False,False,False,False,MANUAL_IDENTITY_REVIEW
1798,4,Tier 4 — Weak/single-signature,1,BRD-K71860425,CDK2-5-inhibitor,-9.275800,31.866623,51.732420,3,1,0,24.774414,31.866623,-9.275800,-90.000000,1798,True,False,False,False,False,False,,,,,,,,,not_found,manual_identity_review,No confident PubChem identity was found from the CMap perturbagen name.,NOT_VERIFIED,,,False,False,False,False,MANUAL_IDENTITY_REVIEW
1817,4,Tier 4 — Weak/single-signature,1,BRD-K00184207,GR-206,-1.620860,45.737250,40.642754,3,1,0,28.253048,40.642754,-1.620860,-90.000000,1817,True,False,False,False,False,False,,,,,,,,,not_found,manual_identity_review,No confident PubChem identity was found from the CMap perturbagen name.,NOT_VERIFIED,,,False,False,False,False,MANUAL_IDENTITY_REVIEW
1825,4,Tier 4 — Weak/single-signature,1,BRD-K14696368,"9-methyl-5H-6-thia-4,5-diaza-chrysene-6,6-dioxide",-1.268499,50.351760,55.747868,3,1,0,34.943710,50.351760,-1.268499,-90.000000,1825,True,False,False,False,False,False,,,,,,,,,not_found,manual_identity_review,No confident PubChem identity was found from the CMap perturbagen name.,NOT_VERIFIED,,,False,False,False,False,MANUAL_IDENTITY_REVIEW
1848,4,Tier 4 — Weak/single-signature,0,BRD-K56064827,EI-273,0.000000,0.000000,0.000000,3,0,0,0.000000,0.000000,0.000000,-90.000000,1848,False,False,False,False,False,False,,,,,,,,,not_found,manual_identity_review,No confident PubChem identity was found from the CMap perturbagen name.,NOT_VERIFIED,,,False,False,False,False,MANUAL_IDENTITY_REVIEW
1850,4,Tier 4 — Weak/single-signature,0,BRD-K74761218,WT-171,0.000000,0.000000,0.000000,3,0,0,0.000000,0.000000,0.000000,-90.000000,1850,False,False,False,False,False,False,,,,,,,,,not_found,manual_identity_review,No confident PubChem identity was found from the CMap perturbagen name.,NOT_VERIFIED,,,False,False,False,False,MANUAL_IDENTITY_REVIEW
1870,4,Tier 4 — Weak/single-signature,0,BRD-K85133207,HDAC1-selective,0.000000,0.000000,15.803427,3,0,0,5.267809,0.000000,0.000000,-90.000000,1870,False,False,False,False,False,False,,,,,,,,,not_found,manual_identity_review,No confident PubChem identity was found from the CMap perturbagen name.,NOT_VERIFIED,,,False,False,False,False,MANUAL_IDENTITY_REVIEW
1872,4,Tier 4 — Weak/single-signature,0,BRD-K88551539,CAY-10585,0.000000,16.333302,0.000000,3,0,0,5.444434,0.000000,0.000000,-90.000000,1872,False,False,False,False,False,False,,,,,,,,,not_found,manual_identity_review,No confident PubChem identity was found from the CMap perturbagen name.,NOT_VERIFIED,,,False,False,False,False,MANUAL_IDENTITY_REVIEW
1877,4,Tier 4 — Weak/single-signature,0,BRD-K26669427,WR-216174,29.358440,0.000000,0.000000,3,0,0,9.786147,0.000000,0.000000,-90.000000,1877,False,False,False,False,False,False,,,,,,,,,not_found,manual_identity_review,No confident PubChem identity was found from the CMap perturbagen name.,NOT_VERIFIED,,,False,False,False,False,MANUAL_IDENTITY_REVIEW
1888,4,Tier 4 — Weak/single-signature,0,BRD-K62965247,tipifarnib-P2,21.844427,0.070472,0.246653,3,0,0,7.387184,0.246653,0.070472,-90.000000,1888,False,False,False,False,False,False,,,,,,,,,not_found,manual_identity_review,No confident PubChem identity was found from the CMap perturbagen name.,NOT_VERIFIED,,,False,False,False,False,MANUAL_IDENTITY_REVIEW
1903,4,Tier 4 — Weak/single-signature,0,BRD-K30677119,PP-30,0.000000,0.704722,0.739958,3,0,0,0.481560,0.704722,0.000000,-90.000000,1903,False,False,False,False,False,False,,,,,,,,,not_found,manual_identity_review,No confident PubChem identity was found from the CMap perturbagen name.,NOT_VERIFIED,,,False,False,False,False,MANUAL_IDENTITY_REVIEW
1909,4,Tier 4 — Weak/single-signature,0,BRD-K42573370,avrainvillamide-analog-2,0.563777,9.554572,0.739958,3,0,0,3.619436,0.739958,0.563777,-90.000000,1909,False,False,False,False,False,False,,,,,,,,,not_found,manual_identity_review,No confident PubChem identity was found from the CMap perturbagen name.,NOT_VERIFIED,,,False,False,False,False,MANUAL_IDENTITY_REVIEW
1924,4,Tier 4 — Weak/single-signature,0,BRD-K51302260,KU-C103871,0.000000,0.916138,17.970297,3,0,0,6.295478,0.916138,0.000000,-90.000000,1924,False,False,False,False,False,False,,,,,,,,,not_found,manual_identity_review,No confident PubChem identity was found from the CMap perturbagen name.,NOT_VERIFIED,,,False,False,False,False,MANUAL_IDENTITY_REVIEW
1973,4,Tier 4 — Weak/single-signature,0,BRD-K67506692,tyrphostin-AG-126,0.000000,4.768540,1.867512,3,0,0,2.212017,1.867512,0.000000,-90.000000,1973,False,False,False,False,False,False,,,,,,,,,not_found,manual_identity_review,No confident PubChem identity was found from the CMap perturbagen name.,NOT_VERIFIED,,,False,False,False,False,MANUAL_IDENTITY_REVIEW
1975,4,Tier 4 — Weak/single-signature,0,BRD-K14441456,tyrphostin-AG-556,0.000000,1.902748,3.276956,3,0,0,1.726568,1.902748,0.000000,-90.000000,1975,False,False,False,False,False,False,,,,,,,,,not_found,manual_identity_review,No confident PubChem identity was found from the CMap perturbagen name.,NOT_VERIFIED,,,False,False,False,False,MANUAL_IDENTITY_REVIEW
1982,4,Tier 4 — Weak/single-signature,0,BRD-K25079130,avrainvillamide-analog-4,2.015373,1.867512,11.064423,3,0,0,4.982436,2.015373,1.867512,-90.000000,1982,False,False,False,False,False,False,,,,,,,,,not_found,manual_identity_review,No confident PubChem identity was found from the CMap perturbagen name.,NOT_VERIFIED,,,False,False,False,False,MANUAL_IDENTITY_REVIEW
1983,4,Tier 4 — Weak/single-signature,0,BRD-K87573634,propylpyrazole,0.000000,2.043693,3.629316,3,0,0,1.891003,2.043693,0.000000,-90.000000,1983,False,False,False,False,False,False,,,,,,,,,not_found,manual_identity_review,No confident PubChem identity was found from the CMap perturbagen name.,NOT_VERIFIED,,,False,False,False,False,MANUAL_IDENTITY_REVIEW
1990,4,Tier 4 — Weak/single-signature,0,BRD-A71657825,2-(biphenyl-4-ylsulfonamido)pentanedioic-acid,0.000000,2.149401,15.309546,3,0,0,5.819649,2.149401,0.000000,-90.000000,1990,False,False,False,False,False,False,,,,,,,,,not_found,manual_identity_review,No confident PubChem identity was found from the CMap perturbagen name.,NOT_VERIFIED,,,False,False,False,False,MANUAL_IDENTITY_REVIEW
1999,4,Tier 4 — Weak/single-signature,0,BRD-K50324045,avrainvillamide-analog-6,2.382128,1.561886,3.558844,3,0,0,2.500953,2.382128,1.561886,-90.000000,1999,False,False,False,False,False,False,,,,,,,,,not_found,manual_identity_review,No confident PubChem identity was found from the CMap perturbagen name.,NOT_VERIFIED,,,False,False,False,False,MANUAL_IDENTITY_REVIEW
2017,4,Tier 4 — Weak/single-signature,0,BRD-K86465814,HO-013,2.649886,10.236462,2.883148,3,0,0,5.256499,2.883148,2.649886,-90.000000,2017,False,False,False,False,False,False,,,,,,,,,not_found,manual_identity_review,No confident PubChem identity was found from the CMap perturbagen name.,NOT_VERIFIED,,,False,False,False,False,MANUAL_IDENTITY_REVIEW
2025,4,Tier 4 — Weak/single-signature,0,BRD-K09764130,mead-ethanolamide,0.000000,3.030303,24.203766,3,0,0,9.078023,3.030303,0.000000,-90.000000,2025,False,False,False,False,False,False,,,,,,,,,not_found,manual_identity_review,No confident PubChem identity was found from the CMap perturbagen name.,NOT_VERIFIED,,,False,False,False,False,MANUAL_IDENTITY_REVIEW
2081,4,Tier 4 — Weak/single-signature,0,BRD-K36153907,KU-C103885,0.000000,27.461502,4.906114,3,0,0,10.789205,4.906114,0.000000,-90.000000,2081,False,False,False,False,False,False,,,,,,,,,not_found,manual_identity_review,No confident PubChem identity was found from the CMap perturbagen name.,NOT_VERIFIED,,,False,False,False,False,MANUAL_IDENTITY_REVIEW
2096,4,Tier 4 — Weak/single-signature,0,BRD-K78599730,manumycin-a,1.937984,5.331285,31.520851,3,0,0,12.930040,5.331285,1.937984,-90.000000,2096,False,False,False,False,False,False,,,,,,,,,not_found,manual_identity_review,No confident PubChem identity was found from the CMap perturbagen name.,NOT_VERIFIED,,,False,False,False,False,MANUAL_IDENTITY_REVIEW
2126,4,Tier 4 — Weak/single-signature,0,BRD-A86044036,flurbiprofen-(+/-),2.184637,6.342494,22.076534,3,0,0,10.201222,6.342494,2.184637,-90.000000,2126,False,False,False,False,False,False,,,,,,,,,not_found,manual_identity_review,No confident PubChem identity was found from the CMap perturbagen name.,NOT_VERIFIED,,,False,False,False,False,MANUAL_IDENTITY_REVIEW
2211,4,Tier 4 — Weak/single-signature,0,BRD-K20197062,SA-94315,0.000000,9.507614,12.001201,3,0,0,7.169605,9.507614,0.000000,-90.000000,2211,False,False,False,False,False,False,,,,,,,,,not_found,manual_identity_review,No confident PubChem identity was found from the CMap perturbagen name.,NOT_VERIFIED,,,False,False,False,False,MANUAL_IDENTITY_REVIEW
2229,4,Tier 4 — Weak/single-signature,0,BRD-K68407802,KIN001-055,10.139100,30.685087,10.045590,3,0,0,16.956592,10.139100,10.045590,-90.000000,2229,False,False,False,False,False,False,,,,,,,,,not_found,manual_identity_review,No confident PubChem identity was found from the CMap perturbagen name.,NOT_VERIFIED,,,False,False,False,False,MANUAL_IDENTITY_REVIEW
2230,4,Tier 4 — Weak/single-signature,0,BRD-K89930444,AG-592,25.418110,2.796832,10.199604,3,0,0,12.804849,10.199604,2.796832,-90.000000,2230,False,False,False,False,False,False,,,,,,,,,not_found,manual_identity_review,No confident PubChem identity was found from the CMap perturbagen name.,NOT_VERIFIED,,,False,False,False,False,MANUAL_IDENTITY_REVIEW
2231,4,Tier 4 — Weak/single-signature,0,BRD-K56115039,BU-226,0.880902,15.208289,10.217274,3,0,0,8.768822,10.217274,0.880902,-90.000000,2231,False,False,False,False,False,False,,,,,,,,,not_found,manual_identity_review,No confident PubChem identity was found from the CMap perturbagen name.,NOT_VERIFIED,,,False,False,False,False,MANUAL_IDENTITY_REVIEW
2306,4,Tier 4 — Weak/single-signature,0,BRD-K43405658,tyrphostin-AG-527,0.000000,14.100627,42.847748,3,0,0,18.982792,14.100627,0.000000,-90.000000,2306,False,False,False,False,False,False,,,,,,,,,not_found,manual_identity_review,No confident PubChem identity was found from the CMap perturbagen name.,NOT_VERIFIED,,,False,False,False,False,MANUAL_IDENTITY_REVIEW
2347,4,Tier 4 — Weak/single-signature,0,BRD-K08502430,angiogenesis-inhibitor,0.000000,28.553223,15.764408,3,0,0,14.772544,15.764408,0.000000,-90.000000,2347,False,False,False,False,False,False,,,,,,,,,not_found,manual_identity_review,No confident PubChem identity was found from the CMap perturbagen name.,NOT_VERIFIED,,,False,False,False,False,MANUAL_IDENTITY_REVIEW
2353,4,Tier 4 — Weak/single-signature,0,BRD-K69840642,ISOX,0.000000,59.965170,16.061916,3,0,0,25.342362,16.061916,0.000000,-90.000000,2353,False,False,False,False,False,False,,,,,,,,,not_found,manual_identity_review,No confident PubChem identity was found from the CMap perturbagen name.,NOT_VERIFIED,,,False,False,False,False,MANUAL_IDENTITY_REVIEW
2363,4,Tier 4 — Weak/single-signature,0,BRD-A70731303,avrainvillamide-analog-5,56.801018,16.523315,4.507023,3,0,0,25.943785,16.523315,4.507023,-90.000000,2363,False,False,False,False,False,False,,,,,,,,,not_found,manual_identity_review,No confident PubChem identity was found from the CMap perturbagen name.,NOT_VERIFIED,,,False,False,False,False,MANUAL_IDENTITY_REVIEW
2367,4,Tier 4 — Weak/single-signature,0,BRD-U37049823,HG-6-64-01,0.000000,36.223755,16.717087,3,0,0,17.646947,16.717087,0.000000,-90.000000,2367,False,False,False,False,False,False,,,,,,,,,not_found,manual_identity_review,No confident PubChem identity was found from the CMap perturbagen name.,NOT_VERIFIED,,,False,False,False,False,MANUAL_IDENTITY_REVIEW
2368,4,Tier 4 — Weak/single-signature,0,BRD-A07765530,epinephrine-(racemic),0.000000,25.776709,16.760141,3,0,0,14.178950,16.760141,0.000000,-90.000000,2368,False,False,False,False,False,False,,,,,,,,,not_found,manual_identity_review,No confident PubChem identity was found from the CMap perturbagen name.,NOT_VERIFIED,,,False,False,False,False,MANUAL_IDENTITY_REVIEW
2381,4,Tier 4 — Weak/single-signature,0,BRD-K12906962,dichlorobenzamil,0.000000,17.536531,35.060284,3,0,0,17.532272,17.536531,0.000000,-90.000000,2381,False,False,False,False,False,False,,,,,,,,,not_found,manual_identity_review,No confident PubChem identity was found from the CMap perturbagen name.,NOT_VERIFIED,,,False,False,False,False,MANUAL_IDENTITY_REVIEW
2387,4,Tier 4 — Weak/single-signature,0,BRD-K43236057,polydatin,0.000000,17.853268,23.605430,3,0,0,13.819566,17.853268,0.000000,-90.000000,2387,False,False,False,False,False,False,,,,,,,,,not_found,manual_identity_review,No confident PubChem identity was found from the CMap perturbagen name.,NOT_VERIFIED,,,False,False,False,False,MANUAL_IDENTITY_REVIEW
2392,4,Tier 4 — Weak/single-signature,0,BRD-K64310881,MW-STK33-3B,0.000000,30.301520,18.474524,3,0,0,16.258681,18.474524,0.000000,-90.000000,2392,False,False,False,False,False,False,,,,,,,,,not_found,manual_identity_review,No confident PubChem identity was found from the CMap perturbagen name.,NOT_VERIFIED,,,False,False,False,False,MANUAL_IDENTITY_REVIEW
2436,4,Tier 4 — Weak/single-signature,0,BRD-K76274772,MAPP-D-erythro,0.000000,29.302872,20.732368,3,0,0,16.678413,20.732368,0.000000,-90.000000,2436,False,False,False,False,False,False,,,,,,,,,not_found,manual_identity_review,No confident PubChem identity was found from the CMap perturbagen name.,NOT_VERIFIED,,,False,False,False,False,MANUAL_IDENTITY_REVIEW
2480,4,Tier 4 — Weak/single-signature,0,BRD-K08115555,tyrphostin-AG-1288,0.000000,23.422817,29.384820,3,0,0,17.602546,23.422817,0.000000,-90.000000,2480,False,False,False,False,False,False,,,,,,,,,not_found,manual_identity_review,No confident PubChem identity was found from the CMap perturbagen name.,NOT_VERIFIED,,,False,False,False,False,MANUAL_IDENTITY_REVIEW
2495,4,Tier 4 — Weak/single-signature,0,BRD-K24859147,KIN001-242,0.000000,25.033672,83.550450,3,0,0,36.194707,25.033672,0.000000,-90.000000,2495,False,False,False,False,False,False,,,,,,,,,not_found,manual_identity_review,No confident PubChem identity was found from the CMap perturbagen name.,NOT_VERIFIED,,,False,False,False,False,MANUAL_IDENTITY_REVIEW
2517,4,Tier 4 — Weak/single-signature,0,BRD-K51018020,VAMA-37,0.000000,42.678246,26.542694,3,0,0,23.073647,26.542694,0.000000,-90.000000,2517,False,False,False,False,False,False,,,,,,,,,not_found,manual_identity_review,No confident PubChem identity was found from the CMap perturbagen name.,NOT_VERIFIED,,,False,False,False,False,MANUAL_IDENTITY_REVIEW
2522,4,Tier 4 — Weak/single-signature,0,BRD-K37194137,III606050,0.000000,44.401054,26.879295,3,0,0,23.760116,26.879295,0.000000,-90.000000,2522,False,False,False,False,False,False,,,,,,,,,not_found,manual_identity_review,No confident PubChem identity was found from the CMap perturbagen name.,NOT_VERIFIED,,,False,False,False,False,MANUAL_IDENTITY_REVIEW
2544,4,Tier 4 — Weak/single-signature,0,BRD-K39111395,BCL2-inhibitor,12.236105,28.189686,66.882210,3,0,0,35.769334,28.189686,12.236105,-90.000000,2544,False,False,False,False,False,False,,,,,,,,,not_found,manual_identity_review,No confident PubChem identity was found from the CMap perturbagen name.,NOT_VERIFIED,,,False,False,False,False,MANUAL_IDENTITY_REVIEW
2568,4,Tier 4 — Weak/single-signature,0,BRD-K74733595,APHA-compound-8,0.563777,60.820213,30.218520,3,0,0,30.534170,30.218520,0.563777,-90.000000,2568,False,False,False,False,False,False,,,,,,,,,not_found,manual_identity_review,No confident PubChem identity was found from the CMap perturbagen name.,NOT_VERIFIED,,,False,False,False,False,MANUAL_IDENTITY_REVIEW
2597,4,Tier 4 — Weak/single-signature,0,BRD-K82577285,dipropyl-dopamine,14.605021,45.384080,32.899390,3,0,0,30.962830,32.899390,14.605021,-90.000000,2597,False,False,False,False,False,False,,,,,,,,,not_found,manual_identity_review,No confident PubChem identity was found from the CMap perturbagen name.,NOT_VERIFIED,,,False,False,False,False,MANUAL_IDENTITY_REVIEW
2659,4,Tier 4 — Weak/single-signature,0,BRD-A44551378,LFM-A12,0.214439,40.302640,59.787674,3,0,0,33.434918,40.302640,0.214439,-90.000000,2659,False,False,False,False,False,False,,,,,,,,,not_found,manual_identity_review,No confident PubChem identity was found from the CMap perturbagen name.,NOT_VERIFIED,,,False,False,False,False,MANUAL_IDENTITY_REVIEW
2673,4,Tier 4 — Weak/single-signature,0,BRD-A62182663,YK-4279,60.357020,26.364023,41.699500,3,0,0,42.806848,41.699500,26.364023,-90.000000,2673,False,False,False,False,False,False,,,,,,,,,not_found,manual_identity_review,No confident PubChem identity was found from the CMap perturbagen name.,NOT_VERIFIED,,,False,False,False,False,MANUAL_IDENTITY_REVIEW
2692,4,Tier 4 — Weak/single-signature,0,BRD-K15842202,eudesmic-acid,6.960950,45.004253,45.759937,3,0,0,32.575047,45.004253,6.960950,-90.000000,2692,False,False,False,False,False,False,,,,,,,,,not_found,manual_identity_review,No confident PubChem identity was found from the CMap perturbagen name.,NOT_VERIFIED,,,False,False,False,False,MANUAL_IDENTITY_REVIEW
2696,4,Tier 4 — Weak/single-signature,0,BRD-K61033289,15-delta-prostaglandin-j2,74.267105,46.410440,34.091026,3,0,0,51.589524,46.410440,34.091026,-90.000000,2696,False,False,False,False,False,False,,,,,,,,,not_found,manual_identity_review,No confident PubChem identity was found from the CMap perturbagen name.,NOT_VERIFIED,,,False,False,False,False,MANUAL_IDENTITY_REVIEW
2719,4,Tier 4 — Weak/single-signature,0,BRD-K19220233,JNK-9L,0.000000,57.539650,48.774864,3,0,0,35.438171,48.774864,0.000000,-90.000000,2719,False,False,False,False,False,False,,,,,,,,,not_found,manual_identity_review,No confident PubChem identity was found from the CMap perturbagen name.,NOT_VERIFIED,,,False,False,False,False,MANUAL_IDENTITY_REVIEW
2725,4,Tier 4 — Weak/single-signature,0,BRD-K96271548,coumaric-acid,15.539374,70.109930,50.069565,3,0,0,45.239623,50.069565,15.539374,-90.000000,2725,False,False,False,False,False,False,,,,,,,,,not_found,manual_identity_review,No confident PubChem identity was found from the CMap perturbagen name.,NOT_VERIFIED,,,False,False,False,False,MANUAL_IDENTITY_REVIEW
2738,4,Tier 4 — Weak/single-signature,0,BRD-K05653692,DL-PDMP,0.880902,56.554077,52.931732,3,0,0,36.788904,52.931732,0.880902,-90.000000,2738,False,False,False,False,False,False,,,,,,,,,not_found,manual_identity_review,No confident PubChem identity was found from the CMap perturbagen name.,NOT_VERIFIED,,,False,False,False,False,MANUAL_IDENTITY_REVIEW
2748,4,Tier 4 — Weak/single-signature,0,BRD-K35573744,erbstatin-analog,0.000000,54.318660,65.251400,3,0,0,39.856687,54.318660,0.000000,-90.000000,2748,False,False,False,False,False,False,,,,,,,,,not_found,manual_identity_review,No confident PubChem identity was found from the CMap perturbagen name.,NOT_VERIFIED,,,False,False,False,False,MANUAL_IDENTITY_REVIEW
2768,4,Tier 4 — Weak/single-signature,0,BRD-A77216878,manumycin-a,0.986610,57.949844,78.807750,3,0,0,45.914735,57.949844,0.986610,-90.000000,2768,False,False,False,False,False,False,,,,,,,,,not_found,manual_identity_review,No confident PubChem identity was found from the CMap perturbagen name.,NOT_VERIFIED,,,False,False,False,False,MANUAL_IDENTITY_REVIEW
2773,4,Tier 4 — Weak/single-signature,0,BRD-K61829047,7b-cis,4.510156,58.298030,80.212690,3,0,0,47.673625,58.298030,4.510156,-90.000000,2773,False,False,False,False,False,False,,,,,,,,,not_found,manual_identity_review,No confident PubChem identity was found from the CMap perturbagen name.,NOT_VERIFIED,,,False,False,False,False,MANUAL_IDENTITY_REVIEW
2786,4,Tier 4 — Weak/single-signature,0,BRD-K92413528,thiazolidinecarboxylic-acid,0.000000,62.354750,84.736520,3,0,0,49.030423,62.354750,0.000000,-90.000000,2786,False,False,False,False,False,False,,,,,,,,,not_found,manual_identity_review,No confident PubChem identity was found from the CMap perturbagen name.,NOT_VERIFIED,,,False,False,False,False,MANUAL_IDENTITY_REVIEW
2792,4,Tier 4 — Weak/single-signature,0,BRD-K51290057,SA-792709,58.475240,64.473920,75.623400,3,0,0,66.190853,64.473920,58.475240,-90.000000,2792,False,False,False,False,False,False,,,,,,,,,not_found,manual_identity_review,No confident PubChem identity was found from the CMap perturbagen name.,NOT_VERIFIED,,,False,False,False,False,MANUAL_IDENTITY_REVIEW
2805,4,Tier 4 — Weak/single-signature,0,BRD-A41301928,bongkrek-acid,0.000000,68.361530,71.931610,3,0,0,46.764380,68.361530,0.000000,-90.000000,2805,False,False,False,False,False,False,,,,,,,,,not_found,manual_identity_review,No confident PubChem identity was found from the CMap perturbagen name.,NOT_VERIFIED,,,False,False,False,False,MANUAL_IDENTITY_REVIEW
2809,4,Tier 4 — Weak/single-signature,0,BRD-K30296925,flavokavain-b,26.481457,83.310770,69.972230,3,0,0,59.921486,69.972230,26.481457,-90.000000,2809,False,False,False,False,False,False,,,,,,,,,not_found,manual_identity_review,No confident PubChem identity was found from the CMap perturbagen name.,NOT_VERIFIED,,,False,False,False,False,MANUAL_IDENTITY_REVIEW
2837,4,Tier 4 — Weak/single-signature,0,BRD-A47513740,calyculin,1.303735,93.741490,98.466950,3,0,0,64.504058,93.741490,1.303735,-90.000000,2837,False,False,False,False,False,False,,,,,,,,,not_found,manual_identity_review,No confident PubChem identity was found from the CMap perturbagen name.,NOT_VERIFIED,,,False,False,False,False,MANUAL_IDENTITY_REVIEW
