dataset_id,source_accession,sample_id,biological_group,resistance_status,treatment,cell_line,patient_id,clone_id,replicate_id,replicate_type,qc_status,qc_reason,organism,biosample_accession,ena_sample_accession,ena_run_accessions,raw_design_text
BIOSTUDIES:E-MTAB-7433,E-MTAB-7433,BT474_ctrl_1,Characteristics[organism]=Homo sapiens | Characteristics[organism part]=mammary gland | Characteristics[cell type]=epithelial cell | Characteristics[cell line]=BT474 | Characteristics[disease]=ductal carcinoma | Characteristics[phenotype]=HER2 positive | Factor Value[compound]=dimethyl sulfoxide | Factor Value[dose]=1,UNRESOLVED,Characteristics[organism]=Homo sapiens | Characteristics[organism part]=mammary gland | Characteristics[cell type]=epithelial cell | Characteristics[cell line]=BT474 | Characteristics[disease]=ductal carcinoma | Characteristics[phenotype]=HER2 positive | Factor Value[compound]=dimethyl sulfoxide | Factor Value[dose]=1,BT474,,,,,METADATA_ONLY,EBI SDRF imported; phenotype requires ATLAS audit,Homo sapiens,SAMEA5131022,ERS2915404,ERR2930217,Characteristics[organism]=Homo sapiens | Characteristics[organism part]=mammary gland | Characteristics[cell type]=epithelial cell | Characteristics[cell line]=BT474 | Characteristics[disease]=ductal carcinoma | Characteristics[phenotype]=HER2 positive | Factor Value[compound]=dimethyl sulfoxide | Factor Value[dose]=1
BIOSTUDIES:E-MTAB-7433,E-MTAB-7433,BT474_ctrl_2,Characteristics[organism]=Homo sapiens | Characteristics[organism part]=mammary gland | Characteristics[cell type]=epithelial cell | Characteristics[cell line]=BT474 | Characteristics[disease]=ductal carcinoma | Characteristics[phenotype]=HER2 positive | Factor Value[compound]=dimethyl sulfoxide | Factor Value[dose]=1,UNRESOLVED,Characteristics[organism]=Homo sapiens | Characteristics[organism part]=mammary gland | Characteristics[cell type]=epithelial cell | Characteristics[cell line]=BT474 | Characteristics[disease]=ductal carcinoma | Characteristics[phenotype]=HER2 positive | Factor Value[compound]=dimethyl sulfoxide | Factor Value[dose]=1,BT474,,,,,METADATA_ONLY,EBI SDRF imported; phenotype requires ATLAS audit,Homo sapiens,SAMEA5131023,ERS2915405,ERR2930218,Characteristics[organism]=Homo sapiens | Characteristics[organism part]=mammary gland | Characteristics[cell type]=epithelial cell | Characteristics[cell line]=BT474 | Characteristics[disease]=ductal carcinoma | Characteristics[phenotype]=HER2 positive | Factor Value[compound]=dimethyl sulfoxide | Factor Value[dose]=1
BIOSTUDIES:E-MTAB-7433,E-MTAB-7433,BT474_ctrl_3,Characteristics[organism]=Homo sapiens | Characteristics[organism part]=mammary gland | Characteristics[cell type]=epithelial cell | Characteristics[cell line]=BT474 | Characteristics[disease]=ductal carcinoma | Characteristics[phenotype]=HER2 positive | Factor Value[compound]=dimethyl sulfoxide | Factor Value[dose]=1,UNRESOLVED,Characteristics[organism]=Homo sapiens | Characteristics[organism part]=mammary gland | Characteristics[cell type]=epithelial cell | Characteristics[cell line]=BT474 | Characteristics[disease]=ductal carcinoma | Characteristics[phenotype]=HER2 positive | Factor Value[compound]=dimethyl sulfoxide | Factor Value[dose]=1,BT474,,,,,METADATA_ONLY,EBI SDRF imported; phenotype requires ATLAS audit,Homo sapiens,SAMEA5131024,ERS2915406,ERR2930219,Characteristics[organism]=Homo sapiens | Characteristics[organism part]=mammary gland | Characteristics[cell type]=epithelial cell | Characteristics[cell line]=BT474 | Characteristics[disease]=ductal carcinoma | Characteristics[phenotype]=HER2 positive | Factor Value[compound]=dimethyl sulfoxide | Factor Value[dose]=1
BIOSTUDIES:E-MTAB-7433,E-MTAB-7433,BT474_kdm5i_1,Characteristics[organism]=Homo sapiens | Characteristics[organism part]=mammary gland | Characteristics[cell type]=epithelial cell | Characteristics[cell line]=BT474 | Characteristics[disease]=ductal carcinoma | Characteristics[phenotype]=HER2 positive | Factor Value[compound]=KDM5-inh1 | Factor Value[dose]=1,UNRESOLVED,Characteristics[organism]=Homo sapiens | Characteristics[organism part]=mammary gland | Characteristics[cell type]=epithelial cell | Characteristics[cell line]=BT474 | Characteristics[disease]=ductal carcinoma | Characteristics[phenotype]=HER2 positive | Factor Value[compound]=KDM5-inh1 | Factor Value[dose]=1,BT474,,,,,METADATA_ONLY,EBI SDRF imported; phenotype requires ATLAS audit,Homo sapiens,SAMEA5131025,ERS2915407,ERR2930220,Characteristics[organism]=Homo sapiens | Characteristics[organism part]=mammary gland | Characteristics[cell type]=epithelial cell | Characteristics[cell line]=BT474 | Characteristics[disease]=ductal carcinoma | Characteristics[phenotype]=HER2 positive | Factor Value[compound]=KDM5-inh1 | Factor Value[dose]=1
BIOSTUDIES:E-MTAB-7433,E-MTAB-7433,BT474_kdm5i_2,Characteristics[organism]=Homo sapiens | Characteristics[organism part]=mammary gland | Characteristics[cell type]=epithelial cell | Characteristics[cell line]=BT474 | Characteristics[disease]=ductal carcinoma | Characteristics[phenotype]=HER2 positive | Factor Value[compound]=KDM5-inh1 | Factor Value[dose]=1,UNRESOLVED,Characteristics[organism]=Homo sapiens | Characteristics[organism part]=mammary gland | Characteristics[cell type]=epithelial cell | Characteristics[cell line]=BT474 | Characteristics[disease]=ductal carcinoma | Characteristics[phenotype]=HER2 positive | Factor Value[compound]=KDM5-inh1 | Factor Value[dose]=1,BT474,,,,,METADATA_ONLY,EBI SDRF imported; phenotype requires ATLAS audit,Homo sapiens,SAMEA5131026,ERS2915408,ERR2930221,Characteristics[organism]=Homo sapiens | Characteristics[organism part]=mammary gland | Characteristics[cell type]=epithelial cell | Characteristics[cell line]=BT474 | Characteristics[disease]=ductal carcinoma | Characteristics[phenotype]=HER2 positive | Factor Value[compound]=KDM5-inh1 | Factor Value[dose]=1
BIOSTUDIES:E-MTAB-7433,E-MTAB-7433,BT474_kdm5i_3,Characteristics[organism]=Homo sapiens | Characteristics[organism part]=mammary gland | Characteristics[cell type]=epithelial cell | Characteristics[cell line]=BT474 | Characteristics[disease]=ductal carcinoma | Characteristics[phenotype]=HER2 positive | Factor Value[compound]=KDM5-inh1 | Factor Value[dose]=1,UNRESOLVED,Characteristics[organism]=Homo sapiens | Characteristics[organism part]=mammary gland | Characteristics[cell type]=epithelial cell | Characteristics[cell line]=BT474 | Characteristics[disease]=ductal carcinoma | Characteristics[phenotype]=HER2 positive | Factor Value[compound]=KDM5-inh1 | Factor Value[dose]=1,BT474,,,,,METADATA_ONLY,EBI SDRF imported; phenotype requires ATLAS audit,Homo sapiens,SAMEA5131027,ERS2915409,ERR2930222,Characteristics[organism]=Homo sapiens | Characteristics[organism part]=mammary gland | Characteristics[cell type]=epithelial cell | Characteristics[cell line]=BT474 | Characteristics[disease]=ductal carcinoma | Characteristics[phenotype]=HER2 positive | Factor Value[compound]=KDM5-inh1 | Factor Value[dose]=1
BIOSTUDIES:E-MTAB-965,E-MTAB-965,P2227,Characteristics [DiseaseState]=breast cancer | Characteristics [CellLine]=BT474 | Characteristics [Organism]=Homo sapiens | Factor Value [CELL_LINE]=BT474 | Factor Value [COMPOUND]=human immunoglobulin G | Factor Value [TIME]=24,UNRESOLVED,Characteristics [DiseaseState]=breast cancer | Characteristics [CellLine]=BT474 | Characteristics [Organism]=Homo sapiens | Factor Value [CELL_LINE]=BT474 | Factor Value [COMPOUND]=human immunoglobulin G | Factor Value [TIME]=24,,,,,,METADATA_ONLY,EBI SDRF imported; phenotype requires ATLAS audit,Homo sapiens,,,,Characteristics [DiseaseState]=breast cancer | Characteristics [CellLine]=BT474 | Characteristics [Organism]=Homo sapiens | Factor Value [CELL_LINE]=BT474 | Factor Value [COMPOUND]=human immunoglobulin G | Factor Value [TIME]=24
BIOSTUDIES:E-MTAB-965,E-MTAB-965,P2228,Characteristics [DiseaseState]=breast cancer | Characteristics [CellLine]=BT474 | Characteristics [Organism]=Homo sapiens | Factor Value [CELL_LINE]=BT474 | Factor Value [COMPOUND]=trastuzumab | Factor Value [TIME]=24,UNRESOLVED,Characteristics [DiseaseState]=breast cancer | Characteristics [CellLine]=BT474 | Characteristics [Organism]=Homo sapiens | Factor Value [CELL_LINE]=BT474 | Factor Value [COMPOUND]=trastuzumab | Factor Value [TIME]=24,,,,,,METADATA_ONLY,EBI SDRF imported; phenotype requires ATLAS audit,Homo sapiens,,,,Characteristics [DiseaseState]=breast cancer | Characteristics [CellLine]=BT474 | Characteristics [Organism]=Homo sapiens | Factor Value [CELL_LINE]=BT474 | Factor Value [COMPOUND]=trastuzumab | Factor Value [TIME]=24
BIOSTUDIES:E-MTAB-965,E-MTAB-965,P2229,Characteristics [DiseaseState]=breast cancer | Characteristics [CellLine]=BT474 | Characteristics [Organism]=Homo sapiens | Factor Value [CELL_LINE]=BT474 | Factor Value [COMPOUND]=human immunoglobulin G | Factor Value [TIME]=48,UNRESOLVED,Characteristics [DiseaseState]=breast cancer | Characteristics [CellLine]=BT474 | Characteristics [Organism]=Homo sapiens | Factor Value [CELL_LINE]=BT474 | Factor Value [COMPOUND]=human immunoglobulin G | Factor Value [TIME]=48,,,,,,METADATA_ONLY,EBI SDRF imported; phenotype requires ATLAS audit,Homo sapiens,,,,Characteristics [DiseaseState]=breast cancer | Characteristics [CellLine]=BT474 | Characteristics [Organism]=Homo sapiens | Factor Value [CELL_LINE]=BT474 | Factor Value [COMPOUND]=human immunoglobulin G | Factor Value [TIME]=48
BIOSTUDIES:E-MTAB-965,E-MTAB-965,P2230,Characteristics [DiseaseState]=breast cancer | Characteristics [CellLine]=BT474 | Characteristics [Organism]=Homo sapiens | Factor Value [CELL_LINE]=BT474 | Factor Value [COMPOUND]=trastuzumab | Factor Value [TIME]=48,UNRESOLVED,Characteristics [DiseaseState]=breast cancer | Characteristics [CellLine]=BT474 | Characteristics [Organism]=Homo sapiens | Factor Value [CELL_LINE]=BT474 | Factor Value [COMPOUND]=trastuzumab | Factor Value [TIME]=48,,,,,,METADATA_ONLY,EBI SDRF imported; phenotype requires ATLAS audit,Homo sapiens,,,,Characteristics [DiseaseState]=breast cancer | Characteristics [CellLine]=BT474 | Characteristics [Organism]=Homo sapiens | Factor Value [CELL_LINE]=BT474 | Factor Value [COMPOUND]=trastuzumab | Factor Value [TIME]=48
BIOSTUDIES:E-MTAB-965,E-MTAB-965,P2231,Characteristics [DiseaseState]=breast cancer | Characteristics [CellLine]=BT474 | Characteristics [Organism]=Homo sapiens | Factor Value [CELL_LINE]=BT474 | Factor Value [COMPOUND]=human immunoglobulin G | Factor Value [TIME]=24,UNRESOLVED,Characteristics [DiseaseState]=breast cancer | Characteristics [CellLine]=BT474 | Characteristics [Organism]=Homo sapiens | Factor Value [CELL_LINE]=BT474 | Factor Value [COMPOUND]=human immunoglobulin G | Factor Value [TIME]=24,,,,,,METADATA_ONLY,EBI SDRF imported; phenotype requires ATLAS audit,Homo sapiens,,,,Characteristics [DiseaseState]=breast cancer | Characteristics [CellLine]=BT474 | Characteristics [Organism]=Homo sapiens | Factor Value [CELL_LINE]=BT474 | Factor Value [COMPOUND]=human immunoglobulin G | Factor Value [TIME]=24
BIOSTUDIES:E-MTAB-965,E-MTAB-965,P2232,Characteristics [DiseaseState]=breast cancer | Characteristics [CellLine]=BT474 | Characteristics [Organism]=Homo sapiens | Factor Value [CELL_LINE]=BT474 | Factor Value [COMPOUND]=trastuzumab | Factor Value [TIME]=24,UNRESOLVED,Characteristics [DiseaseState]=breast cancer | Characteristics [CellLine]=BT474 | Characteristics [Organism]=Homo sapiens | Factor Value [CELL_LINE]=BT474 | Factor Value [COMPOUND]=trastuzumab | Factor Value [TIME]=24,,,,,,METADATA_ONLY,EBI SDRF imported; phenotype requires ATLAS audit,Homo sapiens,,,,Characteristics [DiseaseState]=breast cancer | Characteristics [CellLine]=BT474 | Characteristics [Organism]=Homo sapiens | Factor Value [CELL_LINE]=BT474 | Factor Value [COMPOUND]=trastuzumab | Factor Value [TIME]=24
BIOSTUDIES:E-MTAB-965,E-MTAB-965,P2233,Characteristics [DiseaseState]=breast cancer | Characteristics [CellLine]=BT474 | Characteristics [Organism]=Homo sapiens | Factor Value [CELL_LINE]=BT474 | Factor Value [COMPOUND]=human immunoglobulin G | Factor Value [TIME]=48,UNRESOLVED,Characteristics [DiseaseState]=breast cancer | Characteristics [CellLine]=BT474 | Characteristics [Organism]=Homo sapiens | Factor Value [CELL_LINE]=BT474 | Factor Value [COMPOUND]=human immunoglobulin G | Factor Value [TIME]=48,,,,,,METADATA_ONLY,EBI SDRF imported; phenotype requires ATLAS audit,Homo sapiens,,,,Characteristics [DiseaseState]=breast cancer | Characteristics [CellLine]=BT474 | Characteristics [Organism]=Homo sapiens | Factor Value [CELL_LINE]=BT474 | Factor Value [COMPOUND]=human immunoglobulin G | Factor Value [TIME]=48
BIOSTUDIES:E-MTAB-965,E-MTAB-965,P2234,Characteristics [DiseaseState]=breast cancer | Characteristics [CellLine]=BT474 | Characteristics [Organism]=Homo sapiens | Factor Value [CELL_LINE]=BT474 | Factor Value [COMPOUND]=trastuzumab | Factor Value [TIME]=48,UNRESOLVED,Characteristics [DiseaseState]=breast cancer | Characteristics [CellLine]=BT474 | Characteristics [Organism]=Homo sapiens | Factor Value [CELL_LINE]=BT474 | Factor Value [COMPOUND]=trastuzumab | Factor Value [TIME]=48,,,,,,METADATA_ONLY,EBI SDRF imported; phenotype requires ATLAS audit,Homo sapiens,,,,Characteristics [DiseaseState]=breast cancer | Characteristics [CellLine]=BT474 | Characteristics [Organism]=Homo sapiens | Factor Value [CELL_LINE]=BT474 | Factor Value [COMPOUND]=trastuzumab | Factor Value [TIME]=48
BIOSTUDIES:E-MTAB-965,E-MTAB-965,P2235,Characteristics [DiseaseState]=breast cancer | Characteristics [CellLine]=SKBr3 | Characteristics [Organism]=Homo sapiens | Factor Value [CELL_LINE]=SKBr3 | Factor Value [COMPOUND]=human immunoglobulin G | Factor Value [TIME]=20,UNRESOLVED,Characteristics [DiseaseState]=breast cancer | Characteristics [CellLine]=SKBr3 | Characteristics [Organism]=Homo sapiens | Factor Value [CELL_LINE]=SKBr3 | Factor Value [COMPOUND]=human immunoglobulin G | Factor Value [TIME]=20,,,,,,METADATA_ONLY,EBI SDRF imported; phenotype requires ATLAS audit,Homo sapiens,,,,Characteristics [DiseaseState]=breast cancer | Characteristics [CellLine]=SKBr3 | Characteristics [Organism]=Homo sapiens | Factor Value [CELL_LINE]=SKBr3 | Factor Value [COMPOUND]=human immunoglobulin G | Factor Value [TIME]=20
BIOSTUDIES:E-MTAB-965,E-MTAB-965,P2237,Characteristics [DiseaseState]=breast cancer | Characteristics [CellLine]=SKBr3 | Characteristics [Organism]=Homo sapiens | Factor Value [CELL_LINE]=SKBr3 | Factor Value [COMPOUND]=trastuzumab | Factor Value [TIME]=20,UNRESOLVED,Characteristics [DiseaseState]=breast cancer | Characteristics [CellLine]=SKBr3 | Characteristics [Organism]=Homo sapiens | Factor Value [CELL_LINE]=SKBr3 | Factor Value [COMPOUND]=trastuzumab | Factor Value [TIME]=20,,,,,,METADATA_ONLY,EBI SDRF imported; phenotype requires ATLAS audit,Homo sapiens,,,,Characteristics [DiseaseState]=breast cancer | Characteristics [CellLine]=SKBr3 | Characteristics [Organism]=Homo sapiens | Factor Value [CELL_LINE]=SKBr3 | Factor Value [COMPOUND]=trastuzumab | Factor Value [TIME]=20
BIOSTUDIES:E-MTAB-965,E-MTAB-965,P2239,Characteristics [DiseaseState]=breast cancer | Characteristics [CellLine]=BT474 | Characteristics [Organism]=Homo sapiens | Factor Value [CELL_LINE]=BT474 | Factor Value [COMPOUND]=human immunoglobulin G | Factor Value [TIME]=24,UNRESOLVED,Characteristics [DiseaseState]=breast cancer | Characteristics [CellLine]=BT474 | Characteristics [Organism]=Homo sapiens | Factor Value [CELL_LINE]=BT474 | Factor Value [COMPOUND]=human immunoglobulin G | Factor Value [TIME]=24,,,,,,METADATA_ONLY,EBI SDRF imported; phenotype requires ATLAS audit,Homo sapiens,,,,Characteristics [DiseaseState]=breast cancer | Characteristics [CellLine]=BT474 | Characteristics [Organism]=Homo sapiens | Factor Value [CELL_LINE]=BT474 | Factor Value [COMPOUND]=human immunoglobulin G | Factor Value [TIME]=24
BIOSTUDIES:E-MTAB-965,E-MTAB-965,P2240,Characteristics [DiseaseState]=breast cancer | Characteristics [CellLine]=BT474 | Characteristics [Organism]=Homo sapiens | Factor Value [CELL_LINE]=BT474 | Factor Value [COMPOUND]=trastuzumab | Factor Value [TIME]=24,UNRESOLVED,Characteristics [DiseaseState]=breast cancer | Characteristics [CellLine]=BT474 | Characteristics [Organism]=Homo sapiens | Factor Value [CELL_LINE]=BT474 | Factor Value [COMPOUND]=trastuzumab | Factor Value [TIME]=24,,,,,,METADATA_ONLY,EBI SDRF imported; phenotype requires ATLAS audit,Homo sapiens,,,,Characteristics [DiseaseState]=breast cancer | Characteristics [CellLine]=BT474 | Characteristics [Organism]=Homo sapiens | Factor Value [CELL_LINE]=BT474 | Factor Value [COMPOUND]=trastuzumab | Factor Value [TIME]=24
BIOSTUDIES:E-MTAB-965,E-MTAB-965,P2241,Characteristics [DiseaseState]=breast cancer | Characteristics [CellLine]=BT474 | Characteristics [Organism]=Homo sapiens | Factor Value [CELL_LINE]=BT474 | Factor Value [COMPOUND]=human immunoglobulin G | Factor Value [TIME]=48,UNRESOLVED,Characteristics [DiseaseState]=breast cancer | Characteristics [CellLine]=BT474 | Characteristics [Organism]=Homo sapiens | Factor Value [CELL_LINE]=BT474 | Factor Value [COMPOUND]=human immunoglobulin G | Factor Value [TIME]=48,,,,,,METADATA_ONLY,EBI SDRF imported; phenotype requires ATLAS audit,Homo sapiens,,,,Characteristics [DiseaseState]=breast cancer | Characteristics [CellLine]=BT474 | Characteristics [Organism]=Homo sapiens | Factor Value [CELL_LINE]=BT474 | Factor Value [COMPOUND]=human immunoglobulin G | Factor Value [TIME]=48
BIOSTUDIES:E-MTAB-965,E-MTAB-965,P2242,Characteristics [DiseaseState]=breast cancer | Characteristics [CellLine]=BT474 | Characteristics [Organism]=Homo sapiens | Factor Value [CELL_LINE]=BT474 | Factor Value [COMPOUND]=trastuzumab | Factor Value [TIME]=48,UNRESOLVED,Characteristics [DiseaseState]=breast cancer | Characteristics [CellLine]=BT474 | Characteristics [Organism]=Homo sapiens | Factor Value [CELL_LINE]=BT474 | Factor Value [COMPOUND]=trastuzumab | Factor Value [TIME]=48,,,,,,METADATA_ONLY,EBI SDRF imported; phenotype requires ATLAS audit,Homo sapiens,,,,Characteristics [DiseaseState]=breast cancer | Characteristics [CellLine]=BT474 | Characteristics [Organism]=Homo sapiens | Factor Value [CELL_LINE]=BT474 | Factor Value [COMPOUND]=trastuzumab | Factor Value [TIME]=48
BIOSTUDIES:E-MTAB-965,E-MTAB-965,P2243,Characteristics [DiseaseState]=breast cancer | Characteristics [CellLine]=BT474 | Characteristics [Organism]=Homo sapiens | Factor Value [CELL_LINE]=BT474 | Factor Value [COMPOUND]=human immunoglobulin G | Factor Value [TIME]=24,UNRESOLVED,Characteristics [DiseaseState]=breast cancer | Characteristics [CellLine]=BT474 | Characteristics [Organism]=Homo sapiens | Factor Value [CELL_LINE]=BT474 | Factor Value [COMPOUND]=human immunoglobulin G | Factor Value [TIME]=24,,,,,,METADATA_ONLY,EBI SDRF imported; phenotype requires ATLAS audit,Homo sapiens,,,,Characteristics [DiseaseState]=breast cancer | Characteristics [CellLine]=BT474 | Characteristics [Organism]=Homo sapiens | Factor Value [CELL_LINE]=BT474 | Factor Value [COMPOUND]=human immunoglobulin G | Factor Value [TIME]=24
BIOSTUDIES:E-MTAB-965,E-MTAB-965,P2244,Characteristics [DiseaseState]=breast cancer | Characteristics [CellLine]=BT474 | Characteristics [Organism]=Homo sapiens | Factor Value [CELL_LINE]=BT474 | Factor Value [COMPOUND]=trastuzumab | Factor Value [TIME]=24,UNRESOLVED,Characteristics [DiseaseState]=breast cancer | Characteristics [CellLine]=BT474 | Characteristics [Organism]=Homo sapiens | Factor Value [CELL_LINE]=BT474 | Factor Value [COMPOUND]=trastuzumab | Factor Value [TIME]=24,,,,,,METADATA_ONLY,EBI SDRF imported; phenotype requires ATLAS audit,Homo sapiens,,,,Characteristics [DiseaseState]=breast cancer | Characteristics [CellLine]=BT474 | Characteristics [Organism]=Homo sapiens | Factor Value [CELL_LINE]=BT474 | Factor Value [COMPOUND]=trastuzumab | Factor Value [TIME]=24
BIOSTUDIES:E-MTAB-965,E-MTAB-965,P2245,Characteristics [DiseaseState]=breast cancer | Characteristics [CellLine]=BT474 | Characteristics [Organism]=Homo sapiens | Factor Value [CELL_LINE]=BT474 | Factor Value [COMPOUND]=human immunoglobulin G | Factor Value [TIME]=48,UNRESOLVED,Characteristics [DiseaseState]=breast cancer | Characteristics [CellLine]=BT474 | Characteristics [Organism]=Homo sapiens | Factor Value [CELL_LINE]=BT474 | Factor Value [COMPOUND]=human immunoglobulin G | Factor Value [TIME]=48,,,,,,METADATA_ONLY,EBI SDRF imported; phenotype requires ATLAS audit,Homo sapiens,,,,Characteristics [DiseaseState]=breast cancer | Characteristics [CellLine]=BT474 | Characteristics [Organism]=Homo sapiens | Factor Value [CELL_LINE]=BT474 | Factor Value [COMPOUND]=human immunoglobulin G | Factor Value [TIME]=48
BIOSTUDIES:E-MTAB-965,E-MTAB-965,P2246,Characteristics [DiseaseState]=breast cancer | Characteristics [CellLine]=BT474 | Characteristics [Organism]=Homo sapiens | Factor Value [CELL_LINE]=BT474 | Factor Value [COMPOUND]=trastuzumab | Factor Value [TIME]=48,UNRESOLVED,Characteristics [DiseaseState]=breast cancer | Characteristics [CellLine]=BT474 | Characteristics [Organism]=Homo sapiens | Factor Value [CELL_LINE]=BT474 | Factor Value [COMPOUND]=trastuzumab | Factor Value [TIME]=48,,,,,,METADATA_ONLY,EBI SDRF imported; phenotype requires ATLAS audit,Homo sapiens,,,,Characteristics [DiseaseState]=breast cancer | Characteristics [CellLine]=BT474 | Characteristics [Organism]=Homo sapiens | Factor Value [CELL_LINE]=BT474 | Factor Value [COMPOUND]=trastuzumab | Factor Value [TIME]=48
BIOSTUDIES:E-MTAB-965,E-MTAB-965,P2247,Characteristics [DiseaseState]=breast cancer | Characteristics [CellLine]=SKBr3 | Characteristics [Organism]=Homo sapiens | Factor Value [CELL_LINE]=SKBr3 | Factor Value [COMPOUND]=human immunoglobulin G | Factor Value [TIME]=20,UNRESOLVED,Characteristics [DiseaseState]=breast cancer | Characteristics [CellLine]=SKBr3 | Characteristics [Organism]=Homo sapiens | Factor Value [CELL_LINE]=SKBr3 | Factor Value [COMPOUND]=human immunoglobulin G | Factor Value [TIME]=20,,,,,,METADATA_ONLY,EBI SDRF imported; phenotype requires ATLAS audit,Homo sapiens,,,,Characteristics [DiseaseState]=breast cancer | Characteristics [CellLine]=SKBr3 | Characteristics [Organism]=Homo sapiens | Factor Value [CELL_LINE]=SKBr3 | Factor Value [COMPOUND]=human immunoglobulin G | Factor Value [TIME]=20
BIOSTUDIES:E-MTAB-965,E-MTAB-965,P2248,Characteristics [DiseaseState]=breast cancer | Characteristics [CellLine]=SKBr3 | Characteristics [Organism]=Homo sapiens | Factor Value [CELL_LINE]=SKBr3 | Factor Value [COMPOUND]=trastuzumab | Factor Value [TIME]=20,UNRESOLVED,Characteristics [DiseaseState]=breast cancer | Characteristics [CellLine]=SKBr3 | Characteristics [Organism]=Homo sapiens | Factor Value [CELL_LINE]=SKBr3 | Factor Value [COMPOUND]=trastuzumab | Factor Value [TIME]=20,,,,,,METADATA_ONLY,EBI SDRF imported; phenotype requires ATLAS audit,Homo sapiens,,,,Characteristics [DiseaseState]=breast cancer | Characteristics [CellLine]=SKBr3 | Characteristics [Organism]=Homo sapiens | Factor Value [CELL_LINE]=SKBr3 | Factor Value [COMPOUND]=trastuzumab | Factor Value [TIME]=20
BIOSTUDIES:E-MTAB-965,E-MTAB-965,P2249,Characteristics [DiseaseState]=breast cancer | Characteristics [CellLine]=SKBr3 | Characteristics [Organism]=Homo sapiens | Factor Value [CELL_LINE]=SKBr3 | Factor Value [COMPOUND]=human immunoglobulin G | Factor Value [TIME]=20,UNRESOLVED,Characteristics [DiseaseState]=breast cancer | Characteristics [CellLine]=SKBr3 | Characteristics [Organism]=Homo sapiens | Factor Value [CELL_LINE]=SKBr3 | Factor Value [COMPOUND]=human immunoglobulin G | Factor Value [TIME]=20,,,,,,METADATA_ONLY,EBI SDRF imported; phenotype requires ATLAS audit,Homo sapiens,,,,Characteristics [DiseaseState]=breast cancer | Characteristics [CellLine]=SKBr3 | Characteristics [Organism]=Homo sapiens | Factor Value [CELL_LINE]=SKBr3 | Factor Value [COMPOUND]=human immunoglobulin G | Factor Value [TIME]=20
BIOSTUDIES:E-MTAB-965,E-MTAB-965,P2250,Characteristics [DiseaseState]=breast cancer | Characteristics [CellLine]=SKBr3 | Characteristics [Organism]=Homo sapiens | Factor Value [CELL_LINE]=SKBr3 | Factor Value [COMPOUND]=trastuzumab | Factor Value [TIME]=20,UNRESOLVED,Characteristics [DiseaseState]=breast cancer | Characteristics [CellLine]=SKBr3 | Characteristics [Organism]=Homo sapiens | Factor Value [CELL_LINE]=SKBr3 | Factor Value [COMPOUND]=trastuzumab | Factor Value [TIME]=20,,,,,,METADATA_ONLY,EBI SDRF imported; phenotype requires ATLAS audit,Homo sapiens,,,,Characteristics [DiseaseState]=breast cancer | Characteristics [CellLine]=SKBr3 | Characteristics [Organism]=Homo sapiens | Factor Value [CELL_LINE]=SKBr3 | Factor Value [COMPOUND]=trastuzumab | Factor Value [TIME]=20
BIOSTUDIES:E-MTAB-965,E-MTAB-965,P2255,Characteristics [DiseaseState]=breast cancer | Characteristics [CellLine]=SKBr3 | Characteristics [Organism]=Homo sapiens | Factor Value [CELL_LINE]=SKBr3 | Factor Value [COMPOUND]=human immunoglobulin G | Factor Value [TIME]=20,UNRESOLVED,Characteristics [DiseaseState]=breast cancer | Characteristics [CellLine]=SKBr3 | Characteristics [Organism]=Homo sapiens | Factor Value [CELL_LINE]=SKBr3 | Factor Value [COMPOUND]=human immunoglobulin G | Factor Value [TIME]=20,,,,,,METADATA_ONLY,EBI SDRF imported; phenotype requires ATLAS audit,Homo sapiens,,,,Characteristics [DiseaseState]=breast cancer | Characteristics [CellLine]=SKBr3 | Characteristics [Organism]=Homo sapiens | Factor Value [CELL_LINE]=SKBr3 | Factor Value [COMPOUND]=human immunoglobulin G | Factor Value [TIME]=20
BIOSTUDIES:E-MTAB-965,E-MTAB-965,P2256,Characteristics [DiseaseState]=breast cancer | Characteristics [CellLine]=SKBr3 | Characteristics [Organism]=Homo sapiens | Factor Value [CELL_LINE]=SKBr3 | Factor Value [COMPOUND]=trastuzumab | Factor Value [TIME]=20,UNRESOLVED,Characteristics [DiseaseState]=breast cancer | Characteristics [CellLine]=SKBr3 | Characteristics [Organism]=Homo sapiens | Factor Value [CELL_LINE]=SKBr3 | Factor Value [COMPOUND]=trastuzumab | Factor Value [TIME]=20,,,,,,METADATA_ONLY,EBI SDRF imported; phenotype requires ATLAS audit,Homo sapiens,,,,Characteristics [DiseaseState]=breast cancer | Characteristics [CellLine]=SKBr3 | Characteristics [Organism]=Homo sapiens | Factor Value [CELL_LINE]=SKBr3 | Factor Value [COMPOUND]=trastuzumab | Factor Value [TIME]=20
BIOSTUDIES:E-MTAB-12224,E-MTAB-12224,1-2D-JIMT-control,Characteristics[organism]=Homo sapiens | Characteristics[cell line]=JIMT-1 | Characteristics[organism part]=mammary gland | Characteristics[disease]=breast ductal adenocarcinoma | Characteristics[phenotype]=trastuzumab resistant | Factor Value[cell line]=JIMT-1 | Factor Value[phenotype]=trastuzumab resistant,UNRESOLVED,Characteristics[organism]=Homo sapiens | Characteristics[cell line]=JIMT-1 | Characteristics[organism part]=mammary gland | Characteristics[disease]=breast ductal adenocarcinoma | Characteristics[phenotype]=trastuzumab resistant | Factor Value[cell line]=JIMT-1 | Factor Value[phenotype]=trastuzumab resistant,JIMT-1,,,,,METADATA_ONLY,EBI SDRF imported; phenotype requires ATLAS audit,Homo sapiens,SAMEA111439161,ERS13532583,ERR10317193,Characteristics[organism]=Homo sapiens | Characteristics[cell line]=JIMT-1 | Characteristics[organism part]=mammary gland | Characteristics[disease]=breast ductal adenocarcinoma | Characteristics[phenotype]=trastuzumab resistant | Factor Value[cell line]=JIMT-1 | Factor Value[phenotype]=trastuzumab resistant
BIOSTUDIES:E-MTAB-12224,E-MTAB-12224,1-2D-JIMT-DAC,Characteristics[organism]=Homo sapiens | Characteristics[cell line]=JIMT-1 | Characteristics[organism part]=mammary gland | Characteristics[disease]=breast ductal adenocarcinoma | Characteristics[phenotype]=trastuzumab resistant | Factor Value[cell line]=JIMT-1 | Factor Value[phenotype]=trastuzumab resistant | Factor Value[stimulus]=decitabine,UNRESOLVED,Characteristics[organism]=Homo sapiens | Characteristics[cell line]=JIMT-1 | Characteristics[organism part]=mammary gland | Characteristics[disease]=breast ductal adenocarcinoma | Characteristics[phenotype]=trastuzumab resistant | Factor Value[cell line]=JIMT-1 | Factor Value[phenotype]=trastuzumab resistant | Factor Value[stimulus]=decitabine,JIMT-1,,,,,METADATA_ONLY,EBI SDRF imported; phenotype requires ATLAS audit,Homo sapiens,SAMEA111439162,ERS13532584,ERR10317194,Characteristics[organism]=Homo sapiens | Characteristics[cell line]=JIMT-1 | Characteristics[organism part]=mammary gland | Characteristics[disease]=breast ductal adenocarcinoma | Characteristics[phenotype]=trastuzumab resistant | Factor Value[cell line]=JIMT-1 | Factor Value[phenotype]=trastuzumab resistant | Factor Value[stimulus]=decitabine
BIOSTUDIES:E-MTAB-12224,E-MTAB-12224,1-2D-T47D-control,Characteristics[organism]=Homo sapiens | Characteristics[cell line]=T-47D | Characteristics[organism part]=mammary gland | Characteristics[disease]=breast ductal adenocarcinoma | Characteristics[phenotype]=luminal A subtype | Factor Value[cell line]=T-47D | Factor Value[phenotype]=luminal A subtype,UNRESOLVED,Characteristics[organism]=Homo sapiens | Characteristics[cell line]=T-47D | Characteristics[organism part]=mammary gland | Characteristics[disease]=breast ductal adenocarcinoma | Characteristics[phenotype]=luminal A subtype | Factor Value[cell line]=T-47D | Factor Value[phenotype]=luminal A subtype,T-47D,,,,,METADATA_ONLY,EBI SDRF imported; phenotype requires ATLAS audit,Homo sapiens,SAMEA111439163,ERS13532585,ERR10317195,Characteristics[organism]=Homo sapiens | Characteristics[cell line]=T-47D | Characteristics[organism part]=mammary gland | Characteristics[disease]=breast ductal adenocarcinoma | Characteristics[phenotype]=luminal A subtype | Factor Value[cell line]=T-47D | Factor Value[phenotype]=luminal A subtype
BIOSTUDIES:E-MTAB-12224,E-MTAB-12224,1-2D-T47D-DAC,Characteristics[organism]=Homo sapiens | Characteristics[cell line]=T-47D | Characteristics[organism part]=mammary gland | Characteristics[disease]=breast ductal adenocarcinoma | Characteristics[phenotype]=luminal A subtype | Factor Value[cell line]=T-47D | Factor Value[phenotype]=luminal A subtype | Factor Value[stimulus]=decitabine,UNRESOLVED,Characteristics[organism]=Homo sapiens | Characteristics[cell line]=T-47D | Characteristics[organism part]=mammary gland | Characteristics[disease]=breast ductal adenocarcinoma | Characteristics[phenotype]=luminal A subtype | Factor Value[cell line]=T-47D | Factor Value[phenotype]=luminal A subtype | Factor Value[stimulus]=decitabine,T-47D,,,,,METADATA_ONLY,EBI SDRF imported; phenotype requires ATLAS audit,Homo sapiens,SAMEA111439164,ERS13532586,ERR10317196,Characteristics[organism]=Homo sapiens | Characteristics[cell line]=T-47D | Characteristics[organism part]=mammary gland | Characteristics[disease]=breast ductal adenocarcinoma | Characteristics[phenotype]=luminal A subtype | Factor Value[cell line]=T-47D | Factor Value[phenotype]=luminal A subtype | Factor Value[stimulus]=decitabine
BIOSTUDIES:E-MTAB-12224,E-MTAB-12224,2-2D-JIMT-control,Characteristics[organism]=Homo sapiens | Characteristics[cell line]=JIMT-1 | Characteristics[organism part]=mammary gland | Characteristics[disease]=breast ductal adenocarcinoma | Characteristics[phenotype]=trastuzumab resistant | Factor Value[cell line]=JIMT-1 | Factor Value[phenotype]=trastuzumab resistant,UNRESOLVED,Characteristics[organism]=Homo sapiens | Characteristics[cell line]=JIMT-1 | Characteristics[organism part]=mammary gland | Characteristics[disease]=breast ductal adenocarcinoma | Characteristics[phenotype]=trastuzumab resistant | Factor Value[cell line]=JIMT-1 | Factor Value[phenotype]=trastuzumab resistant,JIMT-1,,,,,METADATA_ONLY,EBI SDRF imported; phenotype requires ATLAS audit,Homo sapiens,SAMEA111439165,ERS13532587,ERR10317197,Characteristics[organism]=Homo sapiens | Characteristics[cell line]=JIMT-1 | Characteristics[organism part]=mammary gland | Characteristics[disease]=breast ductal adenocarcinoma | Characteristics[phenotype]=trastuzumab resistant | Factor Value[cell line]=JIMT-1 | Factor Value[phenotype]=trastuzumab resistant
BIOSTUDIES:E-MTAB-12224,E-MTAB-12224,2-2D-JIMT-DAC,Characteristics[organism]=Homo sapiens | Characteristics[cell line]=JIMT-1 | Characteristics[organism part]=mammary gland | Characteristics[disease]=breast ductal adenocarcinoma | Characteristics[phenotype]=trastuzumab resistant | Factor Value[cell line]=JIMT-1 | Factor Value[phenotype]=trastuzumab resistant | Factor Value[stimulus]=decitabine,UNRESOLVED,Characteristics[organism]=Homo sapiens | Characteristics[cell line]=JIMT-1 | Characteristics[organism part]=mammary gland | Characteristics[disease]=breast ductal adenocarcinoma | Characteristics[phenotype]=trastuzumab resistant | Factor Value[cell line]=JIMT-1 | Factor Value[phenotype]=trastuzumab resistant | Factor Value[stimulus]=decitabine,JIMT-1,,,,,METADATA_ONLY,EBI SDRF imported; phenotype requires ATLAS audit,Homo sapiens,SAMEA111439166,ERS13532588,ERR10317198,Characteristics[organism]=Homo sapiens | Characteristics[cell line]=JIMT-1 | Characteristics[organism part]=mammary gland | Characteristics[disease]=breast ductal adenocarcinoma | Characteristics[phenotype]=trastuzumab resistant | Factor Value[cell line]=JIMT-1 | Factor Value[phenotype]=trastuzumab resistant | Factor Value[stimulus]=decitabine
BIOSTUDIES:E-MTAB-12224,E-MTAB-12224,2-2D-T47D-control,Characteristics[organism]=Homo sapiens | Characteristics[cell line]=T-47D | Characteristics[organism part]=mammary gland | Characteristics[disease]=breast ductal adenocarcinoma | Characteristics[phenotype]=luminal A subtype | Factor Value[cell line]=T-47D | Factor Value[phenotype]=luminal A subtype,UNRESOLVED,Characteristics[organism]=Homo sapiens | Characteristics[cell line]=T-47D | Characteristics[organism part]=mammary gland | Characteristics[disease]=breast ductal adenocarcinoma | Characteristics[phenotype]=luminal A subtype | Factor Value[cell line]=T-47D | Factor Value[phenotype]=luminal A subtype,T-47D,,,,,METADATA_ONLY,EBI SDRF imported; phenotype requires ATLAS audit,Homo sapiens,SAMEA111439167,ERS13532589,ERR10317199,Characteristics[organism]=Homo sapiens | Characteristics[cell line]=T-47D | Characteristics[organism part]=mammary gland | Characteristics[disease]=breast ductal adenocarcinoma | Characteristics[phenotype]=luminal A subtype | Factor Value[cell line]=T-47D | Factor Value[phenotype]=luminal A subtype
BIOSTUDIES:E-MTAB-12224,E-MTAB-12224,2-2D-T47D-DAC,Characteristics[organism]=Homo sapiens | Characteristics[cell line]=T-47D | Characteristics[organism part]=mammary gland | Characteristics[disease]=breast ductal adenocarcinoma | Characteristics[phenotype]=luminal A subtype | Factor Value[cell line]=T-47D | Factor Value[phenotype]=luminal A subtype | Factor Value[stimulus]=decitabine,UNRESOLVED,Characteristics[organism]=Homo sapiens | Characteristics[cell line]=T-47D | Characteristics[organism part]=mammary gland | Characteristics[disease]=breast ductal adenocarcinoma | Characteristics[phenotype]=luminal A subtype | Factor Value[cell line]=T-47D | Factor Value[phenotype]=luminal A subtype | Factor Value[stimulus]=decitabine,T-47D,,,,,METADATA_ONLY,EBI SDRF imported; phenotype requires ATLAS audit,Homo sapiens,SAMEA111439168,ERS13532590,ERR10317200,Characteristics[organism]=Homo sapiens | Characteristics[cell line]=T-47D | Characteristics[organism part]=mammary gland | Characteristics[disease]=breast ductal adenocarcinoma | Characteristics[phenotype]=luminal A subtype | Factor Value[cell line]=T-47D | Factor Value[phenotype]=luminal A subtype | Factor Value[stimulus]=decitabine
BIOSTUDIES:E-MTAB-12224,E-MTAB-12224,3-2D-JIMT-control,Characteristics[organism]=Homo sapiens | Characteristics[cell line]=JIMT-1 | Characteristics[organism part]=mammary gland | Characteristics[disease]=breast ductal adenocarcinoma | Characteristics[phenotype]=trastuzumab resistant | Factor Value[cell line]=JIMT-1 | Factor Value[phenotype]=trastuzumab resistant,UNRESOLVED,Characteristics[organism]=Homo sapiens | Characteristics[cell line]=JIMT-1 | Characteristics[organism part]=mammary gland | Characteristics[disease]=breast ductal adenocarcinoma | Characteristics[phenotype]=trastuzumab resistant | Factor Value[cell line]=JIMT-1 | Factor Value[phenotype]=trastuzumab resistant,JIMT-1,,,,,METADATA_ONLY,EBI SDRF imported; phenotype requires ATLAS audit,Homo sapiens,SAMEA111439169,ERS13532591,ERR10317201,Characteristics[organism]=Homo sapiens | Characteristics[cell line]=JIMT-1 | Characteristics[organism part]=mammary gland | Characteristics[disease]=breast ductal adenocarcinoma | Characteristics[phenotype]=trastuzumab resistant | Factor Value[cell line]=JIMT-1 | Factor Value[phenotype]=trastuzumab resistant
BIOSTUDIES:E-MTAB-12224,E-MTAB-12224,3-2D-JIMT-DAC,Characteristics[organism]=Homo sapiens | Characteristics[cell line]=JIMT-1 | Characteristics[organism part]=mammary gland | Characteristics[disease]=breast ductal adenocarcinoma | Characteristics[phenotype]=trastuzumab resistant | Factor Value[cell line]=JIMT-1 | Factor Value[phenotype]=trastuzumab resistant | Factor Value[stimulus]=decitabine,UNRESOLVED,Characteristics[organism]=Homo sapiens | Characteristics[cell line]=JIMT-1 | Characteristics[organism part]=mammary gland | Characteristics[disease]=breast ductal adenocarcinoma | Characteristics[phenotype]=trastuzumab resistant | Factor Value[cell line]=JIMT-1 | Factor Value[phenotype]=trastuzumab resistant | Factor Value[stimulus]=decitabine,JIMT-1,,,,,METADATA_ONLY,EBI SDRF imported; phenotype requires ATLAS audit,Homo sapiens,SAMEA111439170,ERS13532592,ERR10317202,Characteristics[organism]=Homo sapiens | Characteristics[cell line]=JIMT-1 | Characteristics[organism part]=mammary gland | Characteristics[disease]=breast ductal adenocarcinoma | Characteristics[phenotype]=trastuzumab resistant | Factor Value[cell line]=JIMT-1 | Factor Value[phenotype]=trastuzumab resistant | Factor Value[stimulus]=decitabine
BIOSTUDIES:E-MTAB-12224,E-MTAB-12224,3-2D-T47D-control,Characteristics[organism]=Homo sapiens | Characteristics[cell line]=T-47D | Characteristics[organism part]=mammary gland | Characteristics[disease]=breast ductal adenocarcinoma | Characteristics[phenotype]=luminal A subtype | Factor Value[cell line]=T-47D | Factor Value[phenotype]=luminal A subtype,UNRESOLVED,Characteristics[organism]=Homo sapiens | Characteristics[cell line]=T-47D | Characteristics[organism part]=mammary gland | Characteristics[disease]=breast ductal adenocarcinoma | Characteristics[phenotype]=luminal A subtype | Factor Value[cell line]=T-47D | Factor Value[phenotype]=luminal A subtype,T-47D,,,,,METADATA_ONLY,EBI SDRF imported; phenotype requires ATLAS audit,Homo sapiens,SAMEA111439171,ERS13532593,ERR10317203,Characteristics[organism]=Homo sapiens | Characteristics[cell line]=T-47D | Characteristics[organism part]=mammary gland | Characteristics[disease]=breast ductal adenocarcinoma | Characteristics[phenotype]=luminal A subtype | Factor Value[cell line]=T-47D | Factor Value[phenotype]=luminal A subtype
BIOSTUDIES:E-MTAB-12224,E-MTAB-12224,3-2D-T47D-DAC,Characteristics[organism]=Homo sapiens | Characteristics[cell line]=T-47D | Characteristics[organism part]=mammary gland | Characteristics[disease]=breast ductal adenocarcinoma | Characteristics[phenotype]=luminal A subtype | Factor Value[cell line]=T-47D | Factor Value[phenotype]=luminal A subtype | Factor Value[stimulus]=decitabine,UNRESOLVED,Characteristics[organism]=Homo sapiens | Characteristics[cell line]=T-47D | Characteristics[organism part]=mammary gland | Characteristics[disease]=breast ductal adenocarcinoma | Characteristics[phenotype]=luminal A subtype | Factor Value[cell line]=T-47D | Factor Value[phenotype]=luminal A subtype | Factor Value[stimulus]=decitabine,T-47D,,,,,METADATA_ONLY,EBI SDRF imported; phenotype requires ATLAS audit,Homo sapiens,SAMEA111439172,ERS13532594,ERR10317204,Characteristics[organism]=Homo sapiens | Characteristics[cell line]=T-47D | Characteristics[organism part]=mammary gland | Characteristics[disease]=breast ductal adenocarcinoma | Characteristics[phenotype]=luminal A subtype | Factor Value[cell line]=T-47D | Factor Value[phenotype]=luminal A subtype | Factor Value[stimulus]=decitabine
BIOSTUDIES:E-MTAB-12225,E-MTAB-12225,1-2D-JIMT-control,Characteristics[organism]=Homo sapiens | Characteristics[cell line]=JIMT-1 | Characteristics[organism part]=mammary gland | Characteristics[disease]=breast ductal adenocarcinoma | Characteristics[phenotype]=trastuzumab resistant | Factor Value[cell line]=JIMT-1 | Factor Value[phenotype]=trastuzumab resistant,UNRESOLVED,Characteristics[organism]=Homo sapiens | Characteristics[cell line]=JIMT-1 | Characteristics[organism part]=mammary gland | Characteristics[disease]=breast ductal adenocarcinoma | Characteristics[phenotype]=trastuzumab resistant | Factor Value[cell line]=JIMT-1 | Factor Value[phenotype]=trastuzumab resistant,JIMT-1,,,,,METADATA_ONLY,EBI SDRF imported; phenotype requires ATLAS audit,Homo sapiens,,,,Characteristics[organism]=Homo sapiens | Characteristics[cell line]=JIMT-1 | Characteristics[organism part]=mammary gland | Characteristics[disease]=breast ductal adenocarcinoma | Characteristics[phenotype]=trastuzumab resistant | Factor Value[cell line]=JIMT-1 | Factor Value[phenotype]=trastuzumab resistant
BIOSTUDIES:E-MTAB-12225,E-MTAB-12225,1-2D-JIMT-DAC,Characteristics[organism]=Homo sapiens | Characteristics[cell line]=JIMT-1 | Characteristics[organism part]=mammary gland | Characteristics[disease]=breast ductal adenocarcinoma | Characteristics[phenotype]=trastuzumab resistant | Factor Value[cell line]=JIMT-1 | Factor Value[phenotype]=trastuzumab resistant | Factor Value[stimulus]=decitabine,UNRESOLVED,Characteristics[organism]=Homo sapiens | Characteristics[cell line]=JIMT-1 | Characteristics[organism part]=mammary gland | Characteristics[disease]=breast ductal adenocarcinoma | Characteristics[phenotype]=trastuzumab resistant | Factor Value[cell line]=JIMT-1 | Factor Value[phenotype]=trastuzumab resistant | Factor Value[stimulus]=decitabine,JIMT-1,,,,,METADATA_ONLY,EBI SDRF imported; phenotype requires ATLAS audit,Homo sapiens,,,,Characteristics[organism]=Homo sapiens | Characteristics[cell line]=JIMT-1 | Characteristics[organism part]=mammary gland | Characteristics[disease]=breast ductal adenocarcinoma | Characteristics[phenotype]=trastuzumab resistant | Factor Value[cell line]=JIMT-1 | Factor Value[phenotype]=trastuzumab resistant | Factor Value[stimulus]=decitabine
BIOSTUDIES:E-MTAB-12225,E-MTAB-12225,1-2D-T47D-control,Characteristics[organism]=Homo sapiens | Characteristics[cell line]=T-47D | Characteristics[organism part]=mammary gland | Characteristics[disease]=breast ductal adenocarcinoma | Characteristics[phenotype]=luminal A subtype | Factor Value[cell line]=T-47D | Factor Value[phenotype]=luminal A subtype,UNRESOLVED,Characteristics[organism]=Homo sapiens | Characteristics[cell line]=T-47D | Characteristics[organism part]=mammary gland | Characteristics[disease]=breast ductal adenocarcinoma | Characteristics[phenotype]=luminal A subtype | Factor Value[cell line]=T-47D | Factor Value[phenotype]=luminal A subtype,T-47D,,,,,METADATA_ONLY,EBI SDRF imported; phenotype requires ATLAS audit,Homo sapiens,,,,Characteristics[organism]=Homo sapiens | Characteristics[cell line]=T-47D | Characteristics[organism part]=mammary gland | Characteristics[disease]=breast ductal adenocarcinoma | Characteristics[phenotype]=luminal A subtype | Factor Value[cell line]=T-47D | Factor Value[phenotype]=luminal A subtype
BIOSTUDIES:E-MTAB-12225,E-MTAB-12225,1-2D-T47D-DAC,Characteristics[organism]=Homo sapiens | Characteristics[cell line]=T-47D | Characteristics[organism part]=mammary gland | Characteristics[disease]=breast ductal adenocarcinoma | Characteristics[phenotype]=luminal A subtype | Factor Value[cell line]=T-47D | Factor Value[phenotype]=luminal A subtype | Factor Value[stimulus]=decitabine,UNRESOLVED,Characteristics[organism]=Homo sapiens | Characteristics[cell line]=T-47D | Characteristics[organism part]=mammary gland | Characteristics[disease]=breast ductal adenocarcinoma | Characteristics[phenotype]=luminal A subtype | Factor Value[cell line]=T-47D | Factor Value[phenotype]=luminal A subtype | Factor Value[stimulus]=decitabine,T-47D,,,,,METADATA_ONLY,EBI SDRF imported; phenotype requires ATLAS audit,Homo sapiens,,,,Characteristics[organism]=Homo sapiens | Characteristics[cell line]=T-47D | Characteristics[organism part]=mammary gland | Characteristics[disease]=breast ductal adenocarcinoma | Characteristics[phenotype]=luminal A subtype | Factor Value[cell line]=T-47D | Factor Value[phenotype]=luminal A subtype | Factor Value[stimulus]=decitabine
BIOSTUDIES:E-MTAB-12225,E-MTAB-12225,2-2D-JIMT-control,Characteristics[organism]=Homo sapiens | Characteristics[cell line]=JIMT-1 | Characteristics[organism part]=mammary gland | Characteristics[disease]=breast ductal adenocarcinoma | Characteristics[phenotype]=trastuzumab resistant | Factor Value[cell line]=JIMT-1 | Factor Value[phenotype]=trastuzumab resistant,UNRESOLVED,Characteristics[organism]=Homo sapiens | Characteristics[cell line]=JIMT-1 | Characteristics[organism part]=mammary gland | Characteristics[disease]=breast ductal adenocarcinoma | Characteristics[phenotype]=trastuzumab resistant | Factor Value[cell line]=JIMT-1 | Factor Value[phenotype]=trastuzumab resistant,JIMT-1,,,,,METADATA_ONLY,EBI SDRF imported; phenotype requires ATLAS audit,Homo sapiens,,,,Characteristics[organism]=Homo sapiens | Characteristics[cell line]=JIMT-1 | Characteristics[organism part]=mammary gland | Characteristics[disease]=breast ductal adenocarcinoma | Characteristics[phenotype]=trastuzumab resistant | Factor Value[cell line]=JIMT-1 | Factor Value[phenotype]=trastuzumab resistant
BIOSTUDIES:E-MTAB-12225,E-MTAB-12225,2-2D-JIMT-DAC,Characteristics[organism]=Homo sapiens | Characteristics[cell line]=JIMT-1 | Characteristics[organism part]=mammary gland | Characteristics[disease]=breast ductal adenocarcinoma | Characteristics[phenotype]=trastuzumab resistant | Factor Value[cell line]=JIMT-1 | Factor Value[phenotype]=trastuzumab resistant | Factor Value[stimulus]=decitabine,UNRESOLVED,Characteristics[organism]=Homo sapiens | Characteristics[cell line]=JIMT-1 | Characteristics[organism part]=mammary gland | Characteristics[disease]=breast ductal adenocarcinoma | Characteristics[phenotype]=trastuzumab resistant | Factor Value[cell line]=JIMT-1 | Factor Value[phenotype]=trastuzumab resistant | Factor Value[stimulus]=decitabine,JIMT-1,,,,,METADATA_ONLY,EBI SDRF imported; phenotype requires ATLAS audit,Homo sapiens,,,,Characteristics[organism]=Homo sapiens | Characteristics[cell line]=JIMT-1 | Characteristics[organism part]=mammary gland | Characteristics[disease]=breast ductal adenocarcinoma | Characteristics[phenotype]=trastuzumab resistant | Factor Value[cell line]=JIMT-1 | Factor Value[phenotype]=trastuzumab resistant | Factor Value[stimulus]=decitabine
BIOSTUDIES:E-MTAB-12225,E-MTAB-12225,2-2D-T47D-control,Characteristics[organism]=Homo sapiens | Characteristics[cell line]=T-47D | Characteristics[organism part]=mammary gland | Characteristics[disease]=breast ductal adenocarcinoma | Characteristics[phenotype]=luminal A subtype | Factor Value[cell line]=T-47D | Factor Value[phenotype]=luminal A subtype,UNRESOLVED,Characteristics[organism]=Homo sapiens | Characteristics[cell line]=T-47D | Characteristics[organism part]=mammary gland | Characteristics[disease]=breast ductal adenocarcinoma | Characteristics[phenotype]=luminal A subtype | Factor Value[cell line]=T-47D | Factor Value[phenotype]=luminal A subtype,T-47D,,,,,METADATA_ONLY,EBI SDRF imported; phenotype requires ATLAS audit,Homo sapiens,,,,Characteristics[organism]=Homo sapiens | Characteristics[cell line]=T-47D | Characteristics[organism part]=mammary gland | Characteristics[disease]=breast ductal adenocarcinoma | Characteristics[phenotype]=luminal A subtype | Factor Value[cell line]=T-47D | Factor Value[phenotype]=luminal A subtype
BIOSTUDIES:E-MTAB-12225,E-MTAB-12225,2-2D-T47D-DAC,Characteristics[organism]=Homo sapiens | Characteristics[cell line]=T-47D | Characteristics[organism part]=mammary gland | Characteristics[disease]=breast ductal adenocarcinoma | Characteristics[phenotype]=luminal A subtype | Factor Value[cell line]=T-47D | Factor Value[phenotype]=luminal A subtype | Factor Value[stimulus]=decitabine,UNRESOLVED,Characteristics[organism]=Homo sapiens | Characteristics[cell line]=T-47D | Characteristics[organism part]=mammary gland | Characteristics[disease]=breast ductal adenocarcinoma | Characteristics[phenotype]=luminal A subtype | Factor Value[cell line]=T-47D | Factor Value[phenotype]=luminal A subtype | Factor Value[stimulus]=decitabine,T-47D,,,,,METADATA_ONLY,EBI SDRF imported; phenotype requires ATLAS audit,Homo sapiens,,,,Characteristics[organism]=Homo sapiens | Characteristics[cell line]=T-47D | Characteristics[organism part]=mammary gland | Characteristics[disease]=breast ductal adenocarcinoma | Characteristics[phenotype]=luminal A subtype | Factor Value[cell line]=T-47D | Factor Value[phenotype]=luminal A subtype | Factor Value[stimulus]=decitabine
BIOSTUDIES:E-MTAB-12225,E-MTAB-12225,3-2D-JIMT-control,Characteristics[organism]=Homo sapiens | Characteristics[cell line]=JIMT-1 | Characteristics[organism part]=mammary gland | Characteristics[disease]=breast ductal adenocarcinoma | Characteristics[phenotype]=trastuzumab resistant | Factor Value[cell line]=JIMT-1 | Factor Value[phenotype]=trastuzumab resistant,UNRESOLVED,Characteristics[organism]=Homo sapiens | Characteristics[cell line]=JIMT-1 | Characteristics[organism part]=mammary gland | Characteristics[disease]=breast ductal adenocarcinoma | Characteristics[phenotype]=trastuzumab resistant | Factor Value[cell line]=JIMT-1 | Factor Value[phenotype]=trastuzumab resistant,JIMT-1,,,,,METADATA_ONLY,EBI SDRF imported; phenotype requires ATLAS audit,Homo sapiens,,,,Characteristics[organism]=Homo sapiens | Characteristics[cell line]=JIMT-1 | Characteristics[organism part]=mammary gland | Characteristics[disease]=breast ductal adenocarcinoma | Characteristics[phenotype]=trastuzumab resistant | Factor Value[cell line]=JIMT-1 | Factor Value[phenotype]=trastuzumab resistant
BIOSTUDIES:E-MTAB-12225,E-MTAB-12225,3-2D-JIMT-DAC,Characteristics[organism]=Homo sapiens | Characteristics[cell line]=JIMT-1 | Characteristics[organism part]=mammary gland | Characteristics[disease]=breast ductal adenocarcinoma | Characteristics[phenotype]=trastuzumab resistant | Factor Value[cell line]=JIMT-1 | Factor Value[phenotype]=trastuzumab resistant | Factor Value[stimulus]=decitabine,UNRESOLVED,Characteristics[organism]=Homo sapiens | Characteristics[cell line]=JIMT-1 | Characteristics[organism part]=mammary gland | Characteristics[disease]=breast ductal adenocarcinoma | Characteristics[phenotype]=trastuzumab resistant | Factor Value[cell line]=JIMT-1 | Factor Value[phenotype]=trastuzumab resistant | Factor Value[stimulus]=decitabine,JIMT-1,,,,,METADATA_ONLY,EBI SDRF imported; phenotype requires ATLAS audit,Homo sapiens,,,,Characteristics[organism]=Homo sapiens | Characteristics[cell line]=JIMT-1 | Characteristics[organism part]=mammary gland | Characteristics[disease]=breast ductal adenocarcinoma | Characteristics[phenotype]=trastuzumab resistant | Factor Value[cell line]=JIMT-1 | Factor Value[phenotype]=trastuzumab resistant | Factor Value[stimulus]=decitabine
BIOSTUDIES:E-MTAB-12225,E-MTAB-12225,3-2D-T47D-control,Characteristics[organism]=Homo sapiens | Characteristics[cell line]=T-47D | Characteristics[organism part]=mammary gland | Characteristics[disease]=breast ductal adenocarcinoma | Characteristics[phenotype]=luminal A subtype | Factor Value[cell line]=T-47D | Factor Value[phenotype]=luminal A subtype,UNRESOLVED,Characteristics[organism]=Homo sapiens | Characteristics[cell line]=T-47D | Characteristics[organism part]=mammary gland | Characteristics[disease]=breast ductal adenocarcinoma | Characteristics[phenotype]=luminal A subtype | Factor Value[cell line]=T-47D | Factor Value[phenotype]=luminal A subtype,T-47D,,,,,METADATA_ONLY,EBI SDRF imported; phenotype requires ATLAS audit,Homo sapiens,,,,Characteristics[organism]=Homo sapiens | Characteristics[cell line]=T-47D | Characteristics[organism part]=mammary gland | Characteristics[disease]=breast ductal adenocarcinoma | Characteristics[phenotype]=luminal A subtype | Factor Value[cell line]=T-47D | Factor Value[phenotype]=luminal A subtype
BIOSTUDIES:E-MTAB-12225,E-MTAB-12225,3-2D-T47D-DAC,Characteristics[organism]=Homo sapiens | Characteristics[cell line]=T-47D | Characteristics[organism part]=mammary gland | Characteristics[disease]=breast ductal adenocarcinoma | Characteristics[phenotype]=luminal A subtype | Factor Value[cell line]=T-47D | Factor Value[phenotype]=luminal A subtype | Factor Value[stimulus]=decitabine,UNRESOLVED,Characteristics[organism]=Homo sapiens | Characteristics[cell line]=T-47D | Characteristics[organism part]=mammary gland | Characteristics[disease]=breast ductal adenocarcinoma | Characteristics[phenotype]=luminal A subtype | Factor Value[cell line]=T-47D | Factor Value[phenotype]=luminal A subtype | Factor Value[stimulus]=decitabine,T-47D,,,,,METADATA_ONLY,EBI SDRF imported; phenotype requires ATLAS audit,Homo sapiens,,,,Characteristics[organism]=Homo sapiens | Characteristics[cell line]=T-47D | Characteristics[organism part]=mammary gland | Characteristics[disease]=breast ductal adenocarcinoma | Characteristics[phenotype]=luminal A subtype | Factor Value[cell line]=T-47D | Factor Value[phenotype]=luminal A subtype | Factor Value[stimulus]=decitabine
