dataset_id,include_for_validation,resistant_regex,sensitive_parental_regex,exclude_regex,cell_line_regex,replicate_group_regex,notes
GEO:GSE107473,,,,,,,
GEO:GSE114575,,,,,,,
GEO:GSE119397,,,,,,,
GEO:GSE121105,,,,,,,
GEO:GSE123754,,,,,,,
GEO:GSE132055,,,,,,,
GEO:GSE15043,,,,,,,
GEO:GSE161743,,,,,,,
GEO:GSE17630,,,,,,,
GEO:GSE188513,,,,,,,
GEO:GSE230326,,,,,,,
GEO:GSE230327,,,,,,,
GEO:GSE237605,,,,,,,
GEO:GSE237606,,,,,,,
GEO:GSE237607,,,,,,,
GEO:GSE244533,,,,,,,
GEO:GSE244535,,,,,,,
GEO:GSE244537,,,,,,,
GEO:GSE245486,,,,,,,
GEO:GSE262860,,,,,,,
GEO:GSE286038,,,,,,,
GEO:GSE297715,,,,,,,
GEO:GSE297774,,,,,,,
GEO:GSE300749,,,,,,,
GEO:GSE327983,,,,,,,
SRA:SRR26401907,,,,,,,
SRA:SRR26401908,,,,,,,
SRA:SRR26401909,,,,,,,
SRA:SRR26401910,,,,,,,
SRA:SRR33650052,,,,,,,
SRA:SRR33650053,,,,,,,
SRA:SRR33650054,,,,,,,
SRA:SRR33650055,,,,,,,
SRA:SRR33650056,,,,,,,
SRA:SRR33650057,,,,,,,
SRA:SRR33650058,,,,,,,
SRA:SRR33650059,,,,,,,
SRA:SRR33650060,,,,,,,
SRA:SRR33650061,,,,,,,
SRA:SRR33650062,,,,,,,
SRA:SRR33650063,,,,,,,
SRA:SRR33650064,,,,,,,
SRA:SRR33650065,,,,,,,
SRA:SRR33650066,,,,,,,
SRA:SRR33650067,,,,,,,
SRA:SRR33650068,,,,,,,
SRA:SRR33650069,,,,,,,
SRA:SRR33650070,,,,,,,
SRA:SRR33650071,,,,,,,
SRA:SRR33662215,,,,,,,
SRA:SRR33662216,,,,,,,
SRA:SRR33662217,,,,,,,
