path,category,accession,bytes,mb,gb,extension
data/catalog/atlas_catalog.duckdb,metadata_catalog,,4206592,4.01171875,0.003917694091796875,.duckdb
data/discovery/dataset_candidates_scored.csv,other_data,,231759,0.2210226058959961,0.00021584238857030869,.csv
data/discovery/dataset_candidates.parquet,other_data,,39889,0.038041114807128906,3.714952617883682e-05,.parquet
data/discovery/dataset_candidates.csv,other_data,,217420,0.20734786987304688,0.00020248815417289734,.csv
data/discovery/ebi_cross_reference_map.csv,other_data,,1576,0.00150299072265625,1.4677643775939941e-06,.csv
data/discovery/dataset_candidates_scored.parquet,other_data,,72416,0.069061279296875,6.744265556335449e-05,.parquet
data/discovery/ebi_external_candidates.csv,other_data,,11526,0.010992050170898438,1.0734423995018005e-05,.csv
data/discovery/dataset_candidates_pre_ebi.csv,other_data,,212633,0.20278263092041016,0.00019802991300821304,.csv
data/validation_expression/matrix_inspection_summary.csv,validation_expression,,334,0.0003185272216796875,3.110617399215698e-07,.csv
data/validation_expression/GSE121105_column_mapping.csv,validation_expression,,1886,0.0017986297607421875,1.7564743757247925e-06,.csv
data/validation_expression/GSE237606_primary_design.csv,validation_expression,,4984,0.00475311279296875,4.641711711883545e-06,.csv
data/validation_expression/primary_expression_manifest.csv,validation_expression,,472,0.00045013427734375,4.3958425521850586e-07,.csv
data/validation_expression/GSE121105_primary_design.csv,validation_expression,,3002,0.0028629302978515625,2.7958303689956665e-06,.csv
data/validation_expression/primary_validation_design_audit.csv,validation_expression,,127,0.00012111663818359375,1.1827796697616577e-07,.csv
data/validation_expression/GSE237606_column_mapping.csv,validation_expression,,3630,0.0034618377685546875,3.380700945854187e-06,.csv
data/raw/GSM9067960_TS1_quant.sf.gz,raw_data,,3036385,2.8957223892211914,0.0028278538957238197,.sf.gz
data/raw/GSM9067965_TR3_quant.sf.gz,raw_data,,3036774,2.8960933685302734,0.002828216180205345,.sf.gz
data/raw/GSM9067961_TS2_quant.sf.gz,raw_data,,3030175,2.8898000717163086,0.0028220703825354576,.sf.gz
data/raw/GSM9067964_TR2_quant.sf.gz,raw_data,,3063846,2.9219112396240234,0.0028534289449453354,.sf.gz
data/raw/GSM9067963_TR1_quant.sf.gz,raw_data,,3053674,2.912210464477539,0.0028439555317163467,.sf.gz
data/raw/GSM9067962_TS3_quant.sf.gz,raw_data,,3055848,2.9142837524414062,0.002845980226993561,.sf.gz
data/raw/tx2gene.tsv,raw_data,,25412855,24.235587120056152,0.023667565546929836,.tsv
data/processed/sample_metadata.csv,processed_data,,95,9.059906005859375e-05,8.847564458847046e-08,.csv
data/processed/deseq_counts.csv,processed_data,,575388,0.5487327575683594,0.000535871833562851,.csv
data/processed/gene_counts.csv,processed_data,,2876576,2.743316650390625,0.0026790201663970947,.csv
data/manifests/00a_discovery_manifest.json,other_data,,376,0.00035858154296875,3.501772880554199e-07,.json
data/enriched/phenotype_audit_summary_v2.csv,metadata_enriched,,15627,0.014903068542480469,1.4553777873516083e-05,.csv
data/enriched/phenotype_audit_samples.csv,metadata_enriched,,75697,0.0721902847290039,7.049832493066788e-05,.csv
data/enriched/phenotype_classification_proposals_v3.csv,metadata_enriched,,614881,0.5863962173461914,0.00057265255600214,.csv
data/enriched/phenotype_dataset_classification_summary.csv,metadata_enriched,,665,0.0006341934204101562,6.193295121192932e-07,.csv
data/enriched/ebi_dataset_enrichment_summary.csv,metadata_enriched,,2489,0.0023736953735351562,2.318061888217926e-06,.csv
data/enriched/dataset_relationship_audit.csv,metadata_enriched,,4550,0.0043392181396484375,4.237517714500427e-06,.csv
data/enriched/phenotype_audit_samples_v2.csv,metadata_enriched,,630999,0.6017675399780273,0.0005876636132597923,.csv
data/enriched/download_manifest.csv,metadata_enriched,,4241,0.004044532775878906,3.949739038944244e-06,.csv
data/enriched/curated_phenotype_dataset_summary.csv,metadata_enriched,,272,0.0002593994140625,2.5331974029541016e-07,.csv
data/enriched/transcriptomic_validation_candidates.csv,metadata_enriched,,168596,0.16078567504882812,0.00015701726078987122,.csv
data/enriched/dataset_enrichment_summary.csv,metadata_enriched,,1559,0.0014867782592773438,1.451931893825531e-06,.csv
data/enriched/dataset_overlap_pairs.csv,metadata_enriched,,590,0.0005626678466796875,5.494803190231323e-07,.csv
data/enriched/ebi_sample_metadata.csv,metadata_enriched,,53742,0.05125236511230469,5.0051137804985046e-05,.csv
data/enriched/download_manifest.parquet,metadata_enriched,,7782,0.0074214935302734375,7.247552275657654e-06,.parquet
data/enriched/curated_phenotype_mapping_proposals.csv,metadata_enriched,,6992,0.0066680908203125,6.511807441711426e-06,.csv
data/enriched/sample_metadata.csv,metadata_enriched,,756774,0.7217159271240234,0.0007048007100820541,.csv
data/enriched/dataset_candidates_independence_scored.csv,metadata_enriched,,275267,0.2625150680541992,0.0002563623711466789,.csv
data/enriched/sample_metadata.parquet,metadata_enriched,,125321,0.11951541900634766,0.00011671427637338638,.parquet
data/enriched/phenotype_manual_mapping_template.csv,metadata_enriched,,1647,0.0015707015991210938,1.5338882803916931e-06,.csv
data/enriched/dataset_candidates_rescored.csv,metadata_enriched,,87985,0.0839090347290039,8.194241672754288e-05,.csv
data/enriched/ebi_file_inventory.csv,metadata_enriched,,4280,0.00408172607421875,3.986060619354248e-06,.csv
data/enriched/sample_metadata_pre_ebi_20260901_092341.csv,metadata_enriched,,719019,0.6857099533081055,0.0006696386262774467,.csv
data/enriched/phenotype_classification_proposals.csv,metadata_enriched,,105650,0.10075569152832031,9.83942300081253e-05,.csv
data/enriched/phenotype_distinct_labels.csv,metadata_enriched,,371050,0.35386085510253906,0.0003455672413110733,.csv
data/enriched/phenotype_audit_summary.csv,metadata_enriched,,4735,0.004515647888183594,4.409812390804291e-06,.csv
data/enriched/multiomic_context_candidates.csv,metadata_enriched,,9351,0.008917808532714844,8.70879739522934e-06,.csv
data/enriched/phenotype_dataset_classification_summary_v3.csv,metadata_enriched,,2439,0.0023260116577148438,2.271495759487152e-06,.csv
data/enriched/dataset_candidates_rescored.parquet,metadata_enriched,,41195,0.03928661346435547,3.836583346128464e-05,.parquet
data/cache/metadata/SRA_SRR33650069_runinfo.txt,other_data,,1001,0.0009546279907226562,9.32253897190094e-07,.txt
data/cache/metadata/GEO_GSE327983_family.soft,other_data,,1616348,1.5414695739746094,0.0015053413808345795,.soft
data/cache/metadata/GEO_GSE244537_series.txt,other_data,,21522,0.020524978637695312,2.004392445087433e-05,.txt
data/cache/metadata/GEO_GSE217624_family.soft,other_data,,203449,0.19402408599853516,0.0001894766464829445,.soft
data/cache/metadata/GEO_GSE262860_family.soft,other_data,,9819,0.009364128112792969,9.144656360149384e-06,.soft
data/cache/metadata/SRA_SRR33650061_runinfo.txt,other_data,,1002,0.0009555816650390625,9.331852197647095e-07,.txt
data/cache/metadata/SRA_SRR33650059_runinfo.txt,other_data,,1001,0.0009546279907226562,9.32253897190094e-07,.txt
data/cache/metadata/GEO_GSE237605_series.txt,other_data,,21517,0.02052021026611328,2.003926783800125e-05,.txt
data/cache/metadata/GEO_GSE123754_family.soft,other_data,,236693127,225.72815608978271,0.22043765243142843,.soft
data/cache/metadata/SRA_SRR33650062_runinfo.txt,other_data,,1001,0.0009546279907226562,9.32253897190094e-07,.txt
data/cache/metadata/GEO_GSE244535_series.txt,other_data,,21522,0.020524978637695312,2.004392445087433e-05,.txt
data/cache/metadata/GEO_GSE245486_family.soft,other_data,,21750,0.020742416381835938,2.0256265997886658e-05,.soft
data/cache/metadata/SRA_SRR26401908_runinfo.txt,other_data,,1029,0.0009813308715820312,9.583309292793274e-07,.txt
data/cache/metadata/GEO_GSE297774_family.soft,other_data,,12826,0.012231826782226562,1.1945143342018127e-05,.soft
data/cache/metadata/SRA_SRR33650064_runinfo.txt,other_data,,1001,0.0009546279907226562,9.32253897190094e-07,.txt
data/cache/metadata/GEO_GSE132055_family.soft,other_data,,62353,0.059464454650878906,5.807075649499893e-05,.soft
data/cache/metadata/GEO_GSE262860_series.txt,other_data,,21519,0.020522117614746094,2.0041130483150482e-05,.txt
data/cache/metadata/GEO_GSE237607_series.txt,other_data,,21523,0.02052593231201172,2.0044855773448944e-05,.txt
data/cache/metadata/SRA_SRR33650065_runinfo.txt,other_data,,1001,0.0009546279907226562,9.32253897190094e-07,.txt
data/cache/metadata/GEO_GSE327983_series.txt,other_data,,21522,0.020524978637695312,2.004392445087433e-05,.txt
data/cache/metadata/SRA_SRR33650070_runinfo.txt,other_data,,1001,0.0009546279907226562,9.32253897190094e-07,.txt
data/cache/metadata/GEO_GSE114575_family.soft,other_data,,14572,0.013896942138671875,1.3571232557296753e-05,.soft
data/cache/metadata/GEO_GSE17630_family.soft,other_data,,27548444,26.27224349975586,0.02565648779273033,.soft
data/cache/metadata/GEO_GSE297715_series.txt,other_data,,21523,0.02052593231201172,2.0044855773448944e-05,.txt
data/cache/metadata/GEO_GSE107473_family.soft,other_data,,14235,0.013575553894042969,1.3257376849651337e-05,.soft
data/cache/metadata/GEO_GSE197822_family.soft,other_data,,102991854,98.2206859588623,0.09591863863170147,.soft
data/cache/metadata/SRA_SRR33650055_runinfo.txt,other_data,,1001,0.0009546279907226562,9.32253897190094e-07,.txt
data/cache/metadata/GEO_GSE286038_series.txt,other_data,,21522,0.020524978637695312,2.004392445087433e-05,.txt
data/cache/metadata/GEO_GSE89216_family.soft,other_data,,14777396,14.092823028564453,0.013762522488832474,.soft
data/cache/metadata/GEO_GSE230327_series.txt,other_data,,21518,0.020521163940429688,2.0040199160575867e-05,.txt
data/cache/metadata/SRA_SRR33662215_runinfo.txt,other_data,,1009,0.0009622573852539062,9.397044777870178e-07,.txt
data/cache/metadata/SRA_SRR33650053_runinfo.txt,other_data,,1001,0.0009546279907226562,9.32253897190094e-07,.txt
data/cache/metadata/SRA_SRR33650066_runinfo.txt,other_data,,1001,0.0009546279907226562,9.32253897190094e-07,.txt
data/cache/metadata/GEO_GSE244537_family.soft,other_data,,51391,0.049010276794433594,4.7861598432064056e-05,.soft
data/cache/metadata/GEO_GSE237605_family.soft,other_data,,154755,0.14758586883544922,0.00014412682503461838,.soft
data/cache/metadata/GEO_GSE244533_series.txt,other_data,,21522,0.020524978637695312,2.004392445087433e-05,.txt
data/cache/metadata/GEO_GSE161423_family.soft,other_data,,236191,0.2252492904663086,0.00021997001022100449,.soft
data/cache/metadata/SRA_SRR33650054_runinfo.txt,other_data,,1001,0.0009546279907226562,9.32253897190094e-07,.txt
data/cache/metadata/GEO_GSE69042_family.soft,other_data,,12581405,11.998562812805176,0.011717346496880054,.soft
data/cache/metadata/GEO_GSE119397_family.soft,other_data,,15402686,14.689146041870117,0.014344869181513786,.soft
data/cache/metadata/GEO_GSE55005_family.soft,other_data,,42341,0.04037952423095703,3.9433129131793976e-05,.soft
data/cache/metadata/GEO_GSE237607_family.soft,other_data,,254567,0.24277400970458984,0.00023708399385213852,.soft
data/cache/metadata/SRA_SRR33650052_runinfo.txt,other_data,,1001,0.0009546279907226562,9.32253897190094e-07,.txt
data/cache/metadata/GEO_GSE300749_family.soft,other_data,,65268,0.062244415283203125,6.078556180000305e-05,.soft
data/cache/metadata/GEO_GSE83608_family.soft,other_data,,82784046,78.94901847839355,0.0770986508578062,.soft
data/cache/metadata/GEO_GSE237606_family.soft,other_data,,107113,0.10215091705322266,9.975675493478775e-05,.soft
data/cache/metadata/SRA_SRR33650058_runinfo.txt,other_data,,998,0.0009517669677734375,9.294599294662476e-07,.txt
data/cache/metadata/GEO_GSE188513_series.txt,other_data,,21523,0.02052593231201172,2.0044855773448944e-05,.txt
data/cache/metadata/SRA_SRR33650063_runinfo.txt,other_data,,1001,0.0009546279907226562,9.32253897190094e-07,.txt
data/cache/metadata/SRA_SRR26401909_runinfo.txt,other_data,,1029,0.0009813308715820312,9.583309292793274e-07,.txt
data/cache/metadata/GEO_GSE189160_family.soft,other_data,,33975,0.032401084899902344,3.164168447256088e-05,.soft
data/cache/metadata/GEO_GSE161743_family.soft,other_data,,80524,0.07679367065429688,7.499381899833679e-05,.soft
data/cache/metadata/GEO_GSE230326_family.soft,other_data,,38027,0.03626537322998047,3.54154035449028e-05,.soft
data/cache/metadata/SRA_SRR33650067_runinfo.txt,other_data,,1001,0.0009546279907226562,9.32253897190094e-07,.txt
data/cache/metadata/GEO_GSE244533_family.soft,other_data,,18321,0.017472267150878906,1.7062760889530182e-05,.soft
data/cache/metadata/GEO_GSE244535_family.soft,other_data,,36770,0.03506660461425781,3.4244731068611145e-05,.soft
data/cache/metadata/GEO_GSE186402_family.soft,other_data,,78731,0.07508373260498047,7.332395762205124e-05,.soft
data/cache/metadata/GEO_GSE297774_series.txt,other_data,,21523,0.02052593231201172,2.0044855773448944e-05,.txt
data/cache/metadata/GEO_GSE148186_family.soft,other_data,,77129428,73.55635452270508,0.07183237746357918,.soft
data/cache/metadata/GEO_GSE161422_family.soft,other_data,,18788,0.017917633056640625,1.749768853187561e-05,.soft
data/cache/metadata/GEO_GSE286038_family.soft,other_data,,45604,0.043491363525390625,4.247203469276428e-05,.soft
data/cache/metadata/GEO_GSE230326_series.txt,other_data,,21523,0.02052593231201172,2.0044855773448944e-05,.txt
data/cache/metadata/GEO_GSE161420_family.soft,other_data,,220276,0.21007156372070312,0.00020514801144599915,.soft
data/cache/metadata/SRA_SRR33662216_runinfo.txt,other_data,,1009,0.0009622573852539062,9.397044777870178e-07,.txt
data/cache/metadata/GEO_GSE188513_family.soft,other_data,,7968,0.007598876953125,7.420778274536133e-06,.soft
data/cache/metadata/SRA_SRR33662217_runinfo.txt,other_data,,1009,0.0009622573852539062,9.397044777870178e-07,.txt
data/cache/metadata/GEO_GSE15043_family.soft,other_data,,91894539,87.63746166229248,0.0855834586545825,.soft
data/cache/metadata/SRA_SRR33650060_runinfo.txt,other_data,,1001,0.0009546279907226562,9.32253897190094e-07,.txt
data/cache/metadata/GEO_GSE121105_family.soft,other_data,,62411,0.05951976776123047,5.812477320432663e-05,.soft
data/cache/metadata/SRA_SRR26401907_runinfo.txt,other_data,,1029,0.0009813308715820312,9.583309292793274e-07,.txt
data/cache/metadata/SRA_SRR33650056_runinfo.txt,other_data,,1001,0.0009546279907226562,9.32253897190094e-07,.txt
data/cache/metadata/GEO_GSE230327_family.soft,other_data,,19006,0.018125534057617188,1.7700716853141785e-05,.soft
data/cache/metadata/SRA_SRR33650071_runinfo.txt,other_data,,1001,0.0009546279907226562,9.32253897190094e-07,.txt
data/cache/metadata/GEO_GSE132055_series.txt,other_data,,21522,0.020524978637695312,2.004392445087433e-05,.txt
data/cache/metadata/GEO_GSE297715_family.soft,other_data,,47791,0.045577049255371094,4.4508837163448334e-05,.soft
data/cache/metadata/SRA_SRR33650057_runinfo.txt,other_data,,1001,0.0009546279907226562,9.32253897190094e-07,.txt
data/cache/metadata/GEO_GSE237606_series.txt,other_data,,21522,0.020524978637695312,2.004392445087433e-05,.txt
data/cache/metadata/GEO_GSE123845_family.soft,other_data,,1079307,1.0293073654174805,0.0010051829740405083,.soft
data/cache/metadata/SRA_SRR33650068_runinfo.txt,other_data,,1001,0.0009546279907226562,9.32253897190094e-07,.txt
data/cache/metadata/SRA_SRR26401910_runinfo.txt,other_data,,1029,0.0009813308715820312,9.583309292793274e-07,.txt
data/cache/metadata/GEO_GSE300749_series.txt,other_data,,21519,0.020522117614746094,2.0041130483150482e-05,.txt
data/validation_expression/GSE237606/GSE237606_RawCounts.txt.gz,validation_expression,GSE237606,1769237,1.6872758865356445,0.0016477303579449654,.txt.gz
data/validation_expression/GSE121105/GSE121105_geneCount.csv.gz,validation_expression,GSE121105,1185096,1.1301956176757812,0.0011037066578865051,.csv.gz
results/external_validation/consensus_top100_up.csv,external_validation_results,,17606,0.016790390014648438,1.6396865248680115e-05,.csv
results/external_validation/three_dataset_significant_validated_genes.csv,external_validation_results,,71164,0.06786727905273438,6.627663969993591e-05,.csv
results/external_validation/three_dataset_strict_core_genes.csv,external_validation_results,,65253,0.06223011016845703,6.077159196138382e-05,.csv
results/external_validation/consensus_resistance_signature.csv,external_validation_results,,79051,0.07538890838623047,7.362198084592819e-05,.csv
results/external_validation/analysis_errors.csv,external_validation_results,,579,0.0005521774291992188,5.392357707023621e-07,.csv
results/external_validation/cross_study_concordance.csv,external_validation_results,,3081225,2.9384851455688477,0.002869614399969578,.csv
results/external_validation/dataset_registry.csv,external_validation_results,,1612,0.001537322998046875,1.5012919902801514e-06,.csv
results/external_validation/discovery_id_diagnostic.txt,external_validation_results,,2136,0.00203704833984375,1.989305019378662e-06,.txt
results/external_validation/replicated_primary_DEGs.csv,external_validation_results,,463481,0.44200992584228516,0.0004316503182053566,.csv
results/external_validation/cross_study_concordance_summary.csv,external_validation_results,,394,0.0003757476806640625,3.6694109439849854e-07,.csv
results/external_validation/ATLAS_external_validation_metadata.json,external_validation_results,,1290,0.0012302398681640625,1.2014061212539673e-06,.json
results/external_validation/ATLAS_external_gene_validation.csv,external_validation_results,,1506324,1.4365425109863281,0.001402873545885086,.csv
results/external_validation/consensus_signature_summary.csv,external_validation_results,,164,0.000156402587890625,1.5273690223693848e-07,.csv
results/external_validation/discovery_consensus_overlap.csv,external_validation_results,,113382,0.10812950134277344,0.00010559521615505219,.csv
results/external_validation/consensus_top100_down.csv,external_validation_results,,18083,0.01724529266357422,1.6841106116771698e-05,.csv
results/external_validation/GSE237606_DE.csv,external_validation_results,,4218287,4.022871971130371,0.003928585909307003,.csv
results/external_validation/primary_validation_DE_summary.csv,external_validation_results,,329,0.00031375885009765625,3.0640512704849243e-07,.csv
results/external_validation/download_status.csv,external_validation_results,,145,0.00013828277587890625,1.3504177331924438e-07,.csv
results/external_validation/three_dataset_validated_genes.csv,external_validation_results,,68192,0.065032958984375,6.350874900817871e-05,.csv
results/external_validation/ATLAS_external_validation_summary.csv,external_validation_results,,486,0.0004634857177734375,4.5262277126312256e-07,.csv
results/external_validation/GSE121105_DE.csv,external_validation_results,,3701240,3.5297775268554688,0.0034470483660697937,.csv
results/external_validation/discovery_consensus_summary.csv,external_validation_results,,277,0.00026416778564453125,2.5797635316848755e-07,.csv
results/external_validation/pathway_validation/tgfb_leading_edge_overlap.csv,external_validation_results,,4153,0.003960609436035156,3.867782652378082e-06,.csv
results/external_validation/pathway_validation/tgfb_final_evidence_matrix.csv,external_validation_results,,752,0.0007171630859375,7.003545761108398e-07,.csv
results/external_validation/pathway_validation/strict_core_down_hallmark2020.csv,external_validation_results,,3940,0.003757476806640625,3.6694109439849854e-06,.csv
results/external_validation/pathway_validation/tgfb_reproducible_module_gene_table.csv,external_validation_results,,5536,0.005279541015625,5.155801773071289e-06,.csv
results/external_validation/pathway_validation/GSE121105_tgfb_leading_edge.csv,external_validation_results,,561,0.0005350112915039062,5.224719643592834e-07,.csv
results/external_validation/pathway_validation/GSE237606_tgfb_leading_edge.csv,external_validation_results,,1462,0.0013942718505859375,1.3615936040878296e-06,.csv
results/external_validation/pathway_validation/tgfb_dual_module_cross_dataset_summary.csv,external_validation_results,,632,0.00060272216796875,5.885958671569824e-07,.csv
results/external_validation/pathway_validation/tgfb_leading_edge_summary.csv,external_validation_results,,448,0.00042724609375,4.172325134277344e-07,.csv
results/external_validation/pathway_validation/tgfb_final_conclusion.txt,external_validation_results,,761,0.0007257461547851562,7.087364792823792e-07,.txt
results/external_validation/pathway_validation/discovery_tgfb_leading_edge.csv,external_validation_results,,1745,0.0016641616821289062,1.62515789270401e-06,.csv
results/external_validation/pathway_validation/tgfb_module_sample_scores.csv,external_validation_results,,19125,0.01823902130126953,1.7811544239521027e-05,.csv
results/external_validation/pathway_validation/tgfb_ranked_validation_summary.csv,external_validation_results,,301,0.00028705596923828125,2.8032809495925903e-07,.csv
results/external_validation/pathway_validation/strict_core_pathway_summary.csv,external_validation_results,,1992,0.00189971923828125,1.8551945686340332e-06,.csv
results/external_validation/pathway_validation/tgfb_gene_level_audit_summary.csv,external_validation_results,,230,0.0002193450927734375,2.1420419216156006e-07,.csv
results/external_validation/pathway_validation/tgfb_dual_module_gene_effects.csv,external_validation_results,,4976,0.0047454833984375,4.634261131286621e-06,.csv
results/external_validation/pathway_validation/GSE237606_hallmark_prerank.csv,external_validation_results,,18986,0.018106460571289062,1.7682090401649475e-05,.csv
results/external_validation/pathway_validation/strict_core_up_hallmark2020.csv,external_validation_results,,4435,0.004229545593261719,4.130415618419647e-06,.csv
results/external_validation/pathway_validation/discovery_hallmark_prerank.csv,external_validation_results,,15733,0.015004158020019531,1.4652498066425323e-05,.csv
results/external_validation/pathway_validation/tgfb_reproducible_module_summary.csv,external_validation_results,,202,0.0001926422119140625,1.8812716007232666e-07,.csv
results/external_validation/pathway_validation/tgfb_gene_level_audit.csv,external_validation_results,,15232,0.0145263671875,1.4185905456542969e-05,.csv
results/external_validation/pathway_validation/tgfb_gse121105_flip_drivers.csv,external_validation_results,,4174,0.0039806365966796875,3.887340426445007e-06,.csv
results/external_validation/pathway_validation/tgfb_module_score_summary.csv,external_validation_results,,1060,0.001010894775390625,9.872019290924072e-07,.csv
results/external_validation/pathway_validation/GSE121105_hallmark_prerank.csv,external_validation_results,,16855,0.016074180603027344,1.569744199514389e-05,.csv
results/external_validation/downstream/04q_focused_integration_extract.txt,external_validation_results,,19367,0.018469810485839844,1.8036924302577972e-05,.txt
results/external_validation/downstream/validated_evidence_summary.csv,external_validation_results,,446,0.0004253387451171875,4.153698682785034e-07,.csv
results/external_validation/downstream/downstream_integration_audit.txt,external_validation_results,,65347,0.06231975555419922,6.0859136283397675e-05,.txt
results/external_validation/downstream/validated_resistance_gene_evidence.csv,external_validation_results,,52456,0.05002593994140625,4.885345697402954e-05,.csv
results/external_validation/downstream/validated_tgfb_module_evidence.csv,external_validation_results,,820,0.000782012939453125,7.636845111846924e-07,.csv
results/external_validation/raw/GSE55005/GSE55005_nexprs_btr50_bt474.xls.gz,external_validation_results,GSE55005,535546,0.5107364654541016,0.0004987660795450211,.xls.gz
results/external_validation/raw/GSE89216/GSE89216_series_matrix.txt.gz,external_validation_results,GSE89216,3594559,3.4280385971069336,0.00334769394248724,.txt.gz
results/external_validation/raw/GSE15043/GSE15043_series_matrix.txt.gz,external_validation_results,GSE15043,3204867,3.056399345397949,0.002984764985740185,.txt.gz
results/external_validation/processed/GSE55005/validation_gene_comparison.csv,external_validation_results,GSE55005,1506324,1.4365425109863281,0.001402873545885086,.csv
results/external_validation/processed/GSE55005/external_deg_results.csv,external_validation_results,GSE55005,1404214,1.339162826538086,0.0013077761977910995,.csv
results/external_validation/processed/GSE55005/validation_metrics.csv,external_validation_results,GSE55005,486,0.0004634857177734375,4.5262277126312256e-07,.csv
results/cmap/ATLAS_SIG_A_TOP150_up.gmt,cmap_results,,973,0.0009279251098632812,9.061768651008606e-07,.gmt
results/cmap/ATLAS_SIG_B_TOP100_up_entrez.gmt,cmap_results,,582,0.0005550384521484375,5.420297384262085e-07,.gmt
results/cmap/ATLAS_SIG_A_TOP150_dn.gmt,cmap_results,,1050,0.0010013580322265625,9.778887033462524e-07,.gmt
results/cmap/TOP100_completed_job.json,cmap_results,,314,0.0002994537353515625,2.9243528842926025e-07,.json
results/cmap/TOP100_job_status.json,cmap_results,,86,8.20159912109375e-05,8.009374141693115e-08,.json
results/cmap/ATLAS_SIG_B_TOP250_up.gmt,cmap_results,,1601,0.0015268325805664062,1.491047441959381e-06,.gmt
results/cmap/TOP100_submission_response.json,cmap_results,,1180,0.001125335693359375,1.0989606380462646e-06,.json
results/cmap/ATLAS_SIG_B_TOP100_up.gmt,cmap_results,,659,0.0006284713745117188,6.137415766716003e-07,.gmt
results/cmap/ATLAS_SIG_B_TOP150_up_entrez.gmt,cmap_results,,866,0.0008258819580078125,8.065253496170044e-07,.gmt
results/cmap/ATLAS_SIG_B_TOP100_dn.gmt,cmap_results,,661,0.0006303787231445312,6.156042218208313e-07,.gmt
results/cmap/ATLAS_SIG_A_TOP150_entrez_mapping.csv,cmap_results,,9613,0.009167671203613281,8.952803909778595e-06,.csv
results/cmap/ATLAS_SIG_B_TOP100_dn_entrez.gmt,cmap_results,,601,0.0005731582641601562,5.597248673439026e-07,.gmt
results/cmap/cmap_entrez_conversion_summary.csv,cmap_results,,892,0.000850677490234375,8.307397365570068e-07,.csv
results/cmap/ATLAS_SIG_B_TOP150_dn_entrez.gmt,cmap_results,,875,0.0008344650268554688,8.149072527885437e-07,.gmt
results/cmap/ATLAS_SIG_B_TOP100_DOWN.txt,cmap_results,,573,0.0005464553833007812,5.336478352546692e-07,.txt
results/cmap/ATLAS_SIG_B_TOP150_entrez_mapping.csv,cmap_results,,8939,0.008524894714355469,8.325092494487762e-06,.csv
results/cmap/ATLAS_SIG_B_TOP250_dn.gmt,cmap_results,,1616,0.0015411376953125,1.5050172805786133e-06,.gmt
results/cmap/ATLAS_SIG_C_TGFB_up.gmt,cmap_results,,78,7.43865966796875e-05,7.264316082000732e-08,.gmt
results/cmap/ATLAS_SIG_B_TOP100_entrez_mapping.csv,cmap_results,,6009,0.005730628967285156,5.59631735086441e-06,.csv
results/cmap/ATLAS_SIG_A_TOP150_up_entrez.gmt,cmap_results,,900,0.000858306884765625,8.381903171539307e-07,.gmt
results/cmap/ATLAS_SIG_B_TOP150_dn.gmt,cmap_results,,980,0.000934600830078125,9.126961231231689e-07,.gmt
results/cmap/cmap_top100_prequery_summary.csv,cmap_results,,145,0.00013828277587890625,1.3504177331924438e-07,.csv
results/cmap/signature_manifest.csv,cmap_results,,865,0.0008249282836914062,8.055940270423889e-07,.csv
results/cmap/ATLAS_SIG_A_STRICT_dn.gmt,cmap_results,,8231,0.007849693298339844,7.665716111660004e-06,.gmt
results/cmap/ATLAS_SIG_B_TOP100_UP.txt,cmap_results,,554,0.0005283355712890625,5.159527063369751e-07,.txt
results/cmap/ATLAS_SIG_A_TOP150_dn_entrez.gmt,cmap_results,,945,0.0009012222290039062,8.800998330116272e-07,.gmt
results/cmap/ATLAS_SIG_A_STRICT_up.gmt,cmap_results,,9104,0.0086822509765625,8.478760719299316e-06,.gmt
results/cmap/ATLAS_SIG_C_TGFB_dn.gmt,cmap_results,,32,3.0517578125e-05,2.9802322387695312e-08,.gmt
results/cmap/signature_definitions.csv,cmap_results,,562,0.0005359649658203125,5.234032869338989e-07,.csv
results/cmap/ATLAS_SIG_B_TOP150_up.gmt,cmap_results,,976,0.0009307861328125,9.08970832824707e-07,.gmt
results/cmap/prioritized/ATLAS_CMap_tier4_weak_single.csv,cmap_results,,292209,0.2786722183227539,0.00027214083820581436,.csv
results/cmap/prioritized/ATLAS_CMap_tier1_strong_consensus.csv,cmap_results,,1628,0.001552581787109375,1.516193151473999e-06,.csv
results/cmap/prioritized/ATLAS_CMap_prioritized_all.csv,cmap_results,,516926,0.4929790496826172,0.00048142485320568085,.csv
results/cmap/prioritized/ATLAS_CMap_tier3_partial.csv,cmap_results,,132879,0.1267232894897461,0.00012375321239233017,.csv
results/cmap/prioritized/ATLAS_CMap_top_candidates.csv,cmap_results,,5804,0.005535125732421875,5.405396223068237e-06,.csv
results/cmap/prioritized/ATLAS_CMap_tier2_consistent.csv,cmap_results,,91419,0.08718395233154297,8.514057844877243e-05,.csv
results/cmap/admet_structural/ATLAS_ADMET_structural_metadata.json,cmap_results,,1355,0.0012922286987304688,1.2619420886039734e-06,.json
results/cmap/admet_structural/ATLAS_ADMET_structural_summary.csv,cmap_results,,481,0.00045871734619140625,4.4796615839004517e-07,.csv
results/cmap/admet_structural/ATLAS_ADMET_structural_assessment.csv,cmap_results,,68630,0.06545066833496094,6.391666829586029e-05,.csv
results/cmap/admet_structural/ATLAS_ADMET_structural_prioritized.csv,cmap_results,,47974,0.04575157165527344,4.4679269194602966e-05,.csv
results/cmap/safety_screening/ATLAS_CMap_safety_summary.csv,cmap_results,,236,0.000225067138671875,2.1979212760925293e-07,.csv
results/cmap/safety_screening/ATLAS_CMap_safety_manual_review.csv,cmap_results,,113040,0.1078033447265625,0.00010527670383453369,.csv
results/cmap/safety_screening/ATLAS_CMap_safety_screening.csv,cmap_results,,138410,0.13199806213378906,0.00012890435755252838,.csv
results/cmap/safety_screening/ATLAS_CMap_safety_metadata.json,cmap_results,,988,0.000942230224609375,9.201467037200928e-07,.json
results/cmap/safety_screening/ATLAS_CMap_safety_prioritized.csv,cmap_results,,70233,0.06697940826416016,6.54095783829689e-05,.csv
results/cmap/raw/cmap_6a92e7670262700013c4e5e9.tar.gz,cmap_results,,39787452,37.944271087646484,0.03705495223402977,.tar.gz
results/cmap/raw/cmap_6a92f7a00262700013c4e5f1.tar.gz,cmap_results,,39800836,37.957035064697266,0.03706741705536842,.tar.gz
results/cmap/raw/cmap_6a92f7a109168d001496ada7.tar.gz,cmap_results,,38392941,36.61436176300049,0.035756212659180164,.tar.gz
results/cmap/network_integration/ATLAS_target_network_scores.csv,cmap_results,,3617,0.0034494400024414062,3.368593752384186e-06,.csv
results/cmap/network_integration/ATLAS_network_summary.csv,cmap_results,,208,0.0001983642578125,1.9371509552001953e-07,.csv
results/cmap/network_integration/ATLAS_drug_network_prioritized.csv,cmap_results,,40210,0.03834724426269531,3.744848072528839e-05,.csv
results/cmap/network_integration/ATLAS_network_metadata.json,cmap_results,,1623,0.0015478134155273438,1.5115365386009216e-06,.json
results/cmap/network_integration/ATLAS_target_resistance_gene_links.csv,cmap_results,,2397,0.0022859573364257812,2.232380211353302e-06,.csv
results/cmap/network_integration/ATLAS_drug_target_network_edges.csv,cmap_results,,17655,0.016837120056152344,1.6442500054836273e-05,.csv
results/cmap/docking/ATLAS_docking_metadata.json,cmap_results,,1355,0.0012922286987304688,1.2619420886039734e-06,.json
results/cmap/docking/ATLAS_docking_results.csv,cmap_results,,1766,0.0016841888427734375,1.644715666770935e-06,.csv
results/cmap/docking/ATLAS_docking_summary.csv,cmap_results,,125,0.00011920928955078125,1.1641532182693481e-07,.csv
results/cmap/integrated_evidence/ATLAS_integrated_evidence_matrix.csv,cmap_results,,73913,0.07048892974853516,6.883684545755386e-05,.csv
results/cmap/integrated_evidence/ATLAS_experimental_validation_shortlist.csv,cmap_results,,18935,0.018057823181152344,1.7634592950344086e-05,.csv
results/cmap/integrated_evidence/ATLAS_integrated_evidence_summary.csv,cmap_results,,351,0.00033473968505859375,3.2689422369003296e-07,.csv
results/cmap/integrated_evidence/ATLAS_integrated_evidence_metadata.json,cmap_results,,1761,0.0016794204711914062,1.6400590538978577e-06,.json
results/cmap/final_prioritization/ATLAS_final_prioritization_metadata.json,cmap_results,,1625,0.0015497207641601562,1.5133991837501526e-06,.json
results/cmap/final_prioritization/ATLAS_final_candidate_prioritization.csv,cmap_results,,56363,0.05375194549560547,5.2492134273052216e-05,.csv
results/cmap/final_prioritization/ATLAS_deprioritized_candidates.csv,cmap_results,,15086,0.014387130737304688,1.4049932360649109e-05,.csv
results/cmap/final_prioritization/ATLAS_final_prioritization_summary.csv,cmap_results,,235,0.00022411346435546875,2.1886080503463745e-07,.csv
results/cmap/final_prioritization/ATLAS_docking_shortlist.csv,cmap_results,,11037,0.010525703430175781,1.0279007256031036e-05,.csv
results/cmap/regulatory_status/ATLAS_CMap_regulatory_annotations.csv,cmap_results,,1294397,1.2344331741333008,0.0012055011466145515,.csv
results/cmap/regulatory_status/ATLAS_CMap_regulatory_manual_review.csv,cmap_results,,1273925,1.214909553527832,0.0011864351108670235,.csv
results/cmap/regulatory_status/ATLAS_CMap_regulatory_summary.csv,cmap_results,,410,0.0003910064697265625,3.818422555923462e-07,.csv
results/cmap/regulatory_status/ATLAS_CMap_regulatory_metadata.json,cmap_results,,1367,0.0013036727905273438,1.2731179594993591e-06,.json
results/cmap/regulatory_status/ATLAS_CMap_regulatory_review_ready.csv,cmap_results,,899268,0.8576087951660156,0.0008375085890293121,.csv
results/cmap/regulatory_status/ATLAS_CMap_regulatory_partial.csv,cmap_results,,1294397,1.2344331741333008,0.0012055011466145515,.csv
results/cmap/regulatory_status/ATLAS_CMap_regulatory_http_cache.jsonl,cmap_results,,1814115,1.7300748825073242,0.0016895262524485588,.jsonl
results/cmap/regulatory_status/ATLAS_CMap_regulatory_checkpoint.jsonl,cmap_results,,1828449,1.7437448501586914,0.001702875830233097,.jsonl
results/cmap/drug_targets/ATLAS_CMap_drug_target_summary.csv,cmap_results,,243,0.00023174285888671875,2.2631138563156128e-07,.csv
results/cmap/drug_targets/ATLAS_CMap_drug_target_annotations.csv,cmap_results,,69562,0.06633949279785156,6.478466093540192e-05,.csv
results/cmap/drug_targets/ATLAS_CMap_drug_target_metadata.json,cmap_results,,829,0.0007905960083007812,7.720664143562317e-07,.json
results/cmap/drug_targets/ATLAS_CMap_drug_target_prioritized.csv,cmap_results,,65205,0.06218433380126953,6.0726888477802277e-05,.csv
results/cmap/drug_targets/ATLAS_CMap_drug_target_pairs.csv,cmap_results,,66943,0.0638418197631836,6.234552711248398e-05,.csv
results/cmap/parsed/ATLAS_CMap_consensus_candidates.csv,cmap_results,,121438,0.11581230163574219,0.00011309795081615448,.csv
results/cmap/parsed/TOP100_cmap_compound_summary.csv,cmap_results,,233868,0.22303390502929688,0.00021780654788017273,.csv
results/cmap/parsed/TOP100_cmap_compounds.csv,cmap_results,,7153121,6.821747779846191,0.006661863066256046,.csv
results/cmap/parsed/TOP100_cmap_top_negative_candidates.csv,cmap_results,,11557,0.011021614074707031,1.0763294994831085e-05,.csv
results/cmap/parsed/ATLAS_CMap_cross_signature_summary.csv,cmap_results,,96,9.1552734375e-05,8.940696716308594e-08,.csv
results/cmap/parsed/TOP100_cmap_preliminary_robust_candidates.csv,cmap_results,,68367,0.0651998519897461,6.367173045873642e-05,.csv
results/cmap/parsed/ATLAS_CMap_all_tau_long.csv,cmap_results,,2716064,2.590240478515625,0.002529531717300415,.csv
results/cmap/parsed/TOP100_cmap_negative_compounds.csv,cmap_results,,2089152,1.99237060546875,0.0019456744194030762,.csv
results/cmap/parsed/TOP100_cmap_summary.csv,cmap_results,,132,0.000125885009765625,1.2293457984924316e-07,.csv
results/cmap/parsed/TOP100_cmap_strong_negative_tau.csv,cmap_results,,1316,0.001255035400390625,1.2256205081939697e-06,.csv
results/cmap/parsed/ATLAS_CMap_strong_consensus.csv,cmap_results,,799,0.0007619857788085938,7.441267371177673e-07,.csv
results/cmap/parsed/ATLAS_CMap_compound_tau_long.csv,cmap_results,,895716,0.8542213439941406,0.000834200531244278,.csv
results/cmap/parsed/TOP100_cmap_connectivity_all.csv,cmap_results,,13231332,12.61838150024414,0.012322638183832169,.csv
results/cmap/parsed/TOP100_cmap_tau_all_perturbagens.csv,cmap_results,,526305,0.5019235610961914,0.0004901597276329994,.csv
results/cmap/parsed/ATLAS_CMap_cross_signature_tau.csv,cmap_results,,265459,0.2531614303588867,0.0002472279593348503,.csv
results/cmap/parsed/TOP100_cmap_negative_connectivity.csv,cmap_results,,3932182,3.750020980834961,0.0036621298640966415,.csv
results/cmap/parsed/TOP100_cmap_negative_tau_compounds.csv,cmap_results,,84420,0.08050918579101562,7.86222517490387e-05,.csv
results/cmap/parsed/TOP100_cmap_tau_summary.csv,cmap_results,,175,0.00016689300537109375,1.6298145055770874e-07,.csv
results/cmap/parsed/TOP100_cmap_tau_compounds.csv,cmap_results,,175749,0.16760730743408203,0.00016367901116609573,.csv
results/cmap/parsed/TOP100_cmap_compound_level_ranking.csv,cmap_results,,416963,0.3976469039916992,0.00038832705467939377,.csv
results/cmap/jobs/cmap_job_status_all.json,cmap_results,,834,0.0007953643798828125,7.767230272293091e-07,.json
results/cmap/jobs/cmap_download_manifest.json,cmap_results,,354,0.0003376007080078125,3.296881914138794e-07,.json
results/cmap/jobs/cmap_job_manifest.json,cmap_results,,757,0.0007219314575195312,7.050111889839172e-07,.json
results/cmap/drug_filter/ATLAS_CMap_research_compounds.csv,cmap_results,,93924,0.08957290649414062,8.74735414981842e-05,.csv
results/cmap/drug_filter/ATLAS_CMap_filter_summary.csv,cmap_results,,341,0.00032520294189453125,3.175809979438782e-07,.csv
results/cmap/drug_filter/ATLAS_CMap_manual_review.csv,cmap_results,,54497,0.051972389221191406,5.075428634881973e-05,.csv
results/cmap/drug_filter/ATLAS_CMap_filter_metadata.json,cmap_results,,410,0.0003910064697265625,3.818422555923462e-07,.json
results/cmap/drug_filter/ATLAS_CMap_compound_annotations.csv,cmap_results,,1846269,1.7607393264770508,0.001719471998512745,.csv
results/cmap/drug_filter/ATLAS_CMap_drug_candidates.csv,cmap_results,,732434,0.6985034942626953,0.0006821323186159134,.csv
results/cmap/safety_screening/cache/pubchem_hazard_cache.jsonl,cmap_results,,24344,0.02321624755859375,2.267211675643921e-05,.jsonl
results/cmap/safety_screening/cache/pubchem_structure_cache.csv,cmap_results,,16653,0.01588153839111328,1.5509314835071564e-05,.csv
results/cmap/safety_screening/cache/pubchem_assay_summary_cache.csv,cmap_results,,25708,0.024517059326171875,2.394244074821472e-05,.csv
results/cmap/raw/job_6a92f7a109168d001496ada7/my_analysis.sig_gutc_tool.6a92f7a109168d001496ada7/uptag.gmt,cmap_results,,899,0.0008573532104492188,8.372589945793152e-07,.gmt
results/cmap/raw/job_6a92f7a109168d001496ada7/my_analysis.sig_gutc_tool.6a92f7a109168d001496ada7/query_config.yaml,cmap_results,,1131,0.0010786056518554688,1.0533258318901062e-06,.yaml
results/cmap/raw/job_6a92f7a109168d001496ada7/my_analysis.sig_gutc_tool.6a92f7a109168d001496ada7/cs_n1x476251.gct,cmap_results,,71007405,67.71793842315674,0.066130799241364,.gct
results/cmap/raw/job_6a92f7a109168d001496ada7/my_analysis.sig_gutc_tool.6a92f7a109168d001496ada7/arfs/index.txt,cmap_results,,62,5.91278076171875e-05,5.774199962615967e-08,.txt
results/cmap/raw/job_6a92f7a109168d001496ada7/my_analysis.sig_gutc_tool.6a92f7a109168d001496ada7/arfs/ATLAS_SIG_A_TOP150/pert_id_cell.gct,cmap_results,,1858118,1.7720394134521484,0.0017305072396993637,.gct
results/cmap/raw/job_6a92f7a109168d001496ada7/my_analysis.sig_gutc_tool.6a92f7a109168d001496ada7/arfs/ATLAS_SIG_A_TOP150/query_info.txt,cmap_results,,62,5.91278076171875e-05,5.774199962615967e-08,.txt
results/cmap/raw/job_6a92f7a109168d001496ada7/my_analysis.sig_gutc_tool.6a92f7a109168d001496ada7/arfs/ATLAS_SIG_A_TOP150/pert_id_summary.gct,cmap_results,,175659,0.16752147674560547,0.00016359519213438034,.gct
results/cmap/raw/job_6a92f7a109168d001496ada7/my_analysis.sig_gutc_tool.6a92f7a109168d001496ada7/arfs/ATLAS_SIG_A_TOP150/pcl_summary.gct,cmap_results,,5534,0.0052776336669921875,5.153939127922058e-06,.gct
results/cmap/raw/job_6a92f7a109168d001496ada7/my_analysis.sig_gutc_tool.6a92f7a109168d001496ada7/arfs/ATLAS_SIG_A_TOP150/column_info.txt,cmap_results,,39,3.719329833984375e-05,3.632158041000366e-08,.txt
results/cmap/raw/job_6a92f7a109168d001496ada7/my_analysis.sig_gutc_tool.6a92f7a109168d001496ada7/arfs/ATLAS_SIG_A_TOP150/pcl_cell.gct,cmap_results,,55781,0.05319690704345703,5.195010453462601e-05,.gct
results/cmap/raw/job_6a92f7a109168d001496ada7/my_analysis.sig_gutc_tool.6a92f7a109168d001496ada7/matrices/query/cs_dn_n1x476251.gctx,cmap_results,,4683090,4.466142654418945,0.004361467435956001,.gctx
results/cmap/raw/job_6a92f7a109168d001496ada7/my_analysis.sig_gutc_tool.6a92f7a109168d001496ada7/matrices/query/cs_up_n1x476251.gctx,cmap_results,,4683090,4.466142654418945,0.004361467435956001,.gctx
results/cmap/raw/job_6a92f7a109168d001496ada7/my_analysis.sig_gutc_tool.6a92f7a109168d001496ada7/matrices/query/dn.gmt,cmap_results,,421,0.00040149688720703125,3.9208680391311646e-07,.gmt
results/cmap/raw/job_6a92f7a109168d001496ada7/my_analysis.sig_gutc_tool.6a92f7a109168d001496ada7/matrices/query/leadf_up_n1x476251.gctx,cmap_results,,4683090,4.466142654418945,0.004361467435956001,.gctx
results/cmap/raw/job_6a92f7a109168d001496ada7/my_analysis.sig_gutc_tool.6a92f7a109168d001496ada7/matrices/query/up.gmt,cmap_results,,401,0.00038242340087890625,3.734603524208069e-07,.gmt
results/cmap/raw/job_6a92f7a109168d001496ada7/my_analysis.sig_gutc_tool.6a92f7a109168d001496ada7/matrices/query/leadf_dn_n1x476251.gctx,cmap_results,,4683090,4.466142654418945,0.004361467435956001,.gctx
results/cmap/raw/job_6a92f7a109168d001496ada7/my_analysis.sig_gutc_tool.6a92f7a109168d001496ada7/matrices/query/cs_n1x476251.gctx,cmap_results,,4685458,4.468400955200195,0.004363672807812691,.gctx
results/cmap/raw/job_6a92f7a109168d001496ada7/my_analysis.sig_gutc_tool.6a92f7a109168d001496ada7/matrices/gutc/ps_pcl_cell.gctx,cmap_results,,39254,0.03743553161621094,3.6558136343955994e-05,.gctx
results/cmap/raw/job_6a92f7a109168d001496ada7/my_analysis.sig_gutc_tool.6a92f7a109168d001496ada7/matrices/gutc/ps_pert_summary.gctx,cmap_results,,180241,0.1718912124633789,0.00016786251217126846,.gctx
results/cmap/raw/job_6a92f7a109168d001496ada7/my_analysis.sig_gutc_tool.6a92f7a109168d001496ada7/matrices/gutc/ns_pert_cell.gctx,cmap_results,,1245873,1.188157081604004,0.00116030965000391,.gctx
results/cmap/raw/job_6a92f7a109168d001496ada7/my_analysis.sig_gutc_tool.6a92f7a109168d001496ada7/matrices/gutc/query_info.txt,cmap_results,,62,5.91278076171875e-05,5.774199962615967e-08,.txt
results/cmap/raw/job_6a92f7a109168d001496ada7/my_analysis.sig_gutc_tool.6a92f7a109168d001496ada7/matrices/gutc/cs_sig.gctx,cmap_results,,2632542,2.510587692260742,0.002451745793223381,.gctx
results/cmap/raw/job_6a92f7a109168d001496ada7/my_analysis.sig_gutc_tool.6a92f7a109168d001496ada7/matrices/gutc/ns_sig.gctx,cmap_results,,2632542,2.510587692260742,0.002451745793223381,.gctx
results/cmap/raw/job_6a92f7a109168d001496ada7/my_analysis.sig_gutc_tool.6a92f7a109168d001496ada7/matrices/gutc/ns_pcl_cell.gctx,cmap_results,,39254,0.03743553161621094,3.6558136343955994e-05,.gctx
results/cmap/raw/job_6a92f7a109168d001496ada7/my_analysis.sig_gutc_tool.6a92f7a109168d001496ada7/matrices/gutc/ns_pert_summary.gctx,cmap_results,,180241,0.1718912124633789,0.00016786251217126846,.gctx
results/cmap/raw/job_6a92f7a109168d001496ada7/my_analysis.sig_gutc_tool.6a92f7a109168d001496ada7/matrices/gutc/ps_pert_cell.gctx,cmap_results,,1245873,1.188157081604004,0.00116030965000391,.gctx
results/cmap/raw/job_6a92f7a109168d001496ada7/my_analysis.sig_gutc_tool.6a92f7a109168d001496ada7/matrices/gutc/ns_pcl_summary.gctx,cmap_results,,22484,0.021442413330078125,2.093985676765442e-05,.gctx
results/cmap/raw/job_6a92f7a109168d001496ada7/my_analysis.sig_gutc_tool.6a92f7a109168d001496ada7/matrices/gutc/ps_pcl_summary.gctx,cmap_results,,22484,0.021442413330078125,2.093985676765442e-05,.gctx
results/cmap/raw/job_6a92f7a00262700013c4e5f1/my_analysis.sig_gutc_tool.6a92f7a00262700013c4e5f1/uptag.gmt,cmap_results,,865,0.0008249282836914062,8.055940270423889e-07,.gmt
results/cmap/raw/job_6a92f7a00262700013c4e5f1/my_analysis.sig_gutc_tool.6a92f7a00262700013c4e5f1/query_config.yaml,cmap_results,,1131,0.0010786056518554688,1.0533258318901062e-06,.yaml
results/cmap/raw/job_6a92f7a00262700013c4e5f1/my_analysis.sig_gutc_tool.6a92f7a00262700013c4e5f1/cs_n1x476251.gct,cmap_results,,71058567,67.76673030853271,0.06617844756692648,.gct
results/cmap/raw/job_6a92f7a00262700013c4e5f1/my_analysis.sig_gutc_tool.6a92f7a00262700013c4e5f1/arfs/index.txt,cmap_results,,62,5.91278076171875e-05,5.774199962615967e-08,.txt
results/cmap/raw/job_6a92f7a00262700013c4e5f1/my_analysis.sig_gutc_tool.6a92f7a00262700013c4e5f1/arfs/ATLAS_SIG_B_TOP150/pert_id_cell.gct,cmap_results,,1889089,1.8015756607055664,0.0017593512311577797,.gct
results/cmap/raw/job_6a92f7a00262700013c4e5f1/my_analysis.sig_gutc_tool.6a92f7a00262700013c4e5f1/arfs/ATLAS_SIG_B_TOP150/query_info.txt,cmap_results,,62,5.91278076171875e-05,5.774199962615967e-08,.txt
results/cmap/raw/job_6a92f7a00262700013c4e5f1/my_analysis.sig_gutc_tool.6a92f7a00262700013c4e5f1/arfs/ATLAS_SIG_B_TOP150/pert_id_summary.gct,cmap_results,,181131,0.17273998260498047,0.00016869138926267624,.gct
results/cmap/raw/job_6a92f7a00262700013c4e5f1/my_analysis.sig_gutc_tool.6a92f7a00262700013c4e5f1/arfs/ATLAS_SIG_B_TOP150/pcl_summary.gct,cmap_results,,5584,0.0053253173828125,5.200505256652832e-06,.gct
results/cmap/raw/job_6a92f7a00262700013c4e5f1/my_analysis.sig_gutc_tool.6a92f7a00262700013c4e5f1/arfs/ATLAS_SIG_B_TOP150/column_info.txt,cmap_results,,39,3.719329833984375e-05,3.632158041000366e-08,.txt
results/cmap/raw/job_6a92f7a00262700013c4e5f1/my_analysis.sig_gutc_tool.6a92f7a00262700013c4e5f1/arfs/ATLAS_SIG_B_TOP150/pcl_cell.gct,cmap_results,,56456,0.05384063720703125,5.2578747272491455e-05,.gct
results/cmap/raw/job_6a92f7a00262700013c4e5f1/my_analysis.sig_gutc_tool.6a92f7a00262700013c4e5f1/matrices/query/cs_dn_n1x476251.gctx,cmap_results,,4683090,4.466142654418945,0.004361467435956001,.gctx
results/cmap/raw/job_6a92f7a00262700013c4e5f1/my_analysis.sig_gutc_tool.6a92f7a00262700013c4e5f1/matrices/query/cs_up_n1x476251.gctx,cmap_results,,4683090,4.466142654418945,0.004361467435956001,.gctx
results/cmap/raw/job_6a92f7a00262700013c4e5f1/my_analysis.sig_gutc_tool.6a92f7a00262700013c4e5f1/matrices/query/dn.gmt,cmap_results,,556,0.000530242919921875,5.178153514862061e-07,.gmt
results/cmap/raw/job_6a92f7a00262700013c4e5f1/my_analysis.sig_gutc_tool.6a92f7a00262700013c4e5f1/matrices/query/leadf_up_n1x476251.gctx,cmap_results,,4683090,4.466142654418945,0.004361467435956001,.gctx
results/cmap/raw/job_6a92f7a00262700013c4e5f1/my_analysis.sig_gutc_tool.6a92f7a00262700013c4e5f1/matrices/query/up.gmt,cmap_results,,577,0.0005502700805664062,5.373731255531311e-07,.gmt
results/cmap/raw/job_6a92f7a00262700013c4e5f1/my_analysis.sig_gutc_tool.6a92f7a00262700013c4e5f1/matrices/query/leadf_dn_n1x476251.gctx,cmap_results,,4683090,4.466142654418945,0.004361467435956001,.gctx
results/cmap/raw/job_6a92f7a00262700013c4e5f1/my_analysis.sig_gutc_tool.6a92f7a00262700013c4e5f1/matrices/query/cs_n1x476251.gctx,cmap_results,,4685458,4.468400955200195,0.004363672807812691,.gctx
results/cmap/raw/job_6a92f7a00262700013c4e5f1/my_analysis.sig_gutc_tool.6a92f7a00262700013c4e5f1/matrices/gutc/ps_pcl_cell.gctx,cmap_results,,39254,0.03743553161621094,3.6558136343955994e-05,.gctx
results/cmap/raw/job_6a92f7a00262700013c4e5f1/my_analysis.sig_gutc_tool.6a92f7a00262700013c4e5f1/matrices/gutc/ps_pert_summary.gctx,cmap_results,,180241,0.1718912124633789,0.00016786251217126846,.gctx
results/cmap/raw/job_6a92f7a00262700013c4e5f1/my_analysis.sig_gutc_tool.6a92f7a00262700013c4e5f1/matrices/gutc/ns_pert_cell.gctx,cmap_results,,1245873,1.188157081604004,0.00116030965000391,.gctx
results/cmap/raw/job_6a92f7a00262700013c4e5f1/my_analysis.sig_gutc_tool.6a92f7a00262700013c4e5f1/matrices/gutc/query_info.txt,cmap_results,,62,5.91278076171875e-05,5.774199962615967e-08,.txt
results/cmap/raw/job_6a92f7a00262700013c4e5f1/my_analysis.sig_gutc_tool.6a92f7a00262700013c4e5f1/matrices/gutc/cs_sig.gctx,cmap_results,,2632542,2.510587692260742,0.002451745793223381,.gctx
results/cmap/raw/job_6a92f7a00262700013c4e5f1/my_analysis.sig_gutc_tool.6a92f7a00262700013c4e5f1/matrices/gutc/ns_sig.gctx,cmap_results,,2632542,2.510587692260742,0.002451745793223381,.gctx
results/cmap/raw/job_6a92f7a00262700013c4e5f1/my_analysis.sig_gutc_tool.6a92f7a00262700013c4e5f1/matrices/gutc/ns_pcl_cell.gctx,cmap_results,,39254,0.03743553161621094,3.6558136343955994e-05,.gctx
results/cmap/raw/job_6a92f7a00262700013c4e5f1/my_analysis.sig_gutc_tool.6a92f7a00262700013c4e5f1/matrices/gutc/ns_pert_summary.gctx,cmap_results,,180241,0.1718912124633789,0.00016786251217126846,.gctx
results/cmap/raw/job_6a92f7a00262700013c4e5f1/my_analysis.sig_gutc_tool.6a92f7a00262700013c4e5f1/matrices/gutc/ps_pert_cell.gctx,cmap_results,,1245873,1.188157081604004,0.00116030965000391,.gctx
results/cmap/raw/job_6a92f7a00262700013c4e5f1/my_analysis.sig_gutc_tool.6a92f7a00262700013c4e5f1/matrices/gutc/ns_pcl_summary.gctx,cmap_results,,22484,0.021442413330078125,2.093985676765442e-05,.gctx
results/cmap/raw/job_6a92f7a00262700013c4e5f1/my_analysis.sig_gutc_tool.6a92f7a00262700013c4e5f1/matrices/gutc/ps_pcl_summary.gctx,cmap_results,,22484,0.021442413330078125,2.093985676765442e-05,.gctx
results/cmap/raw/job_6a92e7670262700013c4e5e9/my_analysis.sig_gutc_tool.6a92e7670262700013c4e5e9/uptag.gmt,cmap_results,,581,0.0005540847778320312,5.41098415851593e-07,.gmt
results/cmap/raw/job_6a92e7670262700013c4e5e9/my_analysis.sig_gutc_tool.6a92e7670262700013c4e5e9/query_config.yaml,cmap_results,,1119,0.0010671615600585938,1.0421499609947205e-06,.yaml
results/cmap/raw/job_6a92e7670262700013c4e5e9/my_analysis.sig_gutc_tool.6a92e7670262700013c4e5e9/cs_n1x476251.gct,cmap_results,,71062827,67.7707929611206,0.06618241500109434,.gct
results/cmap/raw/job_6a92e7670262700013c4e5e9/my_analysis.sig_gutc_tool.6a92e7670262700013c4e5e9/arfs/index.txt,cmap_results,,62,5.91278076171875e-05,5.774199962615967e-08,.txt
results/cmap/raw/job_6a92e7670262700013c4e5e9/my_analysis.sig_gutc_tool.6a92e7670262700013c4e5e9/arfs/ATLAS_SIG_B_TOP100/pert_id_cell.gct,cmap_results,,1890647,1.8030614852905273,0.0017608022317290306,.gct
results/cmap/raw/job_6a92e7670262700013c4e5e9/my_analysis.sig_gutc_tool.6a92e7670262700013c4e5e9/arfs/ATLAS_SIG_B_TOP100/query_info.txt,cmap_results,,62,5.91278076171875e-05,5.774199962615967e-08,.txt
results/cmap/raw/job_6a92e7670262700013c4e5e9/my_analysis.sig_gutc_tool.6a92e7670262700013c4e5e9/arfs/ATLAS_SIG_B_TOP100/pert_id_summary.gct,cmap_results,,181350,0.17294883728027344,0.00016889534890651703,.gct
results/cmap/raw/job_6a92e7670262700013c4e5e9/my_analysis.sig_gutc_tool.6a92e7670262700013c4e5e9/arfs/ATLAS_SIG_B_TOP100/pcl_summary.gct,cmap_results,,5606,0.0053462982177734375,5.2209943532943726e-06,.gct
results/cmap/raw/job_6a92e7670262700013c4e5e9/my_analysis.sig_gutc_tool.6a92e7670262700013c4e5e9/arfs/ATLAS_SIG_B_TOP100/column_info.txt,cmap_results,,39,3.719329833984375e-05,3.632158041000366e-08,.txt
results/cmap/raw/job_6a92e7670262700013c4e5e9/my_analysis.sig_gutc_tool.6a92e7670262700013c4e5e9/arfs/ATLAS_SIG_B_TOP100/pcl_cell.gct,cmap_results,,56461,0.05384540557861328,5.258340388536453e-05,.gct
results/cmap/raw/job_6a92e7670262700013c4e5e9/my_analysis.sig_gutc_tool.6a92e7670262700013c4e5e9/matrices/query/cs_dn_n1x476251.gctx,cmap_results,,4683090,4.466142654418945,0.004361467435956001,.gctx
results/cmap/raw/job_6a92e7670262700013c4e5e9/my_analysis.sig_gutc_tool.6a92e7670262700013c4e5e9/matrices/query/cs_up_n1x476251.gctx,cmap_results,,4683090,4.466142654418945,0.004361467435956001,.gctx
results/cmap/raw/job_6a92e7670262700013c4e5e9/my_analysis.sig_gutc_tool.6a92e7670262700013c4e5e9/matrices/query/dn.gmt,cmap_results,,382,0.0003643035888671875,3.557652235031128e-07,.gmt
results/cmap/raw/job_6a92e7670262700013c4e5e9/my_analysis.sig_gutc_tool.6a92e7670262700013c4e5e9/matrices/query/leadf_up_n1x476251.gctx,cmap_results,,4683090,4.466142654418945,0.004361467435956001,.gctx
results/cmap/raw/job_6a92e7670262700013c4e5e9/my_analysis.sig_gutc_tool.6a92e7670262700013c4e5e9/matrices/query/up.gmt,cmap_results,,377,0.00035953521728515625,3.511086106300354e-07,.gmt
results/cmap/raw/job_6a92e7670262700013c4e5e9/my_analysis.sig_gutc_tool.6a92e7670262700013c4e5e9/matrices/query/leadf_dn_n1x476251.gctx,cmap_results,,4683090,4.466142654418945,0.004361467435956001,.gctx
results/cmap/raw/job_6a92e7670262700013c4e5e9/my_analysis.sig_gutc_tool.6a92e7670262700013c4e5e9/matrices/query/cs_n1x476251.gctx,cmap_results,,4685458,4.468400955200195,0.004363672807812691,.gctx
results/cmap/raw/job_6a92e7670262700013c4e5e9/my_analysis.sig_gutc_tool.6a92e7670262700013c4e5e9/matrices/gutc/ps_pcl_cell.gctx,cmap_results,,39254,0.03743553161621094,3.6558136343955994e-05,.gctx
results/cmap/raw/job_6a92e7670262700013c4e5e9/my_analysis.sig_gutc_tool.6a92e7670262700013c4e5e9/matrices/gutc/ps_pert_summary.gctx,cmap_results,,180241,0.1718912124633789,0.00016786251217126846,.gctx
results/cmap/raw/job_6a92e7670262700013c4e5e9/my_analysis.sig_gutc_tool.6a92e7670262700013c4e5e9/matrices/gutc/ns_pert_cell.gctx,cmap_results,,1245873,1.188157081604004,0.00116030965000391,.gctx
results/cmap/raw/job_6a92e7670262700013c4e5e9/my_analysis.sig_gutc_tool.6a92e7670262700013c4e5e9/matrices/gutc/query_info.txt,cmap_results,,62,5.91278076171875e-05,5.774199962615967e-08,.txt
results/cmap/raw/job_6a92e7670262700013c4e5e9/my_analysis.sig_gutc_tool.6a92e7670262700013c4e5e9/matrices/gutc/cs_sig.gctx,cmap_results,,2632542,2.510587692260742,0.002451745793223381,.gctx
results/cmap/raw/job_6a92e7670262700013c4e5e9/my_analysis.sig_gutc_tool.6a92e7670262700013c4e5e9/matrices/gutc/ns_sig.gctx,cmap_results,,2632542,2.510587692260742,0.002451745793223381,.gctx
results/cmap/raw/job_6a92e7670262700013c4e5e9/my_analysis.sig_gutc_tool.6a92e7670262700013c4e5e9/matrices/gutc/ns_pcl_cell.gctx,cmap_results,,39254,0.03743553161621094,3.6558136343955994e-05,.gctx
results/cmap/raw/job_6a92e7670262700013c4e5e9/my_analysis.sig_gutc_tool.6a92e7670262700013c4e5e9/matrices/gutc/ns_pert_summary.gctx,cmap_results,,180241,0.1718912124633789,0.00016786251217126846,.gctx
results/cmap/raw/job_6a92e7670262700013c4e5e9/my_analysis.sig_gutc_tool.6a92e7670262700013c4e5e9/matrices/gutc/ps_pert_cell.gctx,cmap_results,,1245873,1.188157081604004,0.00116030965000391,.gctx
results/cmap/raw/job_6a92e7670262700013c4e5e9/my_analysis.sig_gutc_tool.6a92e7670262700013c4e5e9/matrices/gutc/ns_pcl_summary.gctx,cmap_results,,22484,0.021442413330078125,2.093985676765442e-05,.gctx
results/cmap/raw/job_6a92e7670262700013c4e5e9/my_analysis.sig_gutc_tool.6a92e7670262700013c4e5e9/matrices/gutc/ps_pcl_summary.gctx,cmap_results,,22484,0.021442413330078125,2.093985676765442e-05,.gctx
results/cmap/network_integration/cache/string_network_cache.jsonl,cmap_results,,208127,0.1984853744506836,0.0001938333734869957,.jsonl
results/cmap/network_integration/cache/string_identifier_cache.jsonl,cmap_results,,282572,0.2694816589355469,0.000263165682554245,.jsonl
results/cmap/docking/02_clofibrate_CYP3A4_3NXU/reference_ligand.pdbqt,cmap_results,,5496,0.00524139404296875,5.11854887008667e-06,.pdbqt
results/cmap/docking/02_clofibrate_CYP3A4_3NXU/reference_prepared.sdf,cmap_results,,8178,0.0077991485595703125,7.616356015205383e-06,.sdf
results/cmap/docking/02_clofibrate_CYP3A4_3NXU/candidate_docked.pdbqt,cmap_results,,16740,0.015964508056640625,1.559033989906311e-05,.pdbqt
results/cmap/docking/02_clofibrate_CYP3A4_3NXU/ligand_prep.log,cmap_results,,135,0.00012874603271484375,1.257285475730896e-07,.log
results/cmap/docking/02_clofibrate_CYP3A4_3NXU/candidate_pubchem.sdf,cmap_results,,5144,0.00490570068359375,4.7907233238220215e-06,.sdf
results/cmap/docking/02_clofibrate_CYP3A4_3NXU/reference_RIT.pdb,cmap_results,,4054,0.0038661956787109375,3.77558171749115e-06,.pdb
results/cmap/docking/02_clofibrate_CYP3A4_3NXU/reference_redocked.pdbqt,cmap_results,,5715,0.005450248718261719,5.32250851392746e-06,.pdbqt
results/cmap/docking/02_clofibrate_CYP3A4_3NXU/vina_modes.csv,cmap_results,,103,9.822845458984375e-05,9.592622518539429e-08,.csv
results/cmap/docking/02_clofibrate_CYP3A4_3NXU/reference_crystal.sdf,cmap_results,,9069,0.008648872375488281,8.446164429187775e-06,.sdf
results/cmap/docking/02_clofibrate_CYP3A4_3NXU/candidate_prepared.sdf,cmap_results,,5019,0.004786491394042969,4.674308001995087e-06,.sdf
results/cmap/docking/02_clofibrate_CYP3A4_3NXU/receptor.pdbqt,cmap_results,,720038,0.6866817474365234,0.0006705876439809799,.pdbqt
results/cmap/docking/02_clofibrate_CYP3A4_3NXU/receptor_clean.pdb,cmap_results,,301405,0.2874422073364258,0.0002807052806019783,.pdb
results/cmap/docking/02_clofibrate_CYP3A4_3NXU/receptor.openbabel_raw.pdbqt,cmap_results,,782713,0.7464532852172852,0.000728958286345005,.openbabel_raw.pdbqt
results/cmap/docking/02_clofibrate_CYP3A4_3NXU/candidate.pdbqt,cmap_results,,1641,0.0015649795532226562,1.5283003449440002e-06,.pdbqt
results/cmap/docking/02_clofibrate_CYP3A4_3NXU/reference_redocked.sdf,cmap_results,,5914,0.0056400299072265625,5.50784170627594e-06,.sdf
results/cmap/docking/02_clofibrate_CYP3A4_3NXU/3NXU.pdb,cmap_results,,718065,0.6848001480102539,0.0006687501445412636,.pdb
results/cmap/docking/02_clofibrate_CYP3A4_3NXU/vina.log,cmap_results,,746,0.0007114410400390625,6.94766640663147e-07,.log
results/cmap/docking/02_clofibrate_CYP3A4_3NXU/receptor_prep.log,cmap_results,,129,0.00012302398681640625,1.2014061212539673e-07,.log
results/cmap/docking/01_clofibrate_CYP3A4_3NXU/reference_ligand.pdbqt,cmap_results,,5496,0.00524139404296875,5.11854887008667e-06,.pdbqt
results/cmap/docking/01_clofibrate_CYP3A4_3NXU/reference_prepared.sdf,cmap_results,,8178,0.0077991485595703125,7.616356015205383e-06,.sdf
results/cmap/docking/01_clofibrate_CYP3A4_3NXU/candidate_docked.pdbqt,cmap_results,,16740,0.015964508056640625,1.559033989906311e-05,.pdbqt
results/cmap/docking/01_clofibrate_CYP3A4_3NXU/ligand_prep.log,cmap_results,,135,0.00012874603271484375,1.257285475730896e-07,.log
results/cmap/docking/01_clofibrate_CYP3A4_3NXU/candidate_pubchem.sdf,cmap_results,,5144,0.00490570068359375,4.7907233238220215e-06,.sdf
results/cmap/docking/01_clofibrate_CYP3A4_3NXU/reference_RIT.pdb,cmap_results,,4054,0.0038661956787109375,3.77558171749115e-06,.pdb
results/cmap/docking/01_clofibrate_CYP3A4_3NXU/reference_redocked.pdbqt,cmap_results,,5715,0.005450248718261719,5.32250851392746e-06,.pdbqt
results/cmap/docking/01_clofibrate_CYP3A4_3NXU/vina_modes.csv,cmap_results,,103,9.822845458984375e-05,9.592622518539429e-08,.csv
results/cmap/docking/01_clofibrate_CYP3A4_3NXU/reference_crystal.sdf,cmap_results,,9069,0.008648872375488281,8.446164429187775e-06,.sdf
results/cmap/docking/01_clofibrate_CYP3A4_3NXU/candidate_prepared.sdf,cmap_results,,5019,0.004786491394042969,4.674308001995087e-06,.sdf
results/cmap/docking/01_clofibrate_CYP3A4_3NXU/receptor.pdbqt,cmap_results,,720038,0.6866817474365234,0.0006705876439809799,.pdbqt
results/cmap/docking/01_clofibrate_CYP3A4_3NXU/receptor_clean.pdb,cmap_results,,301405,0.2874422073364258,0.0002807052806019783,.pdb
results/cmap/docking/01_clofibrate_CYP3A4_3NXU/receptor.openbabel_raw.pdbqt,cmap_results,,782713,0.7464532852172852,0.000728958286345005,.openbabel_raw.pdbqt
results/cmap/docking/01_clofibrate_CYP3A4_3NXU/candidate.pdbqt,cmap_results,,1641,0.0015649795532226562,1.5283003449440002e-06,.pdbqt
results/cmap/docking/01_clofibrate_CYP3A4_3NXU/reference_redocked.sdf,cmap_results,,5914,0.0056400299072265625,5.50784170627594e-06,.sdf
results/cmap/docking/01_clofibrate_CYP3A4_3NXU/3NXU.pdb,cmap_results,,718065,0.6848001480102539,0.0006687501445412636,.pdb
results/cmap/docking/01_clofibrate_CYP3A4_3NXU/vina.log,cmap_results,,744,0.00070953369140625,6.92903995513916e-07,.log
results/cmap/docking/01_clofibrate_CYP3A4_3NXU/receptor_prep.log,cmap_results,,129,0.00012302398681640625,1.2014061212539673e-07,.log
results/cmap/docking/03_sitagliptin_DPP4_1X70/reference_ligand.pdbqt,cmap_results,,2953,0.0028162002563476562,2.750195562839508e-06,.pdbqt
results/cmap/docking/03_sitagliptin_DPP4_1X70/reference_prepared.sdf,cmap_results,,3765,0.0035905838012695312,3.5064294934272766e-06,.sdf
results/cmap/docking/03_sitagliptin_DPP4_1X70/candidate_docked.pdbqt,cmap_results,,28548,0.027225494384765625,2.658739686012268e-05,.pdbqt
results/cmap/docking/03_sitagliptin_DPP4_1X70/ligand_prep.log,cmap_results,,135,0.00012874603271484375,1.257285475730896e-07,.log
results/cmap/docking/03_sitagliptin_DPP4_1X70/candidate_pubchem.sdf,cmap_results,,8450,0.008058547973632812,7.869675755500793e-06,.sdf
results/cmap/docking/03_sitagliptin_DPP4_1X70/1X70.pdb,cmap_results,,1184382,1.1295146942138672,0.0011030416935682297,.pdb
results/cmap/docking/03_sitagliptin_DPP4_1X70/reference_redocked.pdbqt,cmap_results,,3172,0.003025054931640625,2.954155206680298e-06,.pdbqt
results/cmap/docking/03_sitagliptin_DPP4_1X70/vina_modes.csv,cmap_results,,102,9.72747802734375e-05,9.499490261077881e-08,.csv
results/cmap/docking/03_sitagliptin_DPP4_1X70/reference_crystal.sdf,cmap_results,,4170,0.0039768218994140625,3.883615136146545e-06,.sdf
results/cmap/docking/03_sitagliptin_DPP4_1X70/candidate_prepared.sdf,cmap_results,,8199,0.007819175720214844,7.635913789272308e-06,.sdf
results/cmap/docking/03_sitagliptin_DPP4_1X70/reference_715.pdb,cmap_results,,2272,0.002166748046875,2.115964889526367e-06,.pdb
results/cmap/docking/03_sitagliptin_DPP4_1X70/receptor.pdbqt,cmap_results,,5356164,5.108036041259766,0.00498831644654274,.pdbqt
results/cmap/docking/03_sitagliptin_DPP4_1X70/receptor_clean.pdb,cmap_results,,484708,0.4622535705566406,0.00045141950249671936,.pdb
results/cmap/docking/03_sitagliptin_DPP4_1X70/receptor.openbabel_raw.pdbqt,cmap_results,,5445752,5.193473815917969,0.005071751773357391,.openbabel_raw.pdbqt
results/cmap/docking/03_sitagliptin_DPP4_1X70/candidate.pdbqt,cmap_results,,2953,0.0028162002563476562,2.750195562839508e-06,.pdbqt
results/cmap/docking/03_sitagliptin_DPP4_1X70/reference_redocked.sdf,cmap_results,,3468,0.003307342529296875,3.2298266887664795e-06,.sdf
results/cmap/docking/03_sitagliptin_DPP4_1X70/vina.log,cmap_results,,735,0.0007009506225585938,6.845220923423767e-07,.log
results/cmap/docking/03_sitagliptin_DPP4_1X70/receptor_prep.log,cmap_results,,1639,0.0015630722045898438,1.5264376997947693e-06,.log
results/cmap/docking/02_sitagliptin_DPP4_1X70/reference_ligand.pdbqt,cmap_results,,2953,0.0028162002563476562,2.750195562839508e-06,.pdbqt
results/cmap/docking/02_sitagliptin_DPP4_1X70/reference_prepared.sdf,cmap_results,,3765,0.0035905838012695312,3.5064294934272766e-06,.sdf
results/cmap/docking/02_sitagliptin_DPP4_1X70/candidate_docked.pdbqt,cmap_results,,28548,0.027225494384765625,2.658739686012268e-05,.pdbqt
results/cmap/docking/02_sitagliptin_DPP4_1X70/ligand_prep.log,cmap_results,,135,0.00012874603271484375,1.257285475730896e-07,.log
results/cmap/docking/02_sitagliptin_DPP4_1X70/candidate_pubchem.sdf,cmap_results,,8450,0.008058547973632812,7.869675755500793e-06,.sdf
results/cmap/docking/02_sitagliptin_DPP4_1X70/1X70.pdb,cmap_results,,1184382,1.1295146942138672,0.0011030416935682297,.pdb
results/cmap/docking/02_sitagliptin_DPP4_1X70/reference_redocked.pdbqt,cmap_results,,3172,0.003025054931640625,2.954155206680298e-06,.pdbqt
results/cmap/docking/02_sitagliptin_DPP4_1X70/vina_modes.csv,cmap_results,,103,9.822845458984375e-05,9.592622518539429e-08,.csv
results/cmap/docking/02_sitagliptin_DPP4_1X70/reference_crystal.sdf,cmap_results,,4170,0.0039768218994140625,3.883615136146545e-06,.sdf
results/cmap/docking/02_sitagliptin_DPP4_1X70/candidate_prepared.sdf,cmap_results,,8199,0.007819175720214844,7.635913789272308e-06,.sdf
results/cmap/docking/02_sitagliptin_DPP4_1X70/reference_715.pdb,cmap_results,,2272,0.002166748046875,2.115964889526367e-06,.pdb
results/cmap/docking/02_sitagliptin_DPP4_1X70/receptor.pdbqt,cmap_results,,5356164,5.108036041259766,0.00498831644654274,.pdbqt
results/cmap/docking/02_sitagliptin_DPP4_1X70/receptor_clean.pdb,cmap_results,,484708,0.4622535705566406,0.00045141950249671936,.pdb
results/cmap/docking/02_sitagliptin_DPP4_1X70/receptor.openbabel_raw.pdbqt,cmap_results,,5445752,5.193473815917969,0.005071751773357391,.openbabel_raw.pdbqt
results/cmap/docking/02_sitagliptin_DPP4_1X70/candidate.pdbqt,cmap_results,,2953,0.0028162002563476562,2.750195562839508e-06,.pdbqt
results/cmap/docking/02_sitagliptin_DPP4_1X70/reference_redocked.sdf,cmap_results,,3468,0.003307342529296875,3.2298266887664795e-06,.sdf
results/cmap/docking/02_sitagliptin_DPP4_1X70/vina.log,cmap_results,,735,0.0007009506225585938,6.845220923423767e-07,.log
results/cmap/docking/02_sitagliptin_DPP4_1X70/receptor_prep.log,cmap_results,,1639,0.0015630722045898438,1.5264376997947693e-06,.log
results/cmap/drug_targets/cache/chembl_activity_cache.jsonl,cmap_results,,62719,0.059813499450683594,5.84116205573082e-05,.jsonl
results/cmap/drug_targets/cache/chembl_molecule_cache.jsonl,cmap_results,,23406,0.022321701049804688,2.179853618144989e-05,.jsonl
results/cmap/drug_targets/cache/chembl_target_cache.jsonl,cmap_results,,149872,0.1429290771484375,0.000139579176902771,.jsonl
